mode: set
github.com/piplabs/story/client/x/dkg/types/codec.go:8.62,10.2 1 0
github.com/piplabs/story/client/x/dkg/types/dkg.go:24.35,25.11 1 0
github.com/piplabs/story/client/x/dkg/types/dkg.go:26.20,27.19 1 0
github.com/piplabs/story/client/x/dkg/types/dkg.go:28.25,29.24 1 0
github.com/piplabs/story/client/x/dkg/types/dkg.go:30.24,31.23 1 0
github.com/piplabs/story/client/x/dkg/types/dkg.go:32.20,33.19 1 0
github.com/piplabs/story/client/x/dkg/types/dkg.go:34.22,35.21 1 0
github.com/piplabs/story/client/x/dkg/types/dkg.go:36.22,37.21 1 0
github.com/piplabs/story/client/x/dkg/types/dkg.go:38.19,39.18 1 0
github.com/piplabs/story/client/x/dkg/types/dkg.go:40.10,41.42 1 0
github.com/piplabs/story/client/x/dkg/types/dkg.go:91.113,110.2 2 0
github.com/piplabs/story/client/x/dkg/types/dkg.go:113.55,118.2 3 0
github.com/piplabs/story/client/x/dkg/types/dkg.go:121.45,126.2 3 0
github.com/piplabs/story/client/x/dkg/types/dkg.go:129.50,135.2 4 0
github.com/piplabs/story/client/x/dkg/types/dkg.go:138.60,144.2 4 0
github.com/piplabs/story/client/x/dkg/types/dkg.go:147.60,155.2 5 0
github.com/piplabs/story/client/x/dkg/types/dkg.go:158.69,164.2 4 0
github.com/piplabs/story/client/x/dkg/types/event.pb.go:60.36,62.2 1 0
github.com/piplabs/story/client/x/dkg/types/event.pb.go:64.51,66.2 1 0
github.com/piplabs/story/client/x/dkg/types/event.pb.go:74.52,74.87 1 0
github.com/piplabs/story/client/x/dkg/types/event.pb.go:75.52,75.89 1 0
github.com/piplabs/story/client/x/dkg/types/event.pb.go:76.53,76.54 0 0
github.com/piplabs/story/client/x/dkg/types/event.pb.go:77.63,79.2 1 0
github.com/piplabs/story/client/x/dkg/types/event.pb.go:80.66,82.2 1 0
github.com/piplabs/story/client/x/dkg/types/event.pb.go:83.94,84.19 1 0
github.com/piplabs/story/client/x/dkg/types/event.pb.go:84.19,86.3 1 0
github.com/piplabs/story/client/x/dkg/types/event.pb.go:86.8,89.17 3 0
github.com/piplabs/story/client/x/dkg/types/event.pb.go:89.17,91.4 1 0
github.com/piplabs/story/client/x/dkg/types/event.pb.go:92.3,92.20 1 0
github.com/piplabs/story/client/x/dkg/types/event.pb.go:95.65,97.2 1 0
github.com/piplabs/story/client/x/dkg/types/event.pb.go:98.51,100.2 1 0
github.com/piplabs/story/client/x/dkg/types/event.pb.go:101.57,103.2 1 0
github.com/piplabs/story/client/x/dkg/types/event.pb.go:107.54,108.14 1 0
github.com/piplabs/story/client/x/dkg/types/event.pb.go:108.14,110.3 1 0
github.com/piplabs/story/client/x/dkg/types/event.pb.go:111.2,111.10 1 0
github.com/piplabs/story/client/x/dkg/types/event.pb.go:114.65,115.14 1 0
github.com/piplabs/story/client/x/dkg/types/event.pb.go:115.14,117.3 1 0
github.com/piplabs/story/client/x/dkg/types/event.pb.go:118.2,118.10 1 0
github.com/piplabs/story/client/x/dkg/types/event.pb.go:121.67,122.14 1 0
github.com/piplabs/story/client/x/dkg/types/event.pb.go:122.14,124.3 1 0
github.com/piplabs/story/client/x/dkg/types/event.pb.go:125.2,125.12 1 0
github.com/piplabs/story/client/x/dkg/types/event.pb.go:132.45,132.73 1 0
github.com/piplabs/story/client/x/dkg/types/event.pb.go:133.45,133.82 1 0
github.com/piplabs/story/client/x/dkg/types/event.pb.go:134.46,134.47 0 0
github.com/piplabs/story/client/x/dkg/types/event.pb.go:135.56,137.2 1 0
github.com/piplabs/story/client/x/dkg/types/event.pb.go:138.59,140.2 1 0
github.com/piplabs/story/client/x/dkg/types/event.pb.go:141.87,142.19 1 0
github.com/piplabs/story/client/x/dkg/types/event.pb.go:142.19,144.3 1 0
github.com/piplabs/story/client/x/dkg/types/event.pb.go:144.8,147.17 3 0
github.com/piplabs/story/client/x/dkg/types/event.pb.go:147.17,149.4 1 0
github.com/piplabs/story/client/x/dkg/types/event.pb.go:150.3,150.20 1 0
github.com/piplabs/story/client/x/dkg/types/event.pb.go:153.58,155.2 1 0
github.com/piplabs/story/client/x/dkg/types/event.pb.go:156.44,158.2 1 0
github.com/piplabs/story/client/x/dkg/types/event.pb.go:159.50,161.2 1 0
github.com/piplabs/story/client/x/dkg/types/event.pb.go:165.47,166.14 1 0
github.com/piplabs/story/client/x/dkg/types/event.pb.go:166.14,168.3 1 0
github.com/piplabs/story/client/x/dkg/types/event.pb.go:169.2,169.10 1 0
github.com/piplabs/story/client/x/dkg/types/event.pb.go:177.50,177.83 1 0
github.com/piplabs/story/client/x/dkg/types/event.pb.go:178.50,178.87 1 0
github.com/piplabs/story/client/x/dkg/types/event.pb.go:179.51,179.52 0 0
github.com/piplabs/story/client/x/dkg/types/event.pb.go:180.61,182.2 1 0
github.com/piplabs/story/client/x/dkg/types/event.pb.go:183.64,185.2 1 0
github.com/piplabs/story/client/x/dkg/types/event.pb.go:186.92,187.19 1 0
github.com/piplabs/story/client/x/dkg/types/event.pb.go:187.19,189.3 1 0
github.com/piplabs/story/client/x/dkg/types/event.pb.go:189.8,192.17 3 0
github.com/piplabs/story/client/x/dkg/types/event.pb.go:192.17,194.4 1 0
github.com/piplabs/story/client/x/dkg/types/event.pb.go:195.3,195.20 1 0
github.com/piplabs/story/client/x/dkg/types/event.pb.go:198.63,200.2 1 0
github.com/piplabs/story/client/x/dkg/types/event.pb.go:201.49,203.2 1 0
github.com/piplabs/story/client/x/dkg/types/event.pb.go:204.55,206.2 1 0
github.com/piplabs/story/client/x/dkg/types/event.pb.go:210.52,211.14 1 0
github.com/piplabs/story/client/x/dkg/types/event.pb.go:211.14,213.3 1 0
github.com/piplabs/story/client/x/dkg/types/event.pb.go:214.2,214.10 1 0
github.com/piplabs/story/client/x/dkg/types/event.pb.go:217.55,218.14 1 0
github.com/piplabs/story/client/x/dkg/types/event.pb.go:218.14,220.3 1 0
github.com/piplabs/story/client/x/dkg/types/event.pb.go:221.2,221.10 1 0
github.com/piplabs/story/client/x/dkg/types/event.pb.go:229.54,229.91 1 0
github.com/piplabs/story/client/x/dkg/types/event.pb.go:230.54,230.91 1 0
github.com/piplabs/story/client/x/dkg/types/event.pb.go:231.55,231.56 0 0
github.com/piplabs/story/client/x/dkg/types/event.pb.go:232.65,234.2 1 0
github.com/piplabs/story/client/x/dkg/types/event.pb.go:235.68,237.2 1 0
github.com/piplabs/story/client/x/dkg/types/event.pb.go:238.96,239.19 1 0
github.com/piplabs/story/client/x/dkg/types/event.pb.go:239.19,241.3 1 0
github.com/piplabs/story/client/x/dkg/types/event.pb.go:241.8,244.17 3 0
github.com/piplabs/story/client/x/dkg/types/event.pb.go:244.17,246.4 1 0
github.com/piplabs/story/client/x/dkg/types/event.pb.go:247.3,247.20 1 0
github.com/piplabs/story/client/x/dkg/types/event.pb.go:250.67,252.2 1 0
github.com/piplabs/story/client/x/dkg/types/event.pb.go:253.53,255.2 1 0
github.com/piplabs/story/client/x/dkg/types/event.pb.go:256.59,258.2 1 0
github.com/piplabs/story/client/x/dkg/types/event.pb.go:262.56,263.14 1 0
github.com/piplabs/story/client/x/dkg/types/event.pb.go:263.14,265.3 1 0
github.com/piplabs/story/client/x/dkg/types/event.pb.go:266.2,266.10 1 0
github.com/piplabs/story/client/x/dkg/types/event.pb.go:269.63,270.14 1 0
github.com/piplabs/story/client/x/dkg/types/event.pb.go:270.14,272.3 1 0
github.com/piplabs/story/client/x/dkg/types/event.pb.go:273.2,273.10 1 0
github.com/piplabs/story/client/x/dkg/types/event.pb.go:281.59,281.101 1 0
github.com/piplabs/story/client/x/dkg/types/event.pb.go:282.59,282.96 1 0
github.com/piplabs/story/client/x/dkg/types/event.pb.go:283.60,283.61 0 0
github.com/piplabs/story/client/x/dkg/types/event.pb.go:284.70,286.2 1 0
github.com/piplabs/story/client/x/dkg/types/event.pb.go:287.73,289.2 1 0
github.com/piplabs/story/client/x/dkg/types/event.pb.go:290.101,291.19 1 0
github.com/piplabs/story/client/x/dkg/types/event.pb.go:291.19,293.3 1 0
github.com/piplabs/story/client/x/dkg/types/event.pb.go:293.8,296.17 3 0
github.com/piplabs/story/client/x/dkg/types/event.pb.go:296.17,298.4 1 0
github.com/piplabs/story/client/x/dkg/types/event.pb.go:299.3,299.20 1 0
github.com/piplabs/story/client/x/dkg/types/event.pb.go:302.72,304.2 1 0
github.com/piplabs/story/client/x/dkg/types/event.pb.go:305.58,307.2 1 0
github.com/piplabs/story/client/x/dkg/types/event.pb.go:308.64,310.2 1 0
github.com/piplabs/story/client/x/dkg/types/event.pb.go:314.61,315.14 1 0
github.com/piplabs/story/client/x/dkg/types/event.pb.go:315.14,317.3 1 0
github.com/piplabs/story/client/x/dkg/types/event.pb.go:318.2,318.10 1 0
github.com/piplabs/story/client/x/dkg/types/event.pb.go:321.73,322.14 1 0
github.com/piplabs/story/client/x/dkg/types/event.pb.go:322.14,324.3 1 0
github.com/piplabs/story/client/x/dkg/types/event.pb.go:325.2,325.10 1 0
github.com/piplabs/story/client/x/dkg/types/event.pb.go:332.50,332.83 1 0
github.com/piplabs/story/client/x/dkg/types/event.pb.go:333.50,333.87 1 0
github.com/piplabs/story/client/x/dkg/types/event.pb.go:334.51,334.52 0 0
github.com/piplabs/story/client/x/dkg/types/event.pb.go:335.61,337.2 1 0
github.com/piplabs/story/client/x/dkg/types/event.pb.go:338.64,340.2 1 0
github.com/piplabs/story/client/x/dkg/types/event.pb.go:341.92,342.19 1 0
github.com/piplabs/story/client/x/dkg/types/event.pb.go:342.19,344.3 1 0
github.com/piplabs/story/client/x/dkg/types/event.pb.go:344.8,347.17 3 0
github.com/piplabs/story/client/x/dkg/types/event.pb.go:347.17,349.4 1 0
github.com/piplabs/story/client/x/dkg/types/event.pb.go:350.3,350.20 1 0
github.com/piplabs/story/client/x/dkg/types/event.pb.go:353.63,355.2 1 0
github.com/piplabs/story/client/x/dkg/types/event.pb.go:356.49,358.2 1 0
github.com/piplabs/story/client/x/dkg/types/event.pb.go:359.55,361.2 1 0
github.com/piplabs/story/client/x/dkg/types/event.pb.go:365.52,366.14 1 0
github.com/piplabs/story/client/x/dkg/types/event.pb.go:366.14,368.3 1 0
github.com/piplabs/story/client/x/dkg/types/event.pb.go:369.2,369.10 1 0
github.com/piplabs/story/client/x/dkg/types/event.pb.go:376.45,376.73 1 0
github.com/piplabs/story/client/x/dkg/types/event.pb.go:377.45,377.82 1 0
github.com/piplabs/story/client/x/dkg/types/event.pb.go:378.46,378.47 0 0
github.com/piplabs/story/client/x/dkg/types/event.pb.go:379.56,381.2 1 0
github.com/piplabs/story/client/x/dkg/types/event.pb.go:382.59,384.2 1 0
github.com/piplabs/story/client/x/dkg/types/event.pb.go:385.87,386.19 1 0
github.com/piplabs/story/client/x/dkg/types/event.pb.go:386.19,388.3 1 0
github.com/piplabs/story/client/x/dkg/types/event.pb.go:388.8,391.17 3 0
github.com/piplabs/story/client/x/dkg/types/event.pb.go:391.17,393.4 1 0
github.com/piplabs/story/client/x/dkg/types/event.pb.go:394.3,394.20 1 0
github.com/piplabs/story/client/x/dkg/types/event.pb.go:397.58,399.2 1 0
github.com/piplabs/story/client/x/dkg/types/event.pb.go:400.44,402.2 1 0
github.com/piplabs/story/client/x/dkg/types/event.pb.go:403.50,405.2 1 0
github.com/piplabs/story/client/x/dkg/types/event.pb.go:409.47,410.14 1 0
github.com/piplabs/story/client/x/dkg/types/event.pb.go:410.14,412.3 1 0
github.com/piplabs/story/client/x/dkg/types/event.pb.go:413.2,413.10 1 0
github.com/piplabs/story/client/x/dkg/types/event.pb.go:424.53,424.89 1 0
github.com/piplabs/story/client/x/dkg/types/event.pb.go:425.53,425.90 1 0
github.com/piplabs/story/client/x/dkg/types/event.pb.go:426.54,426.55 0 0
github.com/piplabs/story/client/x/dkg/types/event.pb.go:427.64,429.2 1 0
github.com/piplabs/story/client/x/dkg/types/event.pb.go:430.67,432.2 1 0
github.com/piplabs/story/client/x/dkg/types/event.pb.go:433.95,434.19 1 0
github.com/piplabs/story/client/x/dkg/types/event.pb.go:434.19,436.3 1 0
github.com/piplabs/story/client/x/dkg/types/event.pb.go:436.8,439.17 3 0
github.com/piplabs/story/client/x/dkg/types/event.pb.go:439.17,441.4 1 0
github.com/piplabs/story/client/x/dkg/types/event.pb.go:442.3,442.20 1 0
github.com/piplabs/story/client/x/dkg/types/event.pb.go:445.66,447.2 1 0
github.com/piplabs/story/client/x/dkg/types/event.pb.go:448.52,450.2 1 0
github.com/piplabs/story/client/x/dkg/types/event.pb.go:451.58,453.2 1 0
github.com/piplabs/story/client/x/dkg/types/event.pb.go:457.55,458.14 1 0
github.com/piplabs/story/client/x/dkg/types/event.pb.go:458.14,460.3 1 0
github.com/piplabs/story/client/x/dkg/types/event.pb.go:461.2,461.10 1 0
github.com/piplabs/story/client/x/dkg/types/event.pb.go:464.61,465.14 1 0
github.com/piplabs/story/client/x/dkg/types/event.pb.go:465.14,467.3 1 0
github.com/piplabs/story/client/x/dkg/types/event.pb.go:468.2,468.10 1 0
github.com/piplabs/story/client/x/dkg/types/event.pb.go:471.61,472.14 1 0
github.com/piplabs/story/client/x/dkg/types/event.pb.go:472.14,474.3 1 0
github.com/piplabs/story/client/x/dkg/types/event.pb.go:475.2,475.11 1 0
github.com/piplabs/story/client/x/dkg/types/event.pb.go:478.65,479.14 1 0
github.com/piplabs/story/client/x/dkg/types/event.pb.go:479.14,481.3 1 0
github.com/piplabs/story/client/x/dkg/types/event.pb.go:482.2,482.11 1 0
github.com/piplabs/story/client/x/dkg/types/event.pb.go:485.62,486.14 1 0
github.com/piplabs/story/client/x/dkg/types/event.pb.go:486.14,488.3 1 0
github.com/piplabs/story/client/x/dkg/types/event.pb.go:489.2,489.11 1 0
github.com/piplabs/story/client/x/dkg/types/event.pb.go:492.13,502.2 9 1
github.com/piplabs/story/client/x/dkg/types/event.pb.go:504.13,504.102 1 1
github.com/piplabs/story/client/x/dkg/types/event.pb.go:550.71,554.16 4 0
github.com/piplabs/story/client/x/dkg/types/event.pb.go:554.16,556.3 1 0
github.com/piplabs/story/client/x/dkg/types/event.pb.go:557.2,557.22 1 0
github.com/piplabs/story/client/x/dkg/types/event.pb.go:560.72,563.2 2 0
github.com/piplabs/story/client/x/dkg/types/event.pb.go:565.83,570.33 5 0
github.com/piplabs/story/client/x/dkg/types/event.pb.go:570.33,571.65 1 0
github.com/piplabs/story/client/x/dkg/types/event.pb.go:571.65,577.4 5 0
github.com/piplabs/story/client/x/dkg/types/event.pb.go:579.2,579.29 1 0
github.com/piplabs/story/client/x/dkg/types/event.pb.go:579.29,583.3 3 0
github.com/piplabs/story/client/x/dkg/types/event.pb.go:584.2,584.18 1 0
github.com/piplabs/story/client/x/dkg/types/event.pb.go:584.18,588.3 3 0
github.com/piplabs/story/client/x/dkg/types/event.pb.go:589.2,589.27 1 0
github.com/piplabs/story/client/x/dkg/types/event.pb.go:592.64,596.16 4 0
github.com/piplabs/story/client/x/dkg/types/event.pb.go:596.16,598.3 1 0
github.com/piplabs/story/client/x/dkg/types/event.pb.go:599.2,599.22 1 0
github.com/piplabs/story/client/x/dkg/types/event.pb.go:602.65,605.2 2 0
github.com/piplabs/story/client/x/dkg/types/event.pb.go:607.76,612.18 5 0
github.com/piplabs/story/client/x/dkg/types/event.pb.go:612.18,616.3 3 0
github.com/piplabs/story/client/x/dkg/types/event.pb.go:617.2,617.27 1 0
github.com/piplabs/story/client/x/dkg/types/event.pb.go:620.69,624.16 4 0
github.com/piplabs/story/client/x/dkg/types/event.pb.go:624.16,626.3 1 0
github.com/piplabs/story/client/x/dkg/types/event.pb.go:627.2,627.22 1 0
github.com/piplabs/story/client/x/dkg/types/event.pb.go:630.70,633.2 2 0
github.com/piplabs/story/client/x/dkg/types/event.pb.go:635.81,640.21 5 0
github.com/piplabs/story/client/x/dkg/types/event.pb.go:640.21,644.3 3 0
github.com/piplabs/story/client/x/dkg/types/event.pb.go:645.2,645.18 1 0
github.com/piplabs/story/client/x/dkg/types/event.pb.go:645.18,649.3 3 0
github.com/piplabs/story/client/x/dkg/types/event.pb.go:650.2,650.27 1 0
github.com/piplabs/story/client/x/dkg/types/event.pb.go:653.73,657.16 4 0
github.com/piplabs/story/client/x/dkg/types/event.pb.go:657.16,659.3 1 0
github.com/piplabs/story/client/x/dkg/types/event.pb.go:660.2,660.22 1 0
github.com/piplabs/story/client/x/dkg/types/event.pb.go:663.74,666.2 2 0
github.com/piplabs/story/client/x/dkg/types/event.pb.go:668.85,673.25 5 0
github.com/piplabs/story/client/x/dkg/types/event.pb.go:673.25,677.3 3 0
github.com/piplabs/story/client/x/dkg/types/event.pb.go:678.2,678.18 1 0
github.com/piplabs/story/client/x/dkg/types/event.pb.go:678.18,682.3 3 0
github.com/piplabs/story/client/x/dkg/types/event.pb.go:683.2,683.27 1 0
github.com/piplabs/story/client/x/dkg/types/event.pb.go:686.78,690.16 4 0
github.com/piplabs/story/client/x/dkg/types/event.pb.go:690.16,692.3 1 0
github.com/piplabs/story/client/x/dkg/types/event.pb.go:693.2,693.22 1 0
github.com/piplabs/story/client/x/dkg/types/event.pb.go:696.79,699.2 2 0
github.com/piplabs/story/client/x/dkg/types/event.pb.go:701.90,706.30 5 0
github.com/piplabs/story/client/x/dkg/types/event.pb.go:706.30,710.3 3 0
github.com/piplabs/story/client/x/dkg/types/event.pb.go:711.2,711.18 1 0
github.com/piplabs/story/client/x/dkg/types/event.pb.go:711.18,715.3 3 0
github.com/piplabs/story/client/x/dkg/types/event.pb.go:716.2,716.27 1 0
github.com/piplabs/story/client/x/dkg/types/event.pb.go:719.69,723.16 4 0
github.com/piplabs/story/client/x/dkg/types/event.pb.go:723.16,725.3 1 0
github.com/piplabs/story/client/x/dkg/types/event.pb.go:726.2,726.22 1 0
github.com/piplabs/story/client/x/dkg/types/event.pb.go:729.70,732.2 2 0
github.com/piplabs/story/client/x/dkg/types/event.pb.go:734.81,739.18 5 0
github.com/piplabs/story/client/x/dkg/types/event.pb.go:739.18,743.3 3 0
github.com/piplabs/story/client/x/dkg/types/event.pb.go:744.2,744.27 1 0
github.com/piplabs/story/client/x/dkg/types/event.pb.go:747.64,751.16 4 0
github.com/piplabs/story/client/x/dkg/types/event.pb.go:751.16,753.3 1 0
github.com/piplabs/story/client/x/dkg/types/event.pb.go:754.2,754.22 1 0
github.com/piplabs/story/client/x/dkg/types/event.pb.go:757.65,760.2 2 0
github.com/piplabs/story/client/x/dkg/types/event.pb.go:762.76,767.18 5 0
github.com/piplabs/story/client/x/dkg/types/event.pb.go:767.18,771.3 3 0
github.com/piplabs/story/client/x/dkg/types/event.pb.go:772.2,772.27 1 0
github.com/piplabs/story/client/x/dkg/types/event.pb.go:775.72,779.16 4 0
github.com/piplabs/story/client/x/dkg/types/event.pb.go:779.16,781.3 1 0
github.com/piplabs/story/client/x/dkg/types/event.pb.go:782.2,782.22 1 0
github.com/piplabs/story/client/x/dkg/types/event.pb.go:785.73,788.2 2 0
github.com/piplabs/story/client/x/dkg/types/event.pb.go:790.84,795.29 5 0
github.com/piplabs/story/client/x/dkg/types/event.pb.go:795.29,801.3 5 0
github.com/piplabs/story/client/x/dkg/types/event.pb.go:802.2,802.32 1 0
github.com/piplabs/story/client/x/dkg/types/event.pb.go:802.32,808.3 5 0
github.com/piplabs/story/client/x/dkg/types/event.pb.go:809.2,809.28 1 0
github.com/piplabs/story/client/x/dkg/types/event.pb.go:809.28,815.3 5 0
github.com/piplabs/story/client/x/dkg/types/event.pb.go:816.2,816.24 1 0
github.com/piplabs/story/client/x/dkg/types/event.pb.go:816.24,820.3 3 0
github.com/piplabs/story/client/x/dkg/types/event.pb.go:821.2,821.18 1 0
github.com/piplabs/story/client/x/dkg/types/event.pb.go:821.18,825.3 3 0
github.com/piplabs/story/client/x/dkg/types/event.pb.go:826.2,826.27 1 0
github.com/piplabs/story/client/x/dkg/types/event.pb.go:829.63,832.16 3 0
github.com/piplabs/story/client/x/dkg/types/event.pb.go:832.16,836.3 3 0
github.com/piplabs/story/client/x/dkg/types/event.pb.go:837.2,838.13 2 0
github.com/piplabs/story/client/x/dkg/types/event.pb.go:840.51,841.14 1 0
github.com/piplabs/story/client/x/dkg/types/event.pb.go:841.14,843.3 1 0
github.com/piplabs/story/client/x/dkg/types/event.pb.go:844.2,846.18 3 0
github.com/piplabs/story/client/x/dkg/types/event.pb.go:846.18,848.3 1 0
github.com/piplabs/story/client/x/dkg/types/event.pb.go:849.2,849.29 1 0
github.com/piplabs/story/client/x/dkg/types/event.pb.go:849.29,851.3 1 0
github.com/piplabs/story/client/x/dkg/types/event.pb.go:852.2,852.33 1 0
github.com/piplabs/story/client/x/dkg/types/event.pb.go:852.33,853.40 1 0
github.com/piplabs/story/client/x/dkg/types/event.pb.go:853.40,856.4 2 0
github.com/piplabs/story/client/x/dkg/types/event.pb.go:858.2,858.10 1 0
github.com/piplabs/story/client/x/dkg/types/event.pb.go:861.44,862.14 1 0
github.com/piplabs/story/client/x/dkg/types/event.pb.go:862.14,864.3 1 0
github.com/piplabs/story/client/x/dkg/types/event.pb.go:865.2,867.18 3 0
github.com/piplabs/story/client/x/dkg/types/event.pb.go:867.18,869.3 1 0
github.com/piplabs/story/client/x/dkg/types/event.pb.go:870.2,870.10 1 0
github.com/piplabs/story/client/x/dkg/types/event.pb.go:873.49,874.14 1 0
github.com/piplabs/story/client/x/dkg/types/event.pb.go:874.14,876.3 1 0
github.com/piplabs/story/client/x/dkg/types/event.pb.go:877.2,879.18 3 0
github.com/piplabs/story/client/x/dkg/types/event.pb.go:879.18,881.3 1 0
github.com/piplabs/story/client/x/dkg/types/event.pb.go:882.2,882.21 1 0
github.com/piplabs/story/client/x/dkg/types/event.pb.go:882.21,884.3 1 0
github.com/piplabs/story/client/x/dkg/types/event.pb.go:885.2,885.10 1 0
github.com/piplabs/story/client/x/dkg/types/event.pb.go:888.53,889.14 1 0
github.com/piplabs/story/client/x/dkg/types/event.pb.go:889.14,891.3 1 0
github.com/piplabs/story/client/x/dkg/types/event.pb.go:892.2,894.18 3 0
github.com/piplabs/story/client/x/dkg/types/event.pb.go:894.18,896.3 1 0
github.com/piplabs/story/client/x/dkg/types/event.pb.go:897.2,897.25 1 0
github.com/piplabs/story/client/x/dkg/types/event.pb.go:897.25,899.3 1 0
github.com/piplabs/story/client/x/dkg/types/event.pb.go:900.2,900.10 1 0
github.com/piplabs/story/client/x/dkg/types/event.pb.go:903.58,904.14 1 0
github.com/piplabs/story/client/x/dkg/types/event.pb.go:904.14,906.3 1 0
github.com/piplabs/story/client/x/dkg/types/event.pb.go:907.2,909.18 3 0
github.com/piplabs/story/client/x/dkg/types/event.pb.go:909.18,911.3 1 0
github.com/piplabs/story/client/x/dkg/types/event.pb.go:912.2,912.30 1 0
github.com/piplabs/story/client/x/dkg/types/event.pb.go:912.30,914.3 1 0
github.com/piplabs/story/client/x/dkg/types/event.pb.go:915.2,915.10 1 0
github.com/piplabs/story/client/x/dkg/types/event.pb.go:918.49,919.14 1 0
github.com/piplabs/story/client/x/dkg/types/event.pb.go:919.14,921.3 1 0
github.com/piplabs/story/client/x/dkg/types/event.pb.go:922.2,924.18 3 0
github.com/piplabs/story/client/x/dkg/types/event.pb.go:924.18,926.3 1 0
github.com/piplabs/story/client/x/dkg/types/event.pb.go:927.2,927.10 1 0
github.com/piplabs/story/client/x/dkg/types/event.pb.go:930.44,931.14 1 0
github.com/piplabs/story/client/x/dkg/types/event.pb.go:931.14,933.3 1 0
github.com/piplabs/story/client/x/dkg/types/event.pb.go:934.2,936.18 3 0
github.com/piplabs/story/client/x/dkg/types/event.pb.go:936.18,938.3 1 0
github.com/piplabs/story/client/x/dkg/types/event.pb.go:939.2,939.10 1 0
github.com/piplabs/story/client/x/dkg/types/event.pb.go:942.52,943.14 1 0
github.com/piplabs/story/client/x/dkg/types/event.pb.go:943.14,945.3 1 0
github.com/piplabs/story/client/x/dkg/types/event.pb.go:946.2,948.18 3 0
github.com/piplabs/story/client/x/dkg/types/event.pb.go:948.18,950.3 1 0
github.com/piplabs/story/client/x/dkg/types/event.pb.go:951.2,951.24 1 0
github.com/piplabs/story/client/x/dkg/types/event.pb.go:951.24,953.3 1 0
github.com/piplabs/story/client/x/dkg/types/event.pb.go:954.2,955.11 2 0
github.com/piplabs/story/client/x/dkg/types/event.pb.go:955.11,957.3 1 0
github.com/piplabs/story/client/x/dkg/types/event.pb.go:958.2,959.11 2 0
github.com/piplabs/story/client/x/dkg/types/event.pb.go:959.11,961.3 1 0
github.com/piplabs/story/client/x/dkg/types/event.pb.go:962.2,963.11 2 0
github.com/piplabs/story/client/x/dkg/types/event.pb.go:963.11,965.3 1 0
github.com/piplabs/story/client/x/dkg/types/event.pb.go:966.2,966.10 1 0
github.com/piplabs/story/client/x/dkg/types/event.pb.go:969.33,971.2 1 0
github.com/piplabs/story/client/x/dkg/types/event.pb.go:972.33,974.2 1 0
github.com/piplabs/story/client/x/dkg/types/event.pb.go:975.65,978.16 3 0
github.com/piplabs/story/client/x/dkg/types/event.pb.go:978.16,981.38 3 0
github.com/piplabs/story/client/x/dkg/types/event.pb.go:981.38,982.19 1 0
github.com/piplabs/story/client/x/dkg/types/event.pb.go:982.19,984.5 1 0
github.com/piplabs/story/client/x/dkg/types/event.pb.go:985.4,985.18 1 0
github.com/piplabs/story/client/x/dkg/types/event.pb.go:985.18,987.5 1 0
github.com/piplabs/story/client/x/dkg/types/event.pb.go:988.4,991.16 4 0
github.com/piplabs/story/client/x/dkg/types/event.pb.go:991.16,992.10 1 0
github.com/piplabs/story/client/x/dkg/types/event.pb.go:995.3,997.20 3 0
github.com/piplabs/story/client/x/dkg/types/event.pb.go:997.20,999.4 1 0
github.com/piplabs/story/client/x/dkg/types/event.pb.go:1000.3,1000.20 1 0
github.com/piplabs/story/client/x/dkg/types/event.pb.go:1000.20,1002.4 1 0
github.com/piplabs/story/client/x/dkg/types/event.pb.go:1003.3,1003.19 1 0
github.com/piplabs/story/client/x/dkg/types/event.pb.go:1004.10,1005.21 1 0
github.com/piplabs/story/client/x/dkg/types/event.pb.go:1005.21,1007.5 1 0
github.com/piplabs/story/client/x/dkg/types/event.pb.go:1008.4,1009.39 2 0
github.com/piplabs/story/client/x/dkg/types/event.pb.go:1009.39,1010.20 1 0
github.com/piplabs/story/client/x/dkg/types/event.pb.go:1010.20,1012.6 1 0
github.com/piplabs/story/client/x/dkg/types/event.pb.go:1013.5,1013.19 1 0
github.com/piplabs/story/client/x/dkg/types/event.pb.go:1013.19,1015.6 1 0
github.com/piplabs/story/client/x/dkg/types/event.pb.go:1016.5,1019.17 4 0
github.com/piplabs/story/client/x/dkg/types/event.pb.go:1019.17,1020.11 1 0
github.com/piplabs/story/client/x/dkg/types/event.pb.go:1023.10,1024.21 1 0
github.com/piplabs/story/client/x/dkg/types/event.pb.go:1024.21,1026.5 1 0
github.com/piplabs/story/client/x/dkg/types/event.pb.go:1027.4,1028.39 2 0
github.com/piplabs/story/client/x/dkg/types/event.pb.go:1028.39,1029.20 1 0
github.com/piplabs/story/client/x/dkg/types/event.pb.go:1029.20,1031.6 1 0
github.com/piplabs/story/client/x/dkg/types/event.pb.go:1032.5,1032.19 1 0
github.com/piplabs/story/client/x/dkg/types/event.pb.go:1032.19,1034.6 1 0
github.com/piplabs/story/client/x/dkg/types/event.pb.go:1035.5,1038.17 4 0
github.com/piplabs/story/client/x/dkg/types/event.pb.go:1038.17,1039.11 1 0
github.com/piplabs/story/client/x/dkg/types/event.pb.go:1042.10,1043.21 1 0
github.com/piplabs/story/client/x/dkg/types/event.pb.go:1043.21,1045.5 1 0
github.com/piplabs/story/client/x/dkg/types/event.pb.go:1046.4,1047.39 2 0
github.com/piplabs/story/client/x/dkg/types/event.pb.go:1047.39,1048.20 1 0
github.com/piplabs/story/client/x/dkg/types/event.pb.go:1048.20,1050.6 1 0
github.com/piplabs/story/client/x/dkg/types/event.pb.go:1051.5,1051.19 1 0
github.com/piplabs/story/client/x/dkg/types/event.pb.go:1051.19,1053.6 1 0
github.com/piplabs/story/client/x/dkg/types/event.pb.go:1054.5,1057.17 4 0
github.com/piplabs/story/client/x/dkg/types/event.pb.go:1057.17,1058.11 1 0
github.com/piplabs/story/client/x/dkg/types/event.pb.go:1061.4,1062.24 2 0
github.com/piplabs/story/client/x/dkg/types/event.pb.go:1062.24,1064.5 1 0
github.com/piplabs/story/client/x/dkg/types/event.pb.go:1065.4,1066.21 2 0
github.com/piplabs/story/client/x/dkg/types/event.pb.go:1066.21,1068.5 1 0
github.com/piplabs/story/client/x/dkg/types/event.pb.go:1069.4,1069.21 1 0
github.com/piplabs/story/client/x/dkg/types/event.pb.go:1069.21,1071.5 1 0
github.com/piplabs/story/client/x/dkg/types/event.pb.go:1072.4,1073.21 2 0
github.com/piplabs/story/client/x/dkg/types/event.pb.go:1074.11,1077.18 3 0
github.com/piplabs/story/client/x/dkg/types/event.pb.go:1077.18,1079.5 1 0
github.com/piplabs/story/client/x/dkg/types/event.pb.go:1080.4,1080.42 1 0
github.com/piplabs/story/client/x/dkg/types/event.pb.go:1080.42,1082.5 1 0
github.com/piplabs/story/client/x/dkg/types/event.pb.go:1083.4,1083.28 1 0
github.com/piplabs/story/client/x/dkg/types/event.pb.go:1083.28,1085.5 1 0
github.com/piplabs/story/client/x/dkg/types/event.pb.go:1086.4,1086.19 1 0
github.com/piplabs/story/client/x/dkg/types/event.pb.go:1090.2,1090.15 1 0
github.com/piplabs/story/client/x/dkg/types/event.pb.go:1090.15,1092.3 1 0
github.com/piplabs/story/client/x/dkg/types/event.pb.go:1093.2,1093.12 1 0
github.com/piplabs/story/client/x/dkg/types/event.pb.go:1095.58,1098.16 3 0
github.com/piplabs/story/client/x/dkg/types/event.pb.go:1098.16,1101.38 3 0
github.com/piplabs/story/client/x/dkg/types/event.pb.go:1101.38,1102.19 1 0
github.com/piplabs/story/client/x/dkg/types/event.pb.go:1102.19,1104.5 1 0
github.com/piplabs/story/client/x/dkg/types/event.pb.go:1105.4,1105.18 1 0
github.com/piplabs/story/client/x/dkg/types/event.pb.go:1105.18,1107.5 1 0
github.com/piplabs/story/client/x/dkg/types/event.pb.go:1108.4,1111.16 4 0
github.com/piplabs/story/client/x/dkg/types/event.pb.go:1111.16,1112.10 1 0
github.com/piplabs/story/client/x/dkg/types/event.pb.go:1115.3,1117.20 3 0
github.com/piplabs/story/client/x/dkg/types/event.pb.go:1117.20,1119.4 1 0
github.com/piplabs/story/client/x/dkg/types/event.pb.go:1120.3,1120.20 1 0
github.com/piplabs/story/client/x/dkg/types/event.pb.go:1120.20,1122.4 1 0
github.com/piplabs/story/client/x/dkg/types/event.pb.go:1123.3,1123.19 1 0
github.com/piplabs/story/client/x/dkg/types/event.pb.go:1124.10,1125.21 1 0
github.com/piplabs/story/client/x/dkg/types/event.pb.go:1125.21,1127.5 1 0
github.com/piplabs/story/client/x/dkg/types/event.pb.go:1128.4,1129.39 2 0
github.com/piplabs/story/client/x/dkg/types/event.pb.go:1129.39,1130.20 1 0
github.com/piplabs/story/client/x/dkg/types/event.pb.go:1130.20,1132.6 1 0
github.com/piplabs/story/client/x/dkg/types/event.pb.go:1133.5,1133.19 1 0
github.com/piplabs/story/client/x/dkg/types/event.pb.go:1133.19,1135.6 1 0
github.com/piplabs/story/client/x/dkg/types/event.pb.go:1136.5,1139.17 4 0
github.com/piplabs/story/client/x/dkg/types/event.pb.go:1139.17,1140.11 1 0
github.com/piplabs/story/client/x/dkg/types/event.pb.go:1143.11,1146.18 3 0
github.com/piplabs/story/client/x/dkg/types/event.pb.go:1146.18,1148.5 1 0
github.com/piplabs/story/client/x/dkg/types/event.pb.go:1149.4,1149.42 1 0
github.com/piplabs/story/client/x/dkg/types/event.pb.go:1149.42,1151.5 1 0
github.com/piplabs/story/client/x/dkg/types/event.pb.go:1152.4,1152.28 1 0
github.com/piplabs/story/client/x/dkg/types/event.pb.go:1152.28,1154.5 1 0
github.com/piplabs/story/client/x/dkg/types/event.pb.go:1155.4,1155.19 1 0
github.com/piplabs/story/client/x/dkg/types/event.pb.go:1159.2,1159.15 1 0
github.com/piplabs/story/client/x/dkg/types/event.pb.go:1159.15,1161.3 1 0
github.com/piplabs/story/client/x/dkg/types/event.pb.go:1162.2,1162.12 1 0
github.com/piplabs/story/client/x/dkg/types/event.pb.go:1164.63,1167.16 3 0
github.com/piplabs/story/client/x/dkg/types/event.pb.go:1167.16,1170.38 3 0
github.com/piplabs/story/client/x/dkg/types/event.pb.go:1170.38,1171.19 1 0
github.com/piplabs/story/client/x/dkg/types/event.pb.go:1171.19,1173.5 1 0
github.com/piplabs/story/client/x/dkg/types/event.pb.go:1174.4,1174.18 1 0
github.com/piplabs/story/client/x/dkg/types/event.pb.go:1174.18,1176.5 1 0
github.com/piplabs/story/client/x/dkg/types/event.pb.go:1177.4,1180.16 4 0
github.com/piplabs/story/client/x/dkg/types/event.pb.go:1180.16,1181.10 1 0
github.com/piplabs/story/client/x/dkg/types/event.pb.go:1184.3,1186.20 3 0
github.com/piplabs/story/client/x/dkg/types/event.pb.go:1186.20,1188.4 1 0
github.com/piplabs/story/client/x/dkg/types/event.pb.go:1189.3,1189.20 1 0
github.com/piplabs/story/client/x/dkg/types/event.pb.go:1189.20,1191.4 1 0
github.com/piplabs/story/client/x/dkg/types/event.pb.go:1192.3,1192.19 1 0
github.com/piplabs/story/client/x/dkg/types/event.pb.go:1193.10,1194.21 1 0
github.com/piplabs/story/client/x/dkg/types/event.pb.go:1194.21,1196.5 1 0
github.com/piplabs/story/client/x/dkg/types/event.pb.go:1197.4,1198.39 2 0
github.com/piplabs/story/client/x/dkg/types/event.pb.go:1198.39,1199.20 1 0
github.com/piplabs/story/client/x/dkg/types/event.pb.go:1199.20,1201.6 1 0
github.com/piplabs/story/client/x/dkg/types/event.pb.go:1202.5,1202.19 1 0
github.com/piplabs/story/client/x/dkg/types/event.pb.go:1202.19,1204.6 1 0
github.com/piplabs/story/client/x/dkg/types/event.pb.go:1205.5,1208.17 4 0
github.com/piplabs/story/client/x/dkg/types/event.pb.go:1208.17,1209.11 1 0
github.com/piplabs/story/client/x/dkg/types/event.pb.go:1212.10,1213.21 1 0
github.com/piplabs/story/client/x/dkg/types/event.pb.go:1213.21,1215.5 1 0
github.com/piplabs/story/client/x/dkg/types/event.pb.go:1216.4,1217.39 2 0
github.com/piplabs/story/client/x/dkg/types/event.pb.go:1217.39,1218.20 1 0
github.com/piplabs/story/client/x/dkg/types/event.pb.go:1218.20,1220.6 1 0
github.com/piplabs/story/client/x/dkg/types/event.pb.go:1221.5,1221.19 1 0
github.com/piplabs/story/client/x/dkg/types/event.pb.go:1221.19,1223.6 1 0
github.com/piplabs/story/client/x/dkg/types/event.pb.go:1224.5,1227.17 4 0
github.com/piplabs/story/client/x/dkg/types/event.pb.go:1227.17,1228.11 1 0
github.com/piplabs/story/client/x/dkg/types/event.pb.go:1231.11,1234.18 3 0
github.com/piplabs/story/client/x/dkg/types/event.pb.go:1234.18,1236.5 1 0
github.com/piplabs/story/client/x/dkg/types/event.pb.go:1237.4,1237.42 1 0
github.com/piplabs/story/client/x/dkg/types/event.pb.go:1237.42,1239.5 1 0
github.com/piplabs/story/client/x/dkg/types/event.pb.go:1240.4,1240.28 1 0
github.com/piplabs/story/client/x/dkg/types/event.pb.go:1240.28,1242.5 1 0
github.com/piplabs/story/client/x/dkg/types/event.pb.go:1243.4,1243.19 1 0
github.com/piplabs/story/client/x/dkg/types/event.pb.go:1247.2,1247.15 1 0
github.com/piplabs/story/client/x/dkg/types/event.pb.go:1247.15,1249.3 1 0
github.com/piplabs/story/client/x/dkg/types/event.pb.go:1250.2,1250.12 1 0
github.com/piplabs/story/client/x/dkg/types/event.pb.go:1252.67,1255.16 3 0
github.com/piplabs/story/client/x/dkg/types/event.pb.go:1255.16,1258.38 3 0
github.com/piplabs/story/client/x/dkg/types/event.pb.go:1258.38,1259.19 1 0
github.com/piplabs/story/client/x/dkg/types/event.pb.go:1259.19,1261.5 1 0
github.com/piplabs/story/client/x/dkg/types/event.pb.go:1262.4,1262.18 1 0
github.com/piplabs/story/client/x/dkg/types/event.pb.go:1262.18,1264.5 1 0
github.com/piplabs/story/client/x/dkg/types/event.pb.go:1265.4,1268.16 4 0
github.com/piplabs/story/client/x/dkg/types/event.pb.go:1268.16,1269.10 1 0
github.com/piplabs/story/client/x/dkg/types/event.pb.go:1272.3,1274.20 3 0
github.com/piplabs/story/client/x/dkg/types/event.pb.go:1274.20,1276.4 1 0
github.com/piplabs/story/client/x/dkg/types/event.pb.go:1277.3,1277.20 1 0
github.com/piplabs/story/client/x/dkg/types/event.pb.go:1277.20,1279.4 1 0
github.com/piplabs/story/client/x/dkg/types/event.pb.go:1280.3,1280.19 1 0
github.com/piplabs/story/client/x/dkg/types/event.pb.go:1281.10,1282.21 1 0
github.com/piplabs/story/client/x/dkg/types/event.pb.go:1282.21,1284.5 1 0
github.com/piplabs/story/client/x/dkg/types/event.pb.go:1285.4,1286.39 2 0
github.com/piplabs/story/client/x/dkg/types/event.pb.go:1286.39,1287.20 1 0
github.com/piplabs/story/client/x/dkg/types/event.pb.go:1287.20,1289.6 1 0
github.com/piplabs/story/client/x/dkg/types/event.pb.go:1290.5,1290.19 1 0
github.com/piplabs/story/client/x/dkg/types/event.pb.go:1290.19,1292.6 1 0
github.com/piplabs/story/client/x/dkg/types/event.pb.go:1293.5,1296.17 4 0
github.com/piplabs/story/client/x/dkg/types/event.pb.go:1296.17,1297.11 1 0
github.com/piplabs/story/client/x/dkg/types/event.pb.go:1300.10,1301.21 1 0
github.com/piplabs/story/client/x/dkg/types/event.pb.go:1301.21,1303.5 1 0
github.com/piplabs/story/client/x/dkg/types/event.pb.go:1304.4,1305.39 2 0
github.com/piplabs/story/client/x/dkg/types/event.pb.go:1305.39,1306.20 1 0
github.com/piplabs/story/client/x/dkg/types/event.pb.go:1306.20,1308.6 1 0
github.com/piplabs/story/client/x/dkg/types/event.pb.go:1309.5,1309.19 1 0
github.com/piplabs/story/client/x/dkg/types/event.pb.go:1309.19,1311.6 1 0
github.com/piplabs/story/client/x/dkg/types/event.pb.go:1312.5,1315.17 4 0
github.com/piplabs/story/client/x/dkg/types/event.pb.go:1315.17,1316.11 1 0
github.com/piplabs/story/client/x/dkg/types/event.pb.go:1319.11,1322.18 3 0
github.com/piplabs/story/client/x/dkg/types/event.pb.go:1322.18,1324.5 1 0
github.com/piplabs/story/client/x/dkg/types/event.pb.go:1325.4,1325.42 1 0
github.com/piplabs/story/client/x/dkg/types/event.pb.go:1325.42,1327.5 1 0
github.com/piplabs/story/client/x/dkg/types/event.pb.go:1328.4,1328.28 1 0
github.com/piplabs/story/client/x/dkg/types/event.pb.go:1328.28,1330.5 1 0
github.com/piplabs/story/client/x/dkg/types/event.pb.go:1331.4,1331.19 1 0
github.com/piplabs/story/client/x/dkg/types/event.pb.go:1335.2,1335.15 1 0
github.com/piplabs/story/client/x/dkg/types/event.pb.go:1335.15,1337.3 1 0
github.com/piplabs/story/client/x/dkg/types/event.pb.go:1338.2,1338.12 1 0
github.com/piplabs/story/client/x/dkg/types/event.pb.go:1340.72,1343.16 3 0
github.com/piplabs/story/client/x/dkg/types/event.pb.go:1343.16,1346.38 3 0
github.com/piplabs/story/client/x/dkg/types/event.pb.go:1346.38,1347.19 1 0
github.com/piplabs/story/client/x/dkg/types/event.pb.go:1347.19,1349.5 1 0
github.com/piplabs/story/client/x/dkg/types/event.pb.go:1350.4,1350.18 1 0
github.com/piplabs/story/client/x/dkg/types/event.pb.go:1350.18,1352.5 1 0
github.com/piplabs/story/client/x/dkg/types/event.pb.go:1353.4,1356.16 4 0
github.com/piplabs/story/client/x/dkg/types/event.pb.go:1356.16,1357.10 1 0
github.com/piplabs/story/client/x/dkg/types/event.pb.go:1360.3,1362.20 3 0
github.com/piplabs/story/client/x/dkg/types/event.pb.go:1362.20,1364.4 1 0
github.com/piplabs/story/client/x/dkg/types/event.pb.go:1365.3,1365.20 1 0
github.com/piplabs/story/client/x/dkg/types/event.pb.go:1365.20,1367.4 1 0
github.com/piplabs/story/client/x/dkg/types/event.pb.go:1368.3,1368.19 1 0
github.com/piplabs/story/client/x/dkg/types/event.pb.go:1369.10,1370.21 1 0
github.com/piplabs/story/client/x/dkg/types/event.pb.go:1370.21,1372.5 1 0
github.com/piplabs/story/client/x/dkg/types/event.pb.go:1373.4,1374.39 2 0
github.com/piplabs/story/client/x/dkg/types/event.pb.go:1374.39,1375.20 1 0
github.com/piplabs/story/client/x/dkg/types/event.pb.go:1375.20,1377.6 1 0
github.com/piplabs/story/client/x/dkg/types/event.pb.go:1378.5,1378.19 1 0
github.com/piplabs/story/client/x/dkg/types/event.pb.go:1378.19,1380.6 1 0
github.com/piplabs/story/client/x/dkg/types/event.pb.go:1381.5,1384.17 4 0
github.com/piplabs/story/client/x/dkg/types/event.pb.go:1384.17,1385.11 1 0
github.com/piplabs/story/client/x/dkg/types/event.pb.go:1388.10,1389.21 1 0
github.com/piplabs/story/client/x/dkg/types/event.pb.go:1389.21,1391.5 1 0
github.com/piplabs/story/client/x/dkg/types/event.pb.go:1392.4,1393.39 2 0
github.com/piplabs/story/client/x/dkg/types/event.pb.go:1393.39,1394.20 1 0
github.com/piplabs/story/client/x/dkg/types/event.pb.go:1394.20,1396.6 1 0
github.com/piplabs/story/client/x/dkg/types/event.pb.go:1397.5,1397.19 1 0
github.com/piplabs/story/client/x/dkg/types/event.pb.go:1397.19,1399.6 1 0
github.com/piplabs/story/client/x/dkg/types/event.pb.go:1400.5,1403.17 4 0
github.com/piplabs/story/client/x/dkg/types/event.pb.go:1403.17,1404.11 1 0
github.com/piplabs/story/client/x/dkg/types/event.pb.go:1407.11,1410.18 3 0
github.com/piplabs/story/client/x/dkg/types/event.pb.go:1410.18,1412.5 1 0
github.com/piplabs/story/client/x/dkg/types/event.pb.go:1413.4,1413.42 1 0
github.com/piplabs/story/client/x/dkg/types/event.pb.go:1413.42,1415.5 1 0
github.com/piplabs/story/client/x/dkg/types/event.pb.go:1416.4,1416.28 1 0
github.com/piplabs/story/client/x/dkg/types/event.pb.go:1416.28,1418.5 1 0
github.com/piplabs/story/client/x/dkg/types/event.pb.go:1419.4,1419.19 1 0
github.com/piplabs/story/client/x/dkg/types/event.pb.go:1423.2,1423.15 1 0
github.com/piplabs/story/client/x/dkg/types/event.pb.go:1423.15,1425.3 1 0
github.com/piplabs/story/client/x/dkg/types/event.pb.go:1426.2,1426.12 1 0
github.com/piplabs/story/client/x/dkg/types/event.pb.go:1428.63,1431.16 3 0
github.com/piplabs/story/client/x/dkg/types/event.pb.go:1431.16,1434.38 3 0
github.com/piplabs/story/client/x/dkg/types/event.pb.go:1434.38,1435.19 1 0
github.com/piplabs/story/client/x/dkg/types/event.pb.go:1435.19,1437.5 1 0
github.com/piplabs/story/client/x/dkg/types/event.pb.go:1438.4,1438.18 1 0
github.com/piplabs/story/client/x/dkg/types/event.pb.go:1438.18,1440.5 1 0
github.com/piplabs/story/client/x/dkg/types/event.pb.go:1441.4,1444.16 4 0
github.com/piplabs/story/client/x/dkg/types/event.pb.go:1444.16,1445.10 1 0
github.com/piplabs/story/client/x/dkg/types/event.pb.go:1448.3,1450.20 3 0
github.com/piplabs/story/client/x/dkg/types/event.pb.go:1450.20,1452.4 1 0
github.com/piplabs/story/client/x/dkg/types/event.pb.go:1453.3,1453.20 1 0
github.com/piplabs/story/client/x/dkg/types/event.pb.go:1453.20,1455.4 1 0
github.com/piplabs/story/client/x/dkg/types/event.pb.go:1456.3,1456.19 1 0
github.com/piplabs/story/client/x/dkg/types/event.pb.go:1457.10,1458.21 1 0
github.com/piplabs/story/client/x/dkg/types/event.pb.go:1458.21,1460.5 1 0
github.com/piplabs/story/client/x/dkg/types/event.pb.go:1461.4,1462.39 2 0
github.com/piplabs/story/client/x/dkg/types/event.pb.go:1462.39,1463.20 1 0
github.com/piplabs/story/client/x/dkg/types/event.pb.go:1463.20,1465.6 1 0
github.com/piplabs/story/client/x/dkg/types/event.pb.go:1466.5,1466.19 1 0
github.com/piplabs/story/client/x/dkg/types/event.pb.go:1466.19,1468.6 1 0
github.com/piplabs/story/client/x/dkg/types/event.pb.go:1469.5,1472.17 4 0
github.com/piplabs/story/client/x/dkg/types/event.pb.go:1472.17,1473.11 1 0
github.com/piplabs/story/client/x/dkg/types/event.pb.go:1476.11,1479.18 3 0
github.com/piplabs/story/client/x/dkg/types/event.pb.go:1479.18,1481.5 1 0
github.com/piplabs/story/client/x/dkg/types/event.pb.go:1482.4,1482.42 1 0
github.com/piplabs/story/client/x/dkg/types/event.pb.go:1482.42,1484.5 1 0
github.com/piplabs/story/client/x/dkg/types/event.pb.go:1485.4,1485.28 1 0
github.com/piplabs/story/client/x/dkg/types/event.pb.go:1485.28,1487.5 1 0
github.com/piplabs/story/client/x/dkg/types/event.pb.go:1488.4,1488.19 1 0
github.com/piplabs/story/client/x/dkg/types/event.pb.go:1492.2,1492.15 1 0
github.com/piplabs/story/client/x/dkg/types/event.pb.go:1492.15,1494.3 1 0
github.com/piplabs/story/client/x/dkg/types/event.pb.go:1495.2,1495.12 1 0
github.com/piplabs/story/client/x/dkg/types/event.pb.go:1497.58,1500.16 3 0
github.com/piplabs/story/client/x/dkg/types/event.pb.go:1500.16,1503.38 3 0
github.com/piplabs/story/client/x/dkg/types/event.pb.go:1503.38,1504.19 1 0
github.com/piplabs/story/client/x/dkg/types/event.pb.go:1504.19,1506.5 1 0
github.com/piplabs/story/client/x/dkg/types/event.pb.go:1507.4,1507.18 1 0
github.com/piplabs/story/client/x/dkg/types/event.pb.go:1507.18,1509.5 1 0
github.com/piplabs/story/client/x/dkg/types/event.pb.go:1510.4,1513.16 4 0
github.com/piplabs/story/client/x/dkg/types/event.pb.go:1513.16,1514.10 1 0
github.com/piplabs/story/client/x/dkg/types/event.pb.go:1517.3,1519.20 3 0
github.com/piplabs/story/client/x/dkg/types/event.pb.go:1519.20,1521.4 1 0
github.com/piplabs/story/client/x/dkg/types/event.pb.go:1522.3,1522.20 1 0
github.com/piplabs/story/client/x/dkg/types/event.pb.go:1522.20,1524.4 1 0
github.com/piplabs/story/client/x/dkg/types/event.pb.go:1525.3,1525.19 1 0
github.com/piplabs/story/client/x/dkg/types/event.pb.go:1526.10,1527.21 1 0
github.com/piplabs/story/client/x/dkg/types/event.pb.go:1527.21,1529.5 1 0
github.com/piplabs/story/client/x/dkg/types/event.pb.go:1530.4,1531.39 2 0
github.com/piplabs/story/client/x/dkg/types/event.pb.go:1531.39,1532.20 1 0
github.com/piplabs/story/client/x/dkg/types/event.pb.go:1532.20,1534.6 1 0
github.com/piplabs/story/client/x/dkg/types/event.pb.go:1535.5,1535.19 1 0
github.com/piplabs/story/client/x/dkg/types/event.pb.go:1535.19,1537.6 1 0
github.com/piplabs/story/client/x/dkg/types/event.pb.go:1538.5,1541.17 4 0
github.com/piplabs/story/client/x/dkg/types/event.pb.go:1541.17,1542.11 1 0
github.com/piplabs/story/client/x/dkg/types/event.pb.go:1545.11,1548.18 3 0
github.com/piplabs/story/client/x/dkg/types/event.pb.go:1548.18,1550.5 1 0
github.com/piplabs/story/client/x/dkg/types/event.pb.go:1551.4,1551.42 1 0
github.com/piplabs/story/client/x/dkg/types/event.pb.go:1551.42,1553.5 1 0
github.com/piplabs/story/client/x/dkg/types/event.pb.go:1554.4,1554.28 1 0
github.com/piplabs/story/client/x/dkg/types/event.pb.go:1554.28,1556.5 1 0
github.com/piplabs/story/client/x/dkg/types/event.pb.go:1557.4,1557.19 1 0
github.com/piplabs/story/client/x/dkg/types/event.pb.go:1561.2,1561.15 1 0
github.com/piplabs/story/client/x/dkg/types/event.pb.go:1561.15,1563.3 1 0
github.com/piplabs/story/client/x/dkg/types/event.pb.go:1564.2,1564.12 1 0
github.com/piplabs/story/client/x/dkg/types/event.pb.go:1566.66,1569.16 3 0
github.com/piplabs/story/client/x/dkg/types/event.pb.go:1569.16,1572.38 3 0
github.com/piplabs/story/client/x/dkg/types/event.pb.go:1572.38,1573.19 1 0
github.com/piplabs/story/client/x/dkg/types/event.pb.go:1573.19,1575.5 1 0
github.com/piplabs/story/client/x/dkg/types/event.pb.go:1576.4,1576.18 1 0
github.com/piplabs/story/client/x/dkg/types/event.pb.go:1576.18,1578.5 1 0
github.com/piplabs/story/client/x/dkg/types/event.pb.go:1579.4,1582.16 4 0
github.com/piplabs/story/client/x/dkg/types/event.pb.go:1582.16,1583.10 1 0
github.com/piplabs/story/client/x/dkg/types/event.pb.go:1586.3,1588.20 3 0
github.com/piplabs/story/client/x/dkg/types/event.pb.go:1588.20,1590.4 1 0
github.com/piplabs/story/client/x/dkg/types/event.pb.go:1591.3,1591.20 1 0
github.com/piplabs/story/client/x/dkg/types/event.pb.go:1591.20,1593.4 1 0
github.com/piplabs/story/client/x/dkg/types/event.pb.go:1594.3,1594.19 1 0
github.com/piplabs/story/client/x/dkg/types/event.pb.go:1595.10,1596.21 1 0
github.com/piplabs/story/client/x/dkg/types/event.pb.go:1596.21,1598.5 1 0
github.com/piplabs/story/client/x/dkg/types/event.pb.go:1599.4,1600.39 2 0
github.com/piplabs/story/client/x/dkg/types/event.pb.go:1600.39,1601.20 1 0
github.com/piplabs/story/client/x/dkg/types/event.pb.go:1601.20,1603.6 1 0
github.com/piplabs/story/client/x/dkg/types/event.pb.go:1604.5,1604.19 1 0
github.com/piplabs/story/client/x/dkg/types/event.pb.go:1604.19,1606.6 1 0
github.com/piplabs/story/client/x/dkg/types/event.pb.go:1607.5,1610.17 4 0
github.com/piplabs/story/client/x/dkg/types/event.pb.go:1610.17,1611.11 1 0
github.com/piplabs/story/client/x/dkg/types/event.pb.go:1614.10,1615.21 1 0
github.com/piplabs/story/client/x/dkg/types/event.pb.go:1615.21,1617.5 1 0
github.com/piplabs/story/client/x/dkg/types/event.pb.go:1618.4,1619.39 2 0
github.com/piplabs/story/client/x/dkg/types/event.pb.go:1619.39,1620.20 1 0
github.com/piplabs/story/client/x/dkg/types/event.pb.go:1620.20,1622.6 1 0
github.com/piplabs/story/client/x/dkg/types/event.pb.go:1623.5,1623.19 1 0
github.com/piplabs/story/client/x/dkg/types/event.pb.go:1623.19,1625.6 1 0
github.com/piplabs/story/client/x/dkg/types/event.pb.go:1626.5,1629.17 4 0
github.com/piplabs/story/client/x/dkg/types/event.pb.go:1629.17,1630.11 1 0
github.com/piplabs/story/client/x/dkg/types/event.pb.go:1633.10,1634.21 1 0
github.com/piplabs/story/client/x/dkg/types/event.pb.go:1634.21,1636.5 1 0
github.com/piplabs/story/client/x/dkg/types/event.pb.go:1637.4,1638.39 2 0
github.com/piplabs/story/client/x/dkg/types/event.pb.go:1638.39,1639.20 1 0
github.com/piplabs/story/client/x/dkg/types/event.pb.go:1639.20,1641.6 1 0
github.com/piplabs/story/client/x/dkg/types/event.pb.go:1642.5,1642.19 1 0
github.com/piplabs/story/client/x/dkg/types/event.pb.go:1642.19,1644.6 1 0
github.com/piplabs/story/client/x/dkg/types/event.pb.go:1645.5,1648.17 4 0
github.com/piplabs/story/client/x/dkg/types/event.pb.go:1648.17,1649.11 1 0
github.com/piplabs/story/client/x/dkg/types/event.pb.go:1652.4,1653.24 2 0
github.com/piplabs/story/client/x/dkg/types/event.pb.go:1653.24,1655.5 1 0
github.com/piplabs/story/client/x/dkg/types/event.pb.go:1656.4,1657.21 2 0
github.com/piplabs/story/client/x/dkg/types/event.pb.go:1657.21,1659.5 1 0
github.com/piplabs/story/client/x/dkg/types/event.pb.go:1660.4,1660.21 1 0
github.com/piplabs/story/client/x/dkg/types/event.pb.go:1660.21,1662.5 1 0
github.com/piplabs/story/client/x/dkg/types/event.pb.go:1663.4,1664.21 2 0
github.com/piplabs/story/client/x/dkg/types/event.pb.go:1665.10,1666.21 1 0
github.com/piplabs/story/client/x/dkg/types/event.pb.go:1666.21,1668.5 1 0
github.com/piplabs/story/client/x/dkg/types/event.pb.go:1669.4,1670.39 2 0
github.com/piplabs/story/client/x/dkg/types/event.pb.go:1670.39,1671.20 1 0
github.com/piplabs/story/client/x/dkg/types/event.pb.go:1671.20,1673.6 1 0
github.com/piplabs/story/client/x/dkg/types/event.pb.go:1674.5,1674.19 1 0
github.com/piplabs/story/client/x/dkg/types/event.pb.go:1674.19,1676.6 1 0
github.com/piplabs/story/client/x/dkg/types/event.pb.go:1677.5,1680.17 4 0
github.com/piplabs/story/client/x/dkg/types/event.pb.go:1680.17,1681.11 1 0
github.com/piplabs/story/client/x/dkg/types/event.pb.go:1684.4,1685.24 2 0
github.com/piplabs/story/client/x/dkg/types/event.pb.go:1685.24,1687.5 1 0
github.com/piplabs/story/client/x/dkg/types/event.pb.go:1688.4,1689.21 2 0
github.com/piplabs/story/client/x/dkg/types/event.pb.go:1689.21,1691.5 1 0
github.com/piplabs/story/client/x/dkg/types/event.pb.go:1692.4,1692.21 1 0
github.com/piplabs/story/client/x/dkg/types/event.pb.go:1692.21,1694.5 1 0
github.com/piplabs/story/client/x/dkg/types/event.pb.go:1695.4,1696.21 2 0
github.com/piplabs/story/client/x/dkg/types/event.pb.go:1697.10,1698.21 1 0
github.com/piplabs/story/client/x/dkg/types/event.pb.go:1698.21,1700.5 1 0
github.com/piplabs/story/client/x/dkg/types/event.pb.go:1701.4,1702.39 2 0
github.com/piplabs/story/client/x/dkg/types/event.pb.go:1702.39,1703.20 1 0
github.com/piplabs/story/client/x/dkg/types/event.pb.go:1703.20,1705.6 1 0
github.com/piplabs/story/client/x/dkg/types/event.pb.go:1706.5,1706.19 1 0
github.com/piplabs/story/client/x/dkg/types/event.pb.go:1706.19,1708.6 1 0
github.com/piplabs/story/client/x/dkg/types/event.pb.go:1709.5,1712.17 4 0
github.com/piplabs/story/client/x/dkg/types/event.pb.go:1712.17,1713.11 1 0
github.com/piplabs/story/client/x/dkg/types/event.pb.go:1716.4,1717.24 2 0
github.com/piplabs/story/client/x/dkg/types/event.pb.go:1717.24,1719.5 1 0
github.com/piplabs/story/client/x/dkg/types/event.pb.go:1720.4,1721.21 2 0
github.com/piplabs/story/client/x/dkg/types/event.pb.go:1721.21,1723.5 1 0
github.com/piplabs/story/client/x/dkg/types/event.pb.go:1724.4,1724.21 1 0
github.com/piplabs/story/client/x/dkg/types/event.pb.go:1724.21,1726.5 1 0
github.com/piplabs/story/client/x/dkg/types/event.pb.go:1727.4,1728.21 2 0
github.com/piplabs/story/client/x/dkg/types/event.pb.go:1729.11,1732.18 3 0
github.com/piplabs/story/client/x/dkg/types/event.pb.go:1732.18,1734.5 1 0
github.com/piplabs/story/client/x/dkg/types/event.pb.go:1735.4,1735.42 1 0
github.com/piplabs/story/client/x/dkg/types/event.pb.go:1735.42,1737.5 1 0
github.com/piplabs/story/client/x/dkg/types/event.pb.go:1738.4,1738.28 1 0
github.com/piplabs/story/client/x/dkg/types/event.pb.go:1738.28,1740.5 1 0
github.com/piplabs/story/client/x/dkg/types/event.pb.go:1741.4,1741.19 1 0
github.com/piplabs/story/client/x/dkg/types/event.pb.go:1745.2,1745.15 1 0
github.com/piplabs/story/client/x/dkg/types/event.pb.go:1745.15,1747.3 1 0
github.com/piplabs/story/client/x/dkg/types/event.pb.go:1748.2,1748.12 1 0
github.com/piplabs/story/client/x/dkg/types/event.pb.go:1750.48,1754.16 4 0
github.com/piplabs/story/client/x/dkg/types/event.pb.go:1754.16,1756.38 2 0
github.com/piplabs/story/client/x/dkg/types/event.pb.go:1756.38,1757.19 1 0
github.com/piplabs/story/client/x/dkg/types/event.pb.go:1757.19,1759.5 1 0
github.com/piplabs/story/client/x/dkg/types/event.pb.go:1760.4,1760.18 1 0
github.com/piplabs/story/client/x/dkg/types/event.pb.go:1760.18,1762.5 1 0
github.com/piplabs/story/client/x/dkg/types/event.pb.go:1763.4,1766.16 4 0
github.com/piplabs/story/client/x/dkg/types/event.pb.go:1766.16,1767.10 1 0
github.com/piplabs/story/client/x/dkg/types/event.pb.go:1770.3,1771.19 2 0
github.com/piplabs/story/client/x/dkg/types/event.pb.go:1772.10,1773.39 1 0
github.com/piplabs/story/client/x/dkg/types/event.pb.go:1773.39,1774.20 1 0
github.com/piplabs/story/client/x/dkg/types/event.pb.go:1774.20,1776.6 1 0
github.com/piplabs/story/client/x/dkg/types/event.pb.go:1777.5,1777.19 1 0
github.com/piplabs/story/client/x/dkg/types/event.pb.go:1777.19,1779.6 1 0
github.com/piplabs/story/client/x/dkg/types/event.pb.go:1780.5,1781.29 2 0
github.com/piplabs/story/client/x/dkg/types/event.pb.go:1781.29,1782.11 1 0
github.com/piplabs/story/client/x/dkg/types/event.pb.go:1785.10,1786.14 1 0
github.com/piplabs/story/client/x/dkg/types/event.pb.go:1787.10,1789.39 2 0
github.com/piplabs/story/client/x/dkg/types/event.pb.go:1789.39,1790.20 1 0
github.com/piplabs/story/client/x/dkg/types/event.pb.go:1790.20,1792.6 1 0
github.com/piplabs/story/client/x/dkg/types/event.pb.go:1793.5,1793.19 1 0
github.com/piplabs/story/client/x/dkg/types/event.pb.go:1793.19,1795.6 1 0
github.com/piplabs/story/client/x/dkg/types/event.pb.go:1796.5,1799.17 4 0
github.com/piplabs/story/client/x/dkg/types/event.pb.go:1799.17,1800.11 1 0
github.com/piplabs/story/client/x/dkg/types/event.pb.go:1803.4,1803.18 1 0
github.com/piplabs/story/client/x/dkg/types/event.pb.go:1803.18,1805.5 1 0
github.com/piplabs/story/client/x/dkg/types/event.pb.go:1806.4,1806.19 1 0
github.com/piplabs/story/client/x/dkg/types/event.pb.go:1807.10,1808.11 1 0
github.com/piplabs/story/client/x/dkg/types/event.pb.go:1809.10,1810.18 1 0
github.com/piplabs/story/client/x/dkg/types/event.pb.go:1810.18,1812.5 1 0
github.com/piplabs/story/client/x/dkg/types/event.pb.go:1813.4,1813.11 1 0
github.com/piplabs/story/client/x/dkg/types/event.pb.go:1814.10,1815.14 1 0
github.com/piplabs/story/client/x/dkg/types/event.pb.go:1816.11,1817.64 1 0
github.com/piplabs/story/client/x/dkg/types/event.pb.go:1819.3,1819.16 1 0
github.com/piplabs/story/client/x/dkg/types/event.pb.go:1819.16,1821.4 1 0
github.com/piplabs/story/client/x/dkg/types/event.pb.go:1822.3,1822.17 1 0
github.com/piplabs/story/client/x/dkg/types/event.pb.go:1822.17,1824.4 1 0
github.com/piplabs/story/client/x/dkg/types/event.pb.go:1826.2,1826.31 1 0
github.com/piplabs/story/client/x/dkg/types/genesis.go:3.51,7.2 1 0
github.com/piplabs/story/client/x/dkg/types/genesis.go:9.42,13.2 1 0
github.com/piplabs/story/client/x/dkg/types/genesis.pb.go:31.40,31.63 1 0
github.com/piplabs/story/client/x/dkg/types/genesis.pb.go:32.40,32.77 1 0
github.com/piplabs/story/client/x/dkg/types/genesis.pb.go:33.41,33.42 0 0
github.com/piplabs/story/client/x/dkg/types/genesis.pb.go:34.51,36.2 1 0
github.com/piplabs/story/client/x/dkg/types/genesis.pb.go:37.54,39.2 1 0
github.com/piplabs/story/client/x/dkg/types/genesis.pb.go:40.82,41.19 1 0
github.com/piplabs/story/client/x/dkg/types/genesis.pb.go:41.19,43.3 1 0
github.com/piplabs/story/client/x/dkg/types/genesis.pb.go:43.8,46.17 3 0
github.com/piplabs/story/client/x/dkg/types/genesis.pb.go:46.17,48.4 1 0
github.com/piplabs/story/client/x/dkg/types/genesis.pb.go:49.3,49.20 1 0
github.com/piplabs/story/client/x/dkg/types/genesis.pb.go:52.53,54.2 1 0
github.com/piplabs/story/client/x/dkg/types/genesis.pb.go:55.39,57.2 1 0
github.com/piplabs/story/client/x/dkg/types/genesis.pb.go:58.45,60.2 1 0
github.com/piplabs/story/client/x/dkg/types/genesis.pb.go:64.43,65.14 1 0
github.com/piplabs/story/client/x/dkg/types/genesis.pb.go:65.14,67.3 1 0
github.com/piplabs/story/client/x/dkg/types/genesis.pb.go:68.2,68.17 1 0
github.com/piplabs/story/client/x/dkg/types/genesis.pb.go:71.13,73.2 1 1
github.com/piplabs/story/client/x/dkg/types/genesis.pb.go:75.13,75.104 1 1
github.com/piplabs/story/client/x/dkg/types/genesis.pb.go:94.59,98.16 4 0
github.com/piplabs/story/client/x/dkg/types/genesis.pb.go:98.16,100.3 1 0
github.com/piplabs/story/client/x/dkg/types/genesis.pb.go:101.2,101.22 1 0
github.com/piplabs/story/client/x/dkg/types/genesis.pb.go:104.60,107.2 2 0
github.com/piplabs/story/client/x/dkg/types/genesis.pb.go:109.71,114.2 5 0
github.com/piplabs/story/client/x/dkg/types/genesis.pb.go:114.2,116.17 2 0
github.com/piplabs/story/client/x/dkg/types/genesis.pb.go:116.17,118.4 1 0
github.com/piplabs/story/client/x/dkg/types/genesis.pb.go:119.3,120.49 2 0
github.com/piplabs/story/client/x/dkg/types/genesis.pb.go:122.2,124.27 3 0
github.com/piplabs/story/client/x/dkg/types/genesis.pb.go:127.65,130.16 3 0
github.com/piplabs/story/client/x/dkg/types/genesis.pb.go:130.16,134.3 3 0
github.com/piplabs/story/client/x/dkg/types/genesis.pb.go:135.2,136.13 2 0
github.com/piplabs/story/client/x/dkg/types/genesis.pb.go:138.39,139.14 1 0
github.com/piplabs/story/client/x/dkg/types/genesis.pb.go:139.14,141.3 1 0
github.com/piplabs/story/client/x/dkg/types/genesis.pb.go:142.2,146.10 5 0
github.com/piplabs/story/client/x/dkg/types/genesis.pb.go:149.35,151.2 1 0
github.com/piplabs/story/client/x/dkg/types/genesis.pb.go:152.35,154.2 1 0
github.com/piplabs/story/client/x/dkg/types/genesis.pb.go:155.53,158.16 3 0
github.com/piplabs/story/client/x/dkg/types/genesis.pb.go:158.16,161.38 3 0
github.com/piplabs/story/client/x/dkg/types/genesis.pb.go:161.38,162.19 1 0
github.com/piplabs/story/client/x/dkg/types/genesis.pb.go:162.19,164.5 1 0
github.com/piplabs/story/client/x/dkg/types/genesis.pb.go:165.4,165.18 1 0
github.com/piplabs/story/client/x/dkg/types/genesis.pb.go:165.18,167.5 1 0
github.com/piplabs/story/client/x/dkg/types/genesis.pb.go:168.4,171.16 4 0
github.com/piplabs/story/client/x/dkg/types/genesis.pb.go:171.16,172.10 1 0
github.com/piplabs/story/client/x/dkg/types/genesis.pb.go:175.3,177.20 3 0
github.com/piplabs/story/client/x/dkg/types/genesis.pb.go:177.20,179.4 1 0
github.com/piplabs/story/client/x/dkg/types/genesis.pb.go:180.3,180.20 1 0
github.com/piplabs/story/client/x/dkg/types/genesis.pb.go:180.20,182.4 1 0
github.com/piplabs/story/client/x/dkg/types/genesis.pb.go:183.3,183.19 1 0
github.com/piplabs/story/client/x/dkg/types/genesis.pb.go:184.10,185.21 1 0
github.com/piplabs/story/client/x/dkg/types/genesis.pb.go:185.21,187.5 1 0
github.com/piplabs/story/client/x/dkg/types/genesis.pb.go:188.4,189.39 2 0
github.com/piplabs/story/client/x/dkg/types/genesis.pb.go:189.39,190.20 1 0
github.com/piplabs/story/client/x/dkg/types/genesis.pb.go:190.20,192.6 1 0
github.com/piplabs/story/client/x/dkg/types/genesis.pb.go:193.5,193.19 1 0
github.com/piplabs/story/client/x/dkg/types/genesis.pb.go:193.19,195.6 1 0
github.com/piplabs/story/client/x/dkg/types/genesis.pb.go:196.5,199.17 4 0
github.com/piplabs/story/client/x/dkg/types/genesis.pb.go:199.17,200.11 1 0
github.com/piplabs/story/client/x/dkg/types/genesis.pb.go:203.4,203.18 1 0
github.com/piplabs/story/client/x/dkg/types/genesis.pb.go:203.18,205.5 1 0
github.com/piplabs/story/client/x/dkg/types/genesis.pb.go:206.4,207.21 2 0
github.com/piplabs/story/client/x/dkg/types/genesis.pb.go:207.21,209.5 1 0
github.com/piplabs/story/client/x/dkg/types/genesis.pb.go:210.4,210.21 1 0
github.com/piplabs/story/client/x/dkg/types/genesis.pb.go:210.21,212.5 1 0
github.com/piplabs/story/client/x/dkg/types/genesis.pb.go:213.4,213.68 1 0
github.com/piplabs/story/client/x/dkg/types/genesis.pb.go:213.68,215.5 1 0
github.com/piplabs/story/client/x/dkg/types/genesis.pb.go:216.4,216.21 1 0
github.com/piplabs/story/client/x/dkg/types/genesis.pb.go:217.11,220.18 3 0
github.com/piplabs/story/client/x/dkg/types/genesis.pb.go:220.18,222.5 1 0
github.com/piplabs/story/client/x/dkg/types/genesis.pb.go:223.4,223.42 1 0
github.com/piplabs/story/client/x/dkg/types/genesis.pb.go:223.42,225.5 1 0
github.com/piplabs/story/client/x/dkg/types/genesis.pb.go:226.4,226.28 1 0
github.com/piplabs/story/client/x/dkg/types/genesis.pb.go:226.28,228.5 1 0
github.com/piplabs/story/client/x/dkg/types/genesis.pb.go:229.4,229.19 1 0
github.com/piplabs/story/client/x/dkg/types/genesis.pb.go:233.2,233.15 1 0
github.com/piplabs/story/client/x/dkg/types/genesis.pb.go:233.15,235.3 1 0
github.com/piplabs/story/client/x/dkg/types/genesis.pb.go:236.2,236.12 1 0
github.com/piplabs/story/client/x/dkg/types/genesis.pb.go:238.50,242.16 4 0
github.com/piplabs/story/client/x/dkg/types/genesis.pb.go:242.16,244.38 2 0
github.com/piplabs/story/client/x/dkg/types/genesis.pb.go:244.38,245.19 1 0
github.com/piplabs/story/client/x/dkg/types/genesis.pb.go:245.19,247.5 1 0
github.com/piplabs/story/client/x/dkg/types/genesis.pb.go:248.4,248.18 1 0
github.com/piplabs/story/client/x/dkg/types/genesis.pb.go:248.18,250.5 1 0
github.com/piplabs/story/client/x/dkg/types/genesis.pb.go:251.4,254.16 4 0
github.com/piplabs/story/client/x/dkg/types/genesis.pb.go:254.16,255.10 1 0
github.com/piplabs/story/client/x/dkg/types/genesis.pb.go:258.3,259.19 2 0
github.com/piplabs/story/client/x/dkg/types/genesis.pb.go:260.10,261.39 1 0
github.com/piplabs/story/client/x/dkg/types/genesis.pb.go:261.39,262.20 1 0
github.com/piplabs/story/client/x/dkg/types/genesis.pb.go:262.20,264.6 1 0
github.com/piplabs/story/client/x/dkg/types/genesis.pb.go:265.5,265.19 1 0
github.com/piplabs/story/client/x/dkg/types/genesis.pb.go:265.19,267.6 1 0
github.com/piplabs/story/client/x/dkg/types/genesis.pb.go:268.5,269.29 2 0
github.com/piplabs/story/client/x/dkg/types/genesis.pb.go:269.29,270.11 1 0
github.com/piplabs/story/client/x/dkg/types/genesis.pb.go:273.10,274.14 1 0
github.com/piplabs/story/client/x/dkg/types/genesis.pb.go:275.10,277.39 2 0
github.com/piplabs/story/client/x/dkg/types/genesis.pb.go:277.39,278.20 1 0
github.com/piplabs/story/client/x/dkg/types/genesis.pb.go:278.20,280.6 1 0
github.com/piplabs/story/client/x/dkg/types/genesis.pb.go:281.5,281.19 1 0
github.com/piplabs/story/client/x/dkg/types/genesis.pb.go:281.19,283.6 1 0
github.com/piplabs/story/client/x/dkg/types/genesis.pb.go:284.5,287.17 4 0
github.com/piplabs/story/client/x/dkg/types/genesis.pb.go:287.17,288.11 1 0
github.com/piplabs/story/client/x/dkg/types/genesis.pb.go:291.4,291.18 1 0
github.com/piplabs/story/client/x/dkg/types/genesis.pb.go:291.18,293.5 1 0
github.com/piplabs/story/client/x/dkg/types/genesis.pb.go:294.4,294.19 1 0
github.com/piplabs/story/client/x/dkg/types/genesis.pb.go:295.10,296.11 1 0
github.com/piplabs/story/client/x/dkg/types/genesis.pb.go:297.10,298.18 1 0
github.com/piplabs/story/client/x/dkg/types/genesis.pb.go:298.18,300.5 1 0
github.com/piplabs/story/client/x/dkg/types/genesis.pb.go:301.4,301.11 1 0
github.com/piplabs/story/client/x/dkg/types/genesis.pb.go:302.10,303.14 1 0
github.com/piplabs/story/client/x/dkg/types/genesis.pb.go:304.11,305.64 1 0
github.com/piplabs/story/client/x/dkg/types/genesis.pb.go:307.3,307.16 1 0
github.com/piplabs/story/client/x/dkg/types/genesis.pb.go:307.16,309.4 1 0
github.com/piplabs/story/client/x/dkg/types/genesis.pb.go:310.3,310.17 1 0
github.com/piplabs/story/client/x/dkg/types/genesis.pb.go:310.17,312.4 1 0
github.com/piplabs/story/client/x/dkg/types/genesis.pb.go:314.2,314.31 1 0
github.com/piplabs/story/client/x/dkg/types/kernel.pb.go:35.52,35.87 1 0
github.com/piplabs/story/client/x/dkg/types/kernel.pb.go:36.52,36.89 1 0
github.com/piplabs/story/client/x/dkg/types/kernel.pb.go:37.53,37.54 0 0
github.com/piplabs/story/client/x/dkg/types/kernel.pb.go:38.63,40.2 1 0
github.com/piplabs/story/client/x/dkg/types/kernel.pb.go:41.66,43.2 1 0
github.com/piplabs/story/client/x/dkg/types/kernel.pb.go:44.94,45.19 1 0
github.com/piplabs/story/client/x/dkg/types/kernel.pb.go:45.19,47.3 1 0
github.com/piplabs/story/client/x/dkg/types/kernel.pb.go:47.8,50.17 3 0
github.com/piplabs/story/client/x/dkg/types/kernel.pb.go:50.17,52.4 1 0
github.com/piplabs/story/client/x/dkg/types/kernel.pb.go:53.3,53.20 1 0
github.com/piplabs/story/client/x/dkg/types/kernel.pb.go:56.65,58.2 1 0
github.com/piplabs/story/client/x/dkg/types/kernel.pb.go:59.51,61.2 1 0
github.com/piplabs/story/client/x/dkg/types/kernel.pb.go:62.57,64.2 1 0
github.com/piplabs/story/client/x/dkg/types/kernel.pb.go:73.53,73.89 1 0
github.com/piplabs/story/client/x/dkg/types/kernel.pb.go:74.53,74.90 1 0
github.com/piplabs/story/client/x/dkg/types/kernel.pb.go:75.54,75.55 0 0
github.com/piplabs/story/client/x/dkg/types/kernel.pb.go:76.64,78.2 1 0
github.com/piplabs/story/client/x/dkg/types/kernel.pb.go:79.67,81.2 1 0
github.com/piplabs/story/client/x/dkg/types/kernel.pb.go:82.95,83.19 1 0
github.com/piplabs/story/client/x/dkg/types/kernel.pb.go:83.19,85.3 1 0
github.com/piplabs/story/client/x/dkg/types/kernel.pb.go:85.8,88.17 3 0
github.com/piplabs/story/client/x/dkg/types/kernel.pb.go:88.17,90.4 1 0
github.com/piplabs/story/client/x/dkg/types/kernel.pb.go:91.3,91.20 1 0
github.com/piplabs/story/client/x/dkg/types/kernel.pb.go:94.66,96.2 1 0
github.com/piplabs/story/client/x/dkg/types/kernel.pb.go:97.52,99.2 1 0
github.com/piplabs/story/client/x/dkg/types/kernel.pb.go:100.58,102.2 1 0
github.com/piplabs/story/client/x/dkg/types/kernel.pb.go:106.64,107.14 1 0
github.com/piplabs/story/client/x/dkg/types/kernel.pb.go:107.14,109.3 1 0
github.com/piplabs/story/client/x/dkg/types/kernel.pb.go:110.2,110.12 1 0
github.com/piplabs/story/client/x/dkg/types/kernel.pb.go:120.53,120.89 1 0
github.com/piplabs/story/client/x/dkg/types/kernel.pb.go:121.53,121.90 1 0
github.com/piplabs/story/client/x/dkg/types/kernel.pb.go:122.54,122.55 0 0
github.com/piplabs/story/client/x/dkg/types/kernel.pb.go:123.64,125.2 1 0
github.com/piplabs/story/client/x/dkg/types/kernel.pb.go:126.67,128.2 1 0
github.com/piplabs/story/client/x/dkg/types/kernel.pb.go:129.95,130.19 1 0
github.com/piplabs/story/client/x/dkg/types/kernel.pb.go:130.19,132.3 1 0
github.com/piplabs/story/client/x/dkg/types/kernel.pb.go:132.8,135.17 3 0
github.com/piplabs/story/client/x/dkg/types/kernel.pb.go:135.17,137.4 1 0
github.com/piplabs/story/client/x/dkg/types/kernel.pb.go:138.3,138.20 1 0
github.com/piplabs/story/client/x/dkg/types/kernel.pb.go:141.66,143.2 1 0
github.com/piplabs/story/client/x/dkg/types/kernel.pb.go:144.52,146.2 1 0
github.com/piplabs/story/client/x/dkg/types/kernel.pb.go:147.58,149.2 1 0
github.com/piplabs/story/client/x/dkg/types/kernel.pb.go:153.64,154.14 1 0
github.com/piplabs/story/client/x/dkg/types/kernel.pb.go:154.14,156.3 1 0
github.com/piplabs/story/client/x/dkg/types/kernel.pb.go:157.2,157.12 1 0
github.com/piplabs/story/client/x/dkg/types/kernel.pb.go:160.55,161.14 1 0
github.com/piplabs/story/client/x/dkg/types/kernel.pb.go:161.14,163.3 1 0
github.com/piplabs/story/client/x/dkg/types/kernel.pb.go:164.2,164.10 1 0
github.com/piplabs/story/client/x/dkg/types/kernel.pb.go:167.57,168.14 1 0
github.com/piplabs/story/client/x/dkg/types/kernel.pb.go:168.14,170.3 1 0
github.com/piplabs/story/client/x/dkg/types/kernel.pb.go:171.2,171.11 1 0
github.com/piplabs/story/client/x/dkg/types/kernel.pb.go:185.54,185.91 1 0
github.com/piplabs/story/client/x/dkg/types/kernel.pb.go:186.54,186.91 1 0
github.com/piplabs/story/client/x/dkg/types/kernel.pb.go:187.55,187.56 0 0
github.com/piplabs/story/client/x/dkg/types/kernel.pb.go:188.65,190.2 1 0
github.com/piplabs/story/client/x/dkg/types/kernel.pb.go:191.68,193.2 1 0
github.com/piplabs/story/client/x/dkg/types/kernel.pb.go:194.96,195.19 1 0
github.com/piplabs/story/client/x/dkg/types/kernel.pb.go:195.19,197.3 1 0
github.com/piplabs/story/client/x/dkg/types/kernel.pb.go:197.8,200.17 3 0
github.com/piplabs/story/client/x/dkg/types/kernel.pb.go:200.17,202.4 1 0
github.com/piplabs/story/client/x/dkg/types/kernel.pb.go:203.3,203.20 1 0
github.com/piplabs/story/client/x/dkg/types/kernel.pb.go:206.67,208.2 1 0
github.com/piplabs/story/client/x/dkg/types/kernel.pb.go:209.53,211.2 1 0
github.com/piplabs/story/client/x/dkg/types/kernel.pb.go:212.59,214.2 1 0
github.com/piplabs/story/client/x/dkg/types/kernel.pb.go:218.65,219.14 1 0
github.com/piplabs/story/client/x/dkg/types/kernel.pb.go:219.14,221.3 1 0
github.com/piplabs/story/client/x/dkg/types/kernel.pb.go:222.2,222.12 1 0
github.com/piplabs/story/client/x/dkg/types/kernel.pb.go:225.56,226.14 1 0
github.com/piplabs/story/client/x/dkg/types/kernel.pb.go:226.14,228.3 1 0
github.com/piplabs/story/client/x/dkg/types/kernel.pb.go:229.2,229.10 1 0
github.com/piplabs/story/client/x/dkg/types/kernel.pb.go:232.66,233.14 1 0
github.com/piplabs/story/client/x/dkg/types/kernel.pb.go:233.14,235.3 1 0
github.com/piplabs/story/client/x/dkg/types/kernel.pb.go:236.2,236.10 1 0
github.com/piplabs/story/client/x/dkg/types/kernel.pb.go:239.65,240.14 1 0
github.com/piplabs/story/client/x/dkg/types/kernel.pb.go:240.14,242.3 1 0
github.com/piplabs/story/client/x/dkg/types/kernel.pb.go:243.2,243.12 1 0
github.com/piplabs/story/client/x/dkg/types/kernel.pb.go:246.60,247.14 1 0
github.com/piplabs/story/client/x/dkg/types/kernel.pb.go:247.14,249.3 1 0
github.com/piplabs/story/client/x/dkg/types/kernel.pb.go:250.2,250.12 1 0
github.com/piplabs/story/client/x/dkg/types/kernel.pb.go:253.61,254.14 1 0
github.com/piplabs/story/client/x/dkg/types/kernel.pb.go:254.14,256.3 1 0
github.com/piplabs/story/client/x/dkg/types/kernel.pb.go:257.2,257.12 1 0
github.com/piplabs/story/client/x/dkg/types/kernel.pb.go:260.64,261.14 1 0
github.com/piplabs/story/client/x/dkg/types/kernel.pb.go:261.14,263.3 1 0
github.com/piplabs/story/client/x/dkg/types/kernel.pb.go:264.2,264.12 1 0
github.com/piplabs/story/client/x/dkg/types/kernel.pb.go:274.48,274.79 1 0
github.com/piplabs/story/client/x/dkg/types/kernel.pb.go:275.48,275.85 1 0
github.com/piplabs/story/client/x/dkg/types/kernel.pb.go:276.49,276.50 0 0
github.com/piplabs/story/client/x/dkg/types/kernel.pb.go:277.59,279.2 1 0
github.com/piplabs/story/client/x/dkg/types/kernel.pb.go:280.62,282.2 1 0
github.com/piplabs/story/client/x/dkg/types/kernel.pb.go:283.90,284.19 1 0
github.com/piplabs/story/client/x/dkg/types/kernel.pb.go:284.19,286.3 1 0
github.com/piplabs/story/client/x/dkg/types/kernel.pb.go:286.8,289.17 3 0
github.com/piplabs/story/client/x/dkg/types/kernel.pb.go:289.17,291.4 1 0
github.com/piplabs/story/client/x/dkg/types/kernel.pb.go:292.3,292.20 1 0
github.com/piplabs/story/client/x/dkg/types/kernel.pb.go:295.61,297.2 1 0
github.com/piplabs/story/client/x/dkg/types/kernel.pb.go:298.47,300.2 1 0
github.com/piplabs/story/client/x/dkg/types/kernel.pb.go:301.53,303.2 1 0
github.com/piplabs/story/client/x/dkg/types/kernel.pb.go:307.59,308.14 1 0
github.com/piplabs/story/client/x/dkg/types/kernel.pb.go:308.14,310.3 1 0
github.com/piplabs/story/client/x/dkg/types/kernel.pb.go:311.2,311.12 1 0
github.com/piplabs/story/client/x/dkg/types/kernel.pb.go:314.50,315.14 1 0
github.com/piplabs/story/client/x/dkg/types/kernel.pb.go:315.14,317.3 1 0
github.com/piplabs/story/client/x/dkg/types/kernel.pb.go:318.2,318.10 1 0
github.com/piplabs/story/client/x/dkg/types/kernel.pb.go:321.54,322.14 1 0
github.com/piplabs/story/client/x/dkg/types/kernel.pb.go:322.14,324.3 1 0
github.com/piplabs/story/client/x/dkg/types/kernel.pb.go:325.2,325.14 1 0
github.com/piplabs/story/client/x/dkg/types/kernel.pb.go:335.49,335.81 1 0
github.com/piplabs/story/client/x/dkg/types/kernel.pb.go:336.49,336.86 1 0
github.com/piplabs/story/client/x/dkg/types/kernel.pb.go:337.50,337.51 0 0
github.com/piplabs/story/client/x/dkg/types/kernel.pb.go:338.60,340.2 1 0
github.com/piplabs/story/client/x/dkg/types/kernel.pb.go:341.63,343.2 1 0
github.com/piplabs/story/client/x/dkg/types/kernel.pb.go:344.91,345.19 1 0
github.com/piplabs/story/client/x/dkg/types/kernel.pb.go:345.19,347.3 1 0
github.com/piplabs/story/client/x/dkg/types/kernel.pb.go:347.8,350.17 3 0
github.com/piplabs/story/client/x/dkg/types/kernel.pb.go:350.17,352.4 1 0
github.com/piplabs/story/client/x/dkg/types/kernel.pb.go:353.3,353.20 1 0
github.com/piplabs/story/client/x/dkg/types/kernel.pb.go:356.62,358.2 1 0
github.com/piplabs/story/client/x/dkg/types/kernel.pb.go:359.48,361.2 1 0
github.com/piplabs/story/client/x/dkg/types/kernel.pb.go:362.54,364.2 1 0
github.com/piplabs/story/client/x/dkg/types/kernel.pb.go:368.60,369.14 1 0
github.com/piplabs/story/client/x/dkg/types/kernel.pb.go:369.14,371.3 1 0
github.com/piplabs/story/client/x/dkg/types/kernel.pb.go:372.2,372.12 1 0
github.com/piplabs/story/client/x/dkg/types/kernel.pb.go:375.51,376.14 1 0
github.com/piplabs/story/client/x/dkg/types/kernel.pb.go:376.14,378.3 1 0
github.com/piplabs/story/client/x/dkg/types/kernel.pb.go:379.2,379.10 1 0
github.com/piplabs/story/client/x/dkg/types/kernel.pb.go:382.51,383.14 1 0
github.com/piplabs/story/client/x/dkg/types/kernel.pb.go:383.14,385.3 1 0
github.com/piplabs/story/client/x/dkg/types/kernel.pb.go:386.2,386.12 1 0
github.com/piplabs/story/client/x/dkg/types/kernel.pb.go:397.47,397.77 1 0
github.com/piplabs/story/client/x/dkg/types/kernel.pb.go:398.47,398.84 1 0
github.com/piplabs/story/client/x/dkg/types/kernel.pb.go:399.48,399.49 0 0
github.com/piplabs/story/client/x/dkg/types/kernel.pb.go:400.58,402.2 1 0
github.com/piplabs/story/client/x/dkg/types/kernel.pb.go:403.61,405.2 1 0
github.com/piplabs/story/client/x/dkg/types/kernel.pb.go:406.89,407.19 1 0
github.com/piplabs/story/client/x/dkg/types/kernel.pb.go:407.19,409.3 1 0
github.com/piplabs/story/client/x/dkg/types/kernel.pb.go:409.8,412.17 3 0
github.com/piplabs/story/client/x/dkg/types/kernel.pb.go:412.17,414.4 1 0
github.com/piplabs/story/client/x/dkg/types/kernel.pb.go:415.3,415.20 1 0
github.com/piplabs/story/client/x/dkg/types/kernel.pb.go:418.60,420.2 1 0
github.com/piplabs/story/client/x/dkg/types/kernel.pb.go:421.46,423.2 1 0
github.com/piplabs/story/client/x/dkg/types/kernel.pb.go:424.52,426.2 1 0
github.com/piplabs/story/client/x/dkg/types/kernel.pb.go:430.58,431.14 1 0
github.com/piplabs/story/client/x/dkg/types/kernel.pb.go:431.14,433.3 1 0
github.com/piplabs/story/client/x/dkg/types/kernel.pb.go:434.2,434.12 1 0
github.com/piplabs/story/client/x/dkg/types/kernel.pb.go:437.49,438.14 1 0
github.com/piplabs/story/client/x/dkg/types/kernel.pb.go:438.14,440.3 1 0
github.com/piplabs/story/client/x/dkg/types/kernel.pb.go:441.2,441.10 1 0
github.com/piplabs/story/client/x/dkg/types/kernel.pb.go:444.49,445.14 1 0
github.com/piplabs/story/client/x/dkg/types/kernel.pb.go:445.14,447.3 1 0
github.com/piplabs/story/client/x/dkg/types/kernel.pb.go:448.2,448.12 1 0
github.com/piplabs/story/client/x/dkg/types/kernel.pb.go:451.53,452.14 1 0
github.com/piplabs/story/client/x/dkg/types/kernel.pb.go:452.14,454.3 1 0
github.com/piplabs/story/client/x/dkg/types/kernel.pb.go:455.2,455.14 1 0
github.com/piplabs/story/client/x/dkg/types/kernel.pb.go:465.48,465.79 1 0
github.com/piplabs/story/client/x/dkg/types/kernel.pb.go:466.48,466.85 1 0
github.com/piplabs/story/client/x/dkg/types/kernel.pb.go:467.49,467.50 0 0
github.com/piplabs/story/client/x/dkg/types/kernel.pb.go:468.59,470.2 1 0
github.com/piplabs/story/client/x/dkg/types/kernel.pb.go:471.62,473.2 1 0
github.com/piplabs/story/client/x/dkg/types/kernel.pb.go:474.90,475.19 1 0
github.com/piplabs/story/client/x/dkg/types/kernel.pb.go:475.19,477.3 1 0
github.com/piplabs/story/client/x/dkg/types/kernel.pb.go:477.8,480.17 3 0
github.com/piplabs/story/client/x/dkg/types/kernel.pb.go:480.17,482.4 1 0
github.com/piplabs/story/client/x/dkg/types/kernel.pb.go:483.3,483.20 1 0
github.com/piplabs/story/client/x/dkg/types/kernel.pb.go:486.61,488.2 1 0
github.com/piplabs/story/client/x/dkg/types/kernel.pb.go:489.47,491.2 1 0
github.com/piplabs/story/client/x/dkg/types/kernel.pb.go:492.53,494.2 1 0
github.com/piplabs/story/client/x/dkg/types/kernel.pb.go:498.59,499.14 1 0
github.com/piplabs/story/client/x/dkg/types/kernel.pb.go:499.14,501.3 1 0
github.com/piplabs/story/client/x/dkg/types/kernel.pb.go:502.2,502.12 1 0
github.com/piplabs/story/client/x/dkg/types/kernel.pb.go:505.50,506.14 1 0
github.com/piplabs/story/client/x/dkg/types/kernel.pb.go:506.14,508.3 1 0
github.com/piplabs/story/client/x/dkg/types/kernel.pb.go:509.2,509.10 1 0
github.com/piplabs/story/client/x/dkg/types/kernel.pb.go:512.58,513.14 1 0
github.com/piplabs/story/client/x/dkg/types/kernel.pb.go:513.14,515.3 1 0
github.com/piplabs/story/client/x/dkg/types/kernel.pb.go:516.2,516.12 1 0
github.com/piplabs/story/client/x/dkg/types/kernel.pb.go:526.51,526.85 1 0
github.com/piplabs/story/client/x/dkg/types/kernel.pb.go:527.51,527.88 1 0
github.com/piplabs/story/client/x/dkg/types/kernel.pb.go:528.52,528.53 0 0
github.com/piplabs/story/client/x/dkg/types/kernel.pb.go:529.62,531.2 1 0
github.com/piplabs/story/client/x/dkg/types/kernel.pb.go:532.65,534.2 1 0
github.com/piplabs/story/client/x/dkg/types/kernel.pb.go:535.93,536.19 1 0
github.com/piplabs/story/client/x/dkg/types/kernel.pb.go:536.19,538.3 1 0
github.com/piplabs/story/client/x/dkg/types/kernel.pb.go:538.8,541.17 3 0
github.com/piplabs/story/client/x/dkg/types/kernel.pb.go:541.17,543.4 1 0
github.com/piplabs/story/client/x/dkg/types/kernel.pb.go:544.3,544.20 1 0
github.com/piplabs/story/client/x/dkg/types/kernel.pb.go:547.64,549.2 1 0
github.com/piplabs/story/client/x/dkg/types/kernel.pb.go:550.50,552.2 1 0
github.com/piplabs/story/client/x/dkg/types/kernel.pb.go:553.56,555.2 1 0
github.com/piplabs/story/client/x/dkg/types/kernel.pb.go:559.62,560.14 1 0
github.com/piplabs/story/client/x/dkg/types/kernel.pb.go:560.14,562.3 1 0
github.com/piplabs/story/client/x/dkg/types/kernel.pb.go:563.2,563.12 1 0
github.com/piplabs/story/client/x/dkg/types/kernel.pb.go:566.53,567.14 1 0
github.com/piplabs/story/client/x/dkg/types/kernel.pb.go:567.14,569.3 1 0
github.com/piplabs/story/client/x/dkg/types/kernel.pb.go:570.2,570.10 1 0
github.com/piplabs/story/client/x/dkg/types/kernel.pb.go:573.61,574.14 1 0
github.com/piplabs/story/client/x/dkg/types/kernel.pb.go:574.14,576.3 1 0
github.com/piplabs/story/client/x/dkg/types/kernel.pb.go:577.2,577.12 1 0
github.com/piplabs/story/client/x/dkg/types/kernel.pb.go:580.57,581.14 1 0
github.com/piplabs/story/client/x/dkg/types/kernel.pb.go:581.14,583.3 1 0
github.com/piplabs/story/client/x/dkg/types/kernel.pb.go:584.2,584.14 1 0
github.com/piplabs/story/client/x/dkg/types/kernel.pb.go:591.52,591.87 1 0
github.com/piplabs/story/client/x/dkg/types/kernel.pb.go:592.52,592.89 1 0
github.com/piplabs/story/client/x/dkg/types/kernel.pb.go:593.53,593.54 0 0
github.com/piplabs/story/client/x/dkg/types/kernel.pb.go:594.63,596.2 1 0
github.com/piplabs/story/client/x/dkg/types/kernel.pb.go:597.66,599.2 1 0
github.com/piplabs/story/client/x/dkg/types/kernel.pb.go:600.94,601.19 1 0
github.com/piplabs/story/client/x/dkg/types/kernel.pb.go:601.19,603.3 1 0
github.com/piplabs/story/client/x/dkg/types/kernel.pb.go:603.8,606.17 3 0
github.com/piplabs/story/client/x/dkg/types/kernel.pb.go:606.17,608.4 1 0
github.com/piplabs/story/client/x/dkg/types/kernel.pb.go:609.3,609.20 1 0
github.com/piplabs/story/client/x/dkg/types/kernel.pb.go:612.65,614.2 1 0
github.com/piplabs/story/client/x/dkg/types/kernel.pb.go:615.51,617.2 1 0
github.com/piplabs/story/client/x/dkg/types/kernel.pb.go:618.57,620.2 1 0
github.com/piplabs/story/client/x/dkg/types/kernel.pb.go:624.73,625.14 1 0
github.com/piplabs/story/client/x/dkg/types/kernel.pb.go:625.14,627.3 1 0
github.com/piplabs/story/client/x/dkg/types/kernel.pb.go:628.2,628.12 1 0
github.com/piplabs/story/client/x/dkg/types/kernel.pb.go:638.46,638.75 1 0
github.com/piplabs/story/client/x/dkg/types/kernel.pb.go:639.46,639.83 1 0
github.com/piplabs/story/client/x/dkg/types/kernel.pb.go:640.47,640.48 0 0
github.com/piplabs/story/client/x/dkg/types/kernel.pb.go:641.57,643.2 1 0
github.com/piplabs/story/client/x/dkg/types/kernel.pb.go:644.60,646.2 1 0
github.com/piplabs/story/client/x/dkg/types/kernel.pb.go:647.88,648.19 1 0
github.com/piplabs/story/client/x/dkg/types/kernel.pb.go:648.19,650.3 1 0
github.com/piplabs/story/client/x/dkg/types/kernel.pb.go:650.8,653.17 3 0
github.com/piplabs/story/client/x/dkg/types/kernel.pb.go:653.17,655.4 1 0
github.com/piplabs/story/client/x/dkg/types/kernel.pb.go:656.3,656.20 1 0
github.com/piplabs/story/client/x/dkg/types/kernel.pb.go:659.59,661.2 1 0
github.com/piplabs/story/client/x/dkg/types/kernel.pb.go:662.45,664.2 1 0
github.com/piplabs/story/client/x/dkg/types/kernel.pb.go:665.51,667.2 1 0
github.com/piplabs/story/client/x/dkg/types/kernel.pb.go:671.57,672.14 1 0
github.com/piplabs/story/client/x/dkg/types/kernel.pb.go:672.14,674.3 1 0
github.com/piplabs/story/client/x/dkg/types/kernel.pb.go:675.2,675.12 1 0
github.com/piplabs/story/client/x/dkg/types/kernel.pb.go:678.48,679.14 1 0
github.com/piplabs/story/client/x/dkg/types/kernel.pb.go:679.14,681.3 1 0
github.com/piplabs/story/client/x/dkg/types/kernel.pb.go:682.2,682.10 1 0
github.com/piplabs/story/client/x/dkg/types/kernel.pb.go:685.52,686.14 1 0
github.com/piplabs/story/client/x/dkg/types/kernel.pb.go:686.14,688.3 1 0
github.com/piplabs/story/client/x/dkg/types/kernel.pb.go:689.2,689.14 1 0
github.com/piplabs/story/client/x/dkg/types/kernel.pb.go:703.47,703.77 1 0
github.com/piplabs/story/client/x/dkg/types/kernel.pb.go:704.47,704.84 1 0
github.com/piplabs/story/client/x/dkg/types/kernel.pb.go:705.48,705.49 0 0
github.com/piplabs/story/client/x/dkg/types/kernel.pb.go:706.58,708.2 1 0
github.com/piplabs/story/client/x/dkg/types/kernel.pb.go:709.61,711.2 1 0
github.com/piplabs/story/client/x/dkg/types/kernel.pb.go:712.89,713.19 1 0
github.com/piplabs/story/client/x/dkg/types/kernel.pb.go:713.19,715.3 1 0
github.com/piplabs/story/client/x/dkg/types/kernel.pb.go:715.8,718.17 3 0
github.com/piplabs/story/client/x/dkg/types/kernel.pb.go:718.17,720.4 1 0
github.com/piplabs/story/client/x/dkg/types/kernel.pb.go:721.3,721.20 1 0
github.com/piplabs/story/client/x/dkg/types/kernel.pb.go:724.60,726.2 1 0
github.com/piplabs/story/client/x/dkg/types/kernel.pb.go:727.46,729.2 1 0
github.com/piplabs/story/client/x/dkg/types/kernel.pb.go:730.52,732.2 1 0
github.com/piplabs/story/client/x/dkg/types/kernel.pb.go:736.58,737.14 1 0
github.com/piplabs/story/client/x/dkg/types/kernel.pb.go:737.14,739.3 1 0
github.com/piplabs/story/client/x/dkg/types/kernel.pb.go:740.2,740.12 1 0
github.com/piplabs/story/client/x/dkg/types/kernel.pb.go:743.49,744.14 1 0
github.com/piplabs/story/client/x/dkg/types/kernel.pb.go:744.14,746.3 1 0
github.com/piplabs/story/client/x/dkg/types/kernel.pb.go:747.2,747.10 1 0
github.com/piplabs/story/client/x/dkg/types/kernel.pb.go:750.60,751.14 1 0
github.com/piplabs/story/client/x/dkg/types/kernel.pb.go:751.14,753.3 1 0
github.com/piplabs/story/client/x/dkg/types/kernel.pb.go:754.2,754.12 1 0
github.com/piplabs/story/client/x/dkg/types/kernel.pb.go:757.56,758.14 1 0
github.com/piplabs/story/client/x/dkg/types/kernel.pb.go:758.14,760.3 1 0
github.com/piplabs/story/client/x/dkg/types/kernel.pb.go:761.2,761.12 1 0
github.com/piplabs/story/client/x/dkg/types/kernel.pb.go:764.58,765.14 1 0
github.com/piplabs/story/client/x/dkg/types/kernel.pb.go:765.14,767.3 1 0
github.com/piplabs/story/client/x/dkg/types/kernel.pb.go:768.2,768.12 1 0
github.com/piplabs/story/client/x/dkg/types/kernel.pb.go:771.55,772.14 1 0
github.com/piplabs/story/client/x/dkg/types/kernel.pb.go:772.14,774.3 1 0
github.com/piplabs/story/client/x/dkg/types/kernel.pb.go:775.2,775.12 1 0
github.com/piplabs/story/client/x/dkg/types/kernel.pb.go:778.53,779.14 1 0
github.com/piplabs/story/client/x/dkg/types/kernel.pb.go:779.14,781.3 1 0
github.com/piplabs/story/client/x/dkg/types/kernel.pb.go:782.2,782.12 1 0
github.com/piplabs/story/client/x/dkg/types/kernel.pb.go:797.53,797.89 1 0
github.com/piplabs/story/client/x/dkg/types/kernel.pb.go:798.53,798.90 1 0
github.com/piplabs/story/client/x/dkg/types/kernel.pb.go:799.54,799.55 0 0
github.com/piplabs/story/client/x/dkg/types/kernel.pb.go:800.64,802.2 1 0
github.com/piplabs/story/client/x/dkg/types/kernel.pb.go:803.67,805.2 1 0
github.com/piplabs/story/client/x/dkg/types/kernel.pb.go:806.95,807.19 1 0
github.com/piplabs/story/client/x/dkg/types/kernel.pb.go:807.19,809.3 1 0
github.com/piplabs/story/client/x/dkg/types/kernel.pb.go:809.8,812.17 3 0
github.com/piplabs/story/client/x/dkg/types/kernel.pb.go:812.17,814.4 1 0
github.com/piplabs/story/client/x/dkg/types/kernel.pb.go:815.3,815.20 1 0
github.com/piplabs/story/client/x/dkg/types/kernel.pb.go:818.66,820.2 1 0
github.com/piplabs/story/client/x/dkg/types/kernel.pb.go:821.52,823.2 1 0
github.com/piplabs/story/client/x/dkg/types/kernel.pb.go:824.58,826.2 1 0
github.com/piplabs/story/client/x/dkg/types/kernel.pb.go:830.64,831.14 1 0
github.com/piplabs/story/client/x/dkg/types/kernel.pb.go:831.14,833.3 1 0
github.com/piplabs/story/client/x/dkg/types/kernel.pb.go:834.2,834.12 1 0
github.com/piplabs/story/client/x/dkg/types/kernel.pb.go:837.55,838.14 1 0
github.com/piplabs/story/client/x/dkg/types/kernel.pb.go:838.14,840.3 1 0
github.com/piplabs/story/client/x/dkg/types/kernel.pb.go:841.2,841.10 1 0
github.com/piplabs/story/client/x/dkg/types/kernel.pb.go:844.60,845.14 1 0
github.com/piplabs/story/client/x/dkg/types/kernel.pb.go:845.14,847.3 1 0
github.com/piplabs/story/client/x/dkg/types/kernel.pb.go:848.2,848.12 1 0
github.com/piplabs/story/client/x/dkg/types/kernel.pb.go:851.55,852.14 1 0
github.com/piplabs/story/client/x/dkg/types/kernel.pb.go:852.14,854.3 1 0
github.com/piplabs/story/client/x/dkg/types/kernel.pb.go:855.2,855.12 1 0
github.com/piplabs/story/client/x/dkg/types/kernel.pb.go:858.53,859.14 1 0
github.com/piplabs/story/client/x/dkg/types/kernel.pb.go:859.14,861.3 1 0
github.com/piplabs/story/client/x/dkg/types/kernel.pb.go:862.2,862.10 1 0
github.com/piplabs/story/client/x/dkg/types/kernel.pb.go:865.62,866.14 1 0
github.com/piplabs/story/client/x/dkg/types/kernel.pb.go:866.14,868.3 1 0
github.com/piplabs/story/client/x/dkg/types/kernel.pb.go:869.2,869.12 1 0
github.com/piplabs/story/client/x/dkg/types/kernel.pb.go:872.63,873.14 1 0
github.com/piplabs/story/client/x/dkg/types/kernel.pb.go:873.14,875.3 1 0
github.com/piplabs/story/client/x/dkg/types/kernel.pb.go:876.2,876.11 1 0
github.com/piplabs/story/client/x/dkg/types/kernel.pb.go:879.65,880.14 1 0
github.com/piplabs/story/client/x/dkg/types/kernel.pb.go:880.14,882.3 1 0
github.com/piplabs/story/client/x/dkg/types/kernel.pb.go:883.2,883.12 1 0
github.com/piplabs/story/client/x/dkg/types/kernel.pb.go:895.54,895.91 1 0
github.com/piplabs/story/client/x/dkg/types/kernel.pb.go:896.54,896.91 1 0
github.com/piplabs/story/client/x/dkg/types/kernel.pb.go:897.55,897.56 0 0
github.com/piplabs/story/client/x/dkg/types/kernel.pb.go:898.65,900.2 1 0
github.com/piplabs/story/client/x/dkg/types/kernel.pb.go:901.68,903.2 1 0
github.com/piplabs/story/client/x/dkg/types/kernel.pb.go:904.96,905.19 1 0
github.com/piplabs/story/client/x/dkg/types/kernel.pb.go:905.19,907.3 1 0
github.com/piplabs/story/client/x/dkg/types/kernel.pb.go:907.8,910.17 3 0
github.com/piplabs/story/client/x/dkg/types/kernel.pb.go:910.17,912.4 1 0
github.com/piplabs/story/client/x/dkg/types/kernel.pb.go:913.3,913.20 1 0
github.com/piplabs/story/client/x/dkg/types/kernel.pb.go:916.67,918.2 1 0
github.com/piplabs/story/client/x/dkg/types/kernel.pb.go:919.53,921.2 1 0
github.com/piplabs/story/client/x/dkg/types/kernel.pb.go:922.59,924.2 1 0
github.com/piplabs/story/client/x/dkg/types/kernel.pb.go:928.77,929.14 1 0
github.com/piplabs/story/client/x/dkg/types/kernel.pb.go:929.14,931.3 1 0
github.com/piplabs/story/client/x/dkg/types/kernel.pb.go:932.2,932.12 1 0
github.com/piplabs/story/client/x/dkg/types/kernel.pb.go:935.66,936.14 1 0
github.com/piplabs/story/client/x/dkg/types/kernel.pb.go:936.14,938.3 1 0
github.com/piplabs/story/client/x/dkg/types/kernel.pb.go:939.2,939.12 1 0
github.com/piplabs/story/client/x/dkg/types/kernel.pb.go:942.59,943.14 1 0
github.com/piplabs/story/client/x/dkg/types/kernel.pb.go:943.14,945.3 1 0
github.com/piplabs/story/client/x/dkg/types/kernel.pb.go:946.2,946.12 1 0
github.com/piplabs/story/client/x/dkg/types/kernel.pb.go:949.60,950.14 1 0
github.com/piplabs/story/client/x/dkg/types/kernel.pb.go:950.14,952.3 1 0
github.com/piplabs/story/client/x/dkg/types/kernel.pb.go:953.2,953.12 1 0
github.com/piplabs/story/client/x/dkg/types/kernel.pb.go:965.55,965.93 1 0
github.com/piplabs/story/client/x/dkg/types/kernel.pb.go:966.55,966.92 1 0
github.com/piplabs/story/client/x/dkg/types/kernel.pb.go:967.56,967.57 0 0
github.com/piplabs/story/client/x/dkg/types/kernel.pb.go:968.66,970.2 1 0
github.com/piplabs/story/client/x/dkg/types/kernel.pb.go:971.69,973.2 1 0
github.com/piplabs/story/client/x/dkg/types/kernel.pb.go:974.97,975.19 1 0
github.com/piplabs/story/client/x/dkg/types/kernel.pb.go:975.19,977.3 1 0
github.com/piplabs/story/client/x/dkg/types/kernel.pb.go:977.8,980.17 3 0
github.com/piplabs/story/client/x/dkg/types/kernel.pb.go:980.17,982.4 1 0
github.com/piplabs/story/client/x/dkg/types/kernel.pb.go:983.3,983.20 1 0
github.com/piplabs/story/client/x/dkg/types/kernel.pb.go:986.68,988.2 1 0
github.com/piplabs/story/client/x/dkg/types/kernel.pb.go:989.54,991.2 1 0
github.com/piplabs/story/client/x/dkg/types/kernel.pb.go:992.60,994.2 1 0
github.com/piplabs/story/client/x/dkg/types/kernel.pb.go:998.66,999.14 1 0
github.com/piplabs/story/client/x/dkg/types/kernel.pb.go:999.14,1001.3 1 0
github.com/piplabs/story/client/x/dkg/types/kernel.pb.go:1002.2,1002.12 1 0
github.com/piplabs/story/client/x/dkg/types/kernel.pb.go:1005.57,1006.14 1 0
github.com/piplabs/story/client/x/dkg/types/kernel.pb.go:1006.14,1008.3 1 0
github.com/piplabs/story/client/x/dkg/types/kernel.pb.go:1009.2,1009.10 1 0
github.com/piplabs/story/client/x/dkg/types/kernel.pb.go:1012.75,1013.14 1 0
github.com/piplabs/story/client/x/dkg/types/kernel.pb.go:1013.14,1015.3 1 0
github.com/piplabs/story/client/x/dkg/types/kernel.pb.go:1016.2,1016.12 1 0
github.com/piplabs/story/client/x/dkg/types/kernel.pb.go:1019.61,1020.14 1 0
github.com/piplabs/story/client/x/dkg/types/kernel.pb.go:1020.14,1022.3 1 0
github.com/piplabs/story/client/x/dkg/types/kernel.pb.go:1023.2,1023.14 1 0
github.com/piplabs/story/client/x/dkg/types/kernel.pb.go:1030.56,1030.95 1 0
github.com/piplabs/story/client/x/dkg/types/kernel.pb.go:1031.56,1031.93 1 0
github.com/piplabs/story/client/x/dkg/types/kernel.pb.go:1032.57,1032.58 0 0
github.com/piplabs/story/client/x/dkg/types/kernel.pb.go:1033.67,1035.2 1 0
github.com/piplabs/story/client/x/dkg/types/kernel.pb.go:1036.70,1038.2 1 0
github.com/piplabs/story/client/x/dkg/types/kernel.pb.go:1039.98,1040.19 1 0
github.com/piplabs/story/client/x/dkg/types/kernel.pb.go:1040.19,1042.3 1 0
github.com/piplabs/story/client/x/dkg/types/kernel.pb.go:1042.8,1045.17 3 0
github.com/piplabs/story/client/x/dkg/types/kernel.pb.go:1045.17,1047.4 1 0
github.com/piplabs/story/client/x/dkg/types/kernel.pb.go:1048.3,1048.20 1 0
github.com/piplabs/story/client/x/dkg/types/kernel.pb.go:1051.69,1053.2 1 0
github.com/piplabs/story/client/x/dkg/types/kernel.pb.go:1054.55,1056.2 1 0
github.com/piplabs/story/client/x/dkg/types/kernel.pb.go:1057.61,1059.2 1 0
github.com/piplabs/story/client/x/dkg/types/kernel.pb.go:1068.41,1068.65 1 0
github.com/piplabs/story/client/x/dkg/types/kernel.pb.go:1069.41,1069.78 1 0
github.com/piplabs/story/client/x/dkg/types/kernel.pb.go:1070.42,1070.43 0 0
github.com/piplabs/story/client/x/dkg/types/kernel.pb.go:1071.52,1073.2 1 0
github.com/piplabs/story/client/x/dkg/types/kernel.pb.go:1074.55,1076.2 1 0
github.com/piplabs/story/client/x/dkg/types/kernel.pb.go:1077.83,1078.19 1 0
github.com/piplabs/story/client/x/dkg/types/kernel.pb.go:1078.19,1080.3 1 0
github.com/piplabs/story/client/x/dkg/types/kernel.pb.go:1080.8,1083.17 3 0
github.com/piplabs/story/client/x/dkg/types/kernel.pb.go:1083.17,1085.4 1 0
github.com/piplabs/story/client/x/dkg/types/kernel.pb.go:1086.3,1086.20 1 0
github.com/piplabs/story/client/x/dkg/types/kernel.pb.go:1089.54,1091.2 1 0
github.com/piplabs/story/client/x/dkg/types/kernel.pb.go:1092.40,1094.2 1 0
github.com/piplabs/story/client/x/dkg/types/kernel.pb.go:1095.46,1097.2 1 0
github.com/piplabs/story/client/x/dkg/types/kernel.pb.go:1101.43,1102.14 1 0
github.com/piplabs/story/client/x/dkg/types/kernel.pb.go:1102.14,1104.3 1 0
github.com/piplabs/story/client/x/dkg/types/kernel.pb.go:1105.2,1105.10 1 0
github.com/piplabs/story/client/x/dkg/types/kernel.pb.go:1108.65,1109.14 1 0
github.com/piplabs/story/client/x/dkg/types/kernel.pb.go:1109.14,1111.3 1 0
github.com/piplabs/story/client/x/dkg/types/kernel.pb.go:1112.2,1112.12 1 0
github.com/piplabs/story/client/x/dkg/types/kernel.pb.go:1122.44,1122.71 1 0
github.com/piplabs/story/client/x/dkg/types/kernel.pb.go:1123.44,1123.81 1 0
github.com/piplabs/story/client/x/dkg/types/kernel.pb.go:1124.45,1124.46 0 0
github.com/piplabs/story/client/x/dkg/types/kernel.pb.go:1125.55,1127.2 1 0
github.com/piplabs/story/client/x/dkg/types/kernel.pb.go:1128.58,1130.2 1 0
github.com/piplabs/story/client/x/dkg/types/kernel.pb.go:1131.86,1132.19 1 0
github.com/piplabs/story/client/x/dkg/types/kernel.pb.go:1132.19,1134.3 1 0
github.com/piplabs/story/client/x/dkg/types/kernel.pb.go:1134.8,1137.17 3 0
github.com/piplabs/story/client/x/dkg/types/kernel.pb.go:1137.17,1139.4 1 0
github.com/piplabs/story/client/x/dkg/types/kernel.pb.go:1140.3,1140.20 1 0
github.com/piplabs/story/client/x/dkg/types/kernel.pb.go:1143.57,1145.2 1 0
github.com/piplabs/story/client/x/dkg/types/kernel.pb.go:1146.43,1148.2 1 0
github.com/piplabs/story/client/x/dkg/types/kernel.pb.go:1149.49,1151.2 1 0
github.com/piplabs/story/client/x/dkg/types/kernel.pb.go:1155.50,1156.14 1 0
github.com/piplabs/story/client/x/dkg/types/kernel.pb.go:1156.14,1158.3 1 0
github.com/piplabs/story/client/x/dkg/types/kernel.pb.go:1159.2,1159.12 1 0
github.com/piplabs/story/client/x/dkg/types/kernel.pb.go:1162.46,1163.14 1 0
github.com/piplabs/story/client/x/dkg/types/kernel.pb.go:1163.14,1165.3 1 0
github.com/piplabs/story/client/x/dkg/types/kernel.pb.go:1166.2,1166.10 1 0
github.com/piplabs/story/client/x/dkg/types/kernel.pb.go:1169.54,1170.14 1 0
github.com/piplabs/story/client/x/dkg/types/kernel.pb.go:1170.14,1172.3 1 0
github.com/piplabs/story/client/x/dkg/types/kernel.pb.go:1173.2,1173.12 1 0
github.com/piplabs/story/client/x/dkg/types/kernel.pb.go:1176.50,1177.14 1 0
github.com/piplabs/story/client/x/dkg/types/kernel.pb.go:1177.14,1179.3 1 0
github.com/piplabs/story/client/x/dkg/types/kernel.pb.go:1180.2,1180.12 1 0
github.com/piplabs/story/client/x/dkg/types/kernel.pb.go:1190.37,1190.57 1 0
github.com/piplabs/story/client/x/dkg/types/kernel.pb.go:1191.37,1191.74 1 0
github.com/piplabs/story/client/x/dkg/types/kernel.pb.go:1192.38,1192.39 0 0
github.com/piplabs/story/client/x/dkg/types/kernel.pb.go:1193.48,1195.2 1 0
github.com/piplabs/story/client/x/dkg/types/kernel.pb.go:1196.51,1198.2 1 0
github.com/piplabs/story/client/x/dkg/types/kernel.pb.go:1199.79,1200.19 1 0
github.com/piplabs/story/client/x/dkg/types/kernel.pb.go:1200.19,1202.3 1 0
github.com/piplabs/story/client/x/dkg/types/kernel.pb.go:1202.8,1205.17 3 0
github.com/piplabs/story/client/x/dkg/types/kernel.pb.go:1205.17,1207.4 1 0
github.com/piplabs/story/client/x/dkg/types/kernel.pb.go:1208.3,1208.20 1 0
github.com/piplabs/story/client/x/dkg/types/kernel.pb.go:1211.50,1213.2 1 0
github.com/piplabs/story/client/x/dkg/types/kernel.pb.go:1214.36,1216.2 1 0
github.com/piplabs/story/client/x/dkg/types/kernel.pb.go:1217.42,1219.2 1 0
github.com/piplabs/story/client/x/dkg/types/kernel.pb.go:1223.43,1224.14 1 0
github.com/piplabs/story/client/x/dkg/types/kernel.pb.go:1224.14,1226.3 1 0
github.com/piplabs/story/client/x/dkg/types/kernel.pb.go:1227.2,1227.12 1 0
github.com/piplabs/story/client/x/dkg/types/kernel.pb.go:1230.45,1231.14 1 0
github.com/piplabs/story/client/x/dkg/types/kernel.pb.go:1231.14,1233.3 1 0
github.com/piplabs/story/client/x/dkg/types/kernel.pb.go:1234.2,1234.12 1 0
github.com/piplabs/story/client/x/dkg/types/kernel.pb.go:1237.43,1238.14 1 0
github.com/piplabs/story/client/x/dkg/types/kernel.pb.go:1238.14,1240.3 1 0
github.com/piplabs/story/client/x/dkg/types/kernel.pb.go:1241.2,1241.10 1 0
github.com/piplabs/story/client/x/dkg/types/kernel.pb.go:1244.47,1245.14 1 0
github.com/piplabs/story/client/x/dkg/types/kernel.pb.go:1245.14,1247.3 1 0
github.com/piplabs/story/client/x/dkg/types/kernel.pb.go:1248.2,1248.12 1 0
github.com/piplabs/story/client/x/dkg/types/kernel.pb.go:1256.36,1256.55 1 0
github.com/piplabs/story/client/x/dkg/types/kernel.pb.go:1257.36,1257.73 1 0
github.com/piplabs/story/client/x/dkg/types/kernel.pb.go:1258.37,1258.38 0 0
github.com/piplabs/story/client/x/dkg/types/kernel.pb.go:1259.47,1261.2 1 0
github.com/piplabs/story/client/x/dkg/types/kernel.pb.go:1262.50,1264.2 1 0
github.com/piplabs/story/client/x/dkg/types/kernel.pb.go:1265.78,1266.19 1 0
github.com/piplabs/story/client/x/dkg/types/kernel.pb.go:1266.19,1268.3 1 0
github.com/piplabs/story/client/x/dkg/types/kernel.pb.go:1268.8,1271.17 3 0
github.com/piplabs/story/client/x/dkg/types/kernel.pb.go:1271.17,1273.4 1 0
github.com/piplabs/story/client/x/dkg/types/kernel.pb.go:1274.3,1274.20 1 0
github.com/piplabs/story/client/x/dkg/types/kernel.pb.go:1277.49,1279.2 1 0
github.com/piplabs/story/client/x/dkg/types/kernel.pb.go:1280.35,1282.2 1 0
github.com/piplabs/story/client/x/dkg/types/kernel.pb.go:1283.41,1285.2 1 0
github.com/piplabs/story/client/x/dkg/types/kernel.pb.go:1289.34,1290.14 1 0
github.com/piplabs/story/client/x/dkg/types/kernel.pb.go:1290.14,1292.3 1 0
github.com/piplabs/story/client/x/dkg/types/kernel.pb.go:1293.2,1293.10 1 0
github.com/piplabs/story/client/x/dkg/types/kernel.pb.go:1296.35,1297.14 1 0
github.com/piplabs/story/client/x/dkg/types/kernel.pb.go:1297.14,1299.3 1 0
github.com/piplabs/story/client/x/dkg/types/kernel.pb.go:1300.2,1300.12 1 0
github.com/piplabs/story/client/x/dkg/types/kernel.pb.go:1303.13,1324.2 20 1
github.com/piplabs/story/client/x/dkg/types/kernel.pb.go:1326.13,1326.103 1 1
github.com/piplabs/story/client/x/dkg/types/kernel.pb.go:1453.70,1455.2 1 0
github.com/piplabs/story/client/x/dkg/types/kernel.pb.go:1457.161,1460.16 3 0
github.com/piplabs/story/client/x/dkg/types/kernel.pb.go:1460.16,1462.3 1 0
github.com/piplabs/story/client/x/dkg/types/kernel.pb.go:1463.2,1463.17 1 0
github.com/piplabs/story/client/x/dkg/types/kernel.pb.go:1466.164,1469.16 3 0
github.com/piplabs/story/client/x/dkg/types/kernel.pb.go:1469.16,1471.3 1 0
github.com/piplabs/story/client/x/dkg/types/kernel.pb.go:1472.2,1472.17 1 0
github.com/piplabs/story/client/x/dkg/types/kernel.pb.go:1475.149,1478.16 3 0
github.com/piplabs/story/client/x/dkg/types/kernel.pb.go:1478.16,1480.3 1 0
github.com/piplabs/story/client/x/dkg/types/kernel.pb.go:1481.2,1481.17 1 0
github.com/piplabs/story/client/x/dkg/types/kernel.pb.go:1484.146,1487.16 3 0
github.com/piplabs/story/client/x/dkg/types/kernel.pb.go:1487.16,1489.3 1 0
github.com/piplabs/story/client/x/dkg/types/kernel.pb.go:1490.2,1490.17 1 0
github.com/piplabs/story/client/x/dkg/types/kernel.pb.go:1493.158,1496.16 3 0
github.com/piplabs/story/client/x/dkg/types/kernel.pb.go:1496.16,1498.3 1 0
github.com/piplabs/story/client/x/dkg/types/kernel.pb.go:1499.2,1499.17 1 0
github.com/piplabs/story/client/x/dkg/types/kernel.pb.go:1502.170,1505.16 3 0
github.com/piplabs/story/client/x/dkg/types/kernel.pb.go:1505.16,1507.3 1 0
github.com/piplabs/story/client/x/dkg/types/kernel.pb.go:1508.2,1508.17 1 0
github.com/piplabs/story/client/x/dkg/types/kernel.pb.go:1511.143,1514.16 3 0
github.com/piplabs/story/client/x/dkg/types/kernel.pb.go:1514.16,1516.3 1 0
github.com/piplabs/story/client/x/dkg/types/kernel.pb.go:1517.2,1517.17 1 0
github.com/piplabs/story/client/x/dkg/types/kernel.pb.go:1520.164,1523.16 3 0
github.com/piplabs/story/client/x/dkg/types/kernel.pb.go:1523.16,1525.3 1 0
github.com/piplabs/story/client/x/dkg/types/kernel.pb.go:1526.2,1526.17 1 0
github.com/piplabs/story/client/x/dkg/types/kernel.pb.go:1545.148,1547.2 1 0
github.com/piplabs/story/client/x/dkg/types/kernel.pb.go:1548.151,1550.2 1 0
github.com/piplabs/story/client/x/dkg/types/kernel.pb.go:1551.136,1553.2 1 0
github.com/piplabs/story/client/x/dkg/types/kernel.pb.go:1554.133,1556.2 1 0
github.com/piplabs/story/client/x/dkg/types/kernel.pb.go:1557.145,1559.2 1 0
github.com/piplabs/story/client/x/dkg/types/kernel.pb.go:1560.157,1562.2 1 0
github.com/piplabs/story/client/x/dkg/types/kernel.pb.go:1563.130,1565.2 1 0
github.com/piplabs/story/client/x/dkg/types/kernel.pb.go:1566.151,1568.2 1 0
github.com/piplabs/story/client/x/dkg/types/kernel.pb.go:1570.75,1572.2 1 0
github.com/piplabs/story/client/x/dkg/types/kernel.pb.go:1574.176,1576.32 2 0
github.com/piplabs/story/client/x/dkg/types/kernel.pb.go:1576.32,1578.3 1 0
github.com/piplabs/story/client/x/dkg/types/kernel.pb.go:1579.2,1579.24 1 0
github.com/piplabs/story/client/x/dkg/types/kernel.pb.go:1579.24,1581.3 1 0
github.com/piplabs/story/client/x/dkg/types/kernel.pb.go:1582.2,1586.77 2 0
github.com/piplabs/story/client/x/dkg/types/kernel.pb.go:1586.77,1588.3 1 0
github.com/piplabs/story/client/x/dkg/types/kernel.pb.go:1589.2,1589.44 1 0
github.com/piplabs/story/client/x/dkg/types/kernel.pb.go:1592.177,1594.32 2 0
github.com/piplabs/story/client/x/dkg/types/kernel.pb.go:1594.32,1596.3 1 0
github.com/piplabs/story/client/x/dkg/types/kernel.pb.go:1597.2,1597.24 1 0
github.com/piplabs/story/client/x/dkg/types/kernel.pb.go:1597.24,1599.3 1 0
github.com/piplabs/story/client/x/dkg/types/kernel.pb.go:1600.2,1604.77 2 0
github.com/piplabs/story/client/x/dkg/types/kernel.pb.go:1604.77,1606.3 1 0
github.com/piplabs/story/client/x/dkg/types/kernel.pb.go:1607.2,1607.44 1 0
github.com/piplabs/story/client/x/dkg/types/kernel.pb.go:1610.172,1612.32 2 0
github.com/piplabs/story/client/x/dkg/types/kernel.pb.go:1612.32,1614.3 1 0
github.com/piplabs/story/client/x/dkg/types/kernel.pb.go:1615.2,1615.24 1 0
github.com/piplabs/story/client/x/dkg/types/kernel.pb.go:1615.24,1617.3 1 0
github.com/piplabs/story/client/x/dkg/types/kernel.pb.go:1618.2,1622.77 2 0
github.com/piplabs/story/client/x/dkg/types/kernel.pb.go:1622.77,1624.3 1 0
github.com/piplabs/story/client/x/dkg/types/kernel.pb.go:1625.2,1625.44 1 0
github.com/piplabs/story/client/x/dkg/types/kernel.pb.go:1628.171,1630.32 2 0
github.com/piplabs/story/client/x/dkg/types/kernel.pb.go:1630.32,1632.3 1 0
github.com/piplabs/story/client/x/dkg/types/kernel.pb.go:1633.2,1633.24 1 0
github.com/piplabs/story/client/x/dkg/types/kernel.pb.go:1633.24,1635.3 1 0
github.com/piplabs/story/client/x/dkg/types/kernel.pb.go:1636.2,1640.77 2 0
github.com/piplabs/story/client/x/dkg/types/kernel.pb.go:1640.77,1642.3 1 0
github.com/piplabs/story/client/x/dkg/types/kernel.pb.go:1643.2,1643.44 1 0
github.com/piplabs/story/client/x/dkg/types/kernel.pb.go:1646.175,1648.32 2 0
github.com/piplabs/story/client/x/dkg/types/kernel.pb.go:1648.32,1650.3 1 0
github.com/piplabs/story/client/x/dkg/types/kernel.pb.go:1651.2,1651.24 1 0
github.com/piplabs/story/client/x/dkg/types/kernel.pb.go:1651.24,1653.3 1 0
github.com/piplabs/story/client/x/dkg/types/kernel.pb.go:1654.2,1658.77 2 0
github.com/piplabs/story/client/x/dkg/types/kernel.pb.go:1658.77,1660.3 1 0
github.com/piplabs/story/client/x/dkg/types/kernel.pb.go:1661.2,1661.44 1 0
github.com/piplabs/story/client/x/dkg/types/kernel.pb.go:1664.179,1666.32 2 0
github.com/piplabs/story/client/x/dkg/types/kernel.pb.go:1666.32,1668.3 1 0
github.com/piplabs/story/client/x/dkg/types/kernel.pb.go:1669.2,1669.24 1 0
github.com/piplabs/story/client/x/dkg/types/kernel.pb.go:1669.24,1671.3 1 0
github.com/piplabs/story/client/x/dkg/types/kernel.pb.go:1672.2,1676.77 2 0
github.com/piplabs/story/client/x/dkg/types/kernel.pb.go:1676.77,1678.3 1 0
github.com/piplabs/story/client/x/dkg/types/kernel.pb.go:1679.2,1679.44 1 0
github.com/piplabs/story/client/x/dkg/types/kernel.pb.go:1682.170,1684.32 2 0
github.com/piplabs/story/client/x/dkg/types/kernel.pb.go:1684.32,1686.3 1 0
github.com/piplabs/story/client/x/dkg/types/kernel.pb.go:1687.2,1687.24 1 0
github.com/piplabs/story/client/x/dkg/types/kernel.pb.go:1687.24,1689.3 1 0
github.com/piplabs/story/client/x/dkg/types/kernel.pb.go:1690.2,1694.77 2 0
github.com/piplabs/story/client/x/dkg/types/kernel.pb.go:1694.77,1696.3 1 0
github.com/piplabs/story/client/x/dkg/types/kernel.pb.go:1697.2,1697.44 1 0
github.com/piplabs/story/client/x/dkg/types/kernel.pb.go:1700.177,1702.32 2 0
github.com/piplabs/story/client/x/dkg/types/kernel.pb.go:1702.32,1704.3 1 0
github.com/piplabs/story/client/x/dkg/types/kernel.pb.go:1705.2,1705.24 1 0
github.com/piplabs/story/client/x/dkg/types/kernel.pb.go:1705.24,1707.3 1 0
github.com/piplabs/story/client/x/dkg/types/kernel.pb.go:1708.2,1712.77 2 0
github.com/piplabs/story/client/x/dkg/types/kernel.pb.go:1712.77,1714.3 1 0
github.com/piplabs/story/client/x/dkg/types/kernel.pb.go:1715.2,1715.44 1 0
github.com/piplabs/story/client/x/dkg/types/kernel.pb.go:1760.71,1764.16 4 0
github.com/piplabs/story/client/x/dkg/types/kernel.pb.go:1764.16,1766.3 1 0
github.com/piplabs/story/client/x/dkg/types/kernel.pb.go:1767.2,1767.22 1 0
github.com/piplabs/story/client/x/dkg/types/kernel.pb.go:1770.72,1773.2 2 0
github.com/piplabs/story/client/x/dkg/types/kernel.pb.go:1775.83,1781.2 5 0
github.com/piplabs/story/client/x/dkg/types/kernel.pb.go:1783.72,1787.16 4 0
github.com/piplabs/story/client/x/dkg/types/kernel.pb.go:1787.16,1789.3 1 0
github.com/piplabs/story/client/x/dkg/types/kernel.pb.go:1790.2,1790.22 1 0
github.com/piplabs/story/client/x/dkg/types/kernel.pb.go:1793.73,1796.2 2 0
github.com/piplabs/story/client/x/dkg/types/kernel.pb.go:1798.84,1803.31 5 0
github.com/piplabs/story/client/x/dkg/types/kernel.pb.go:1803.31,1809.3 5 0
github.com/piplabs/story/client/x/dkg/types/kernel.pb.go:1810.2,1810.27 1 0
github.com/piplabs/story/client/x/dkg/types/kernel.pb.go:1813.72,1817.16 4 0
github.com/piplabs/story/client/x/dkg/types/kernel.pb.go:1817.16,1819.3 1 0
github.com/piplabs/story/client/x/dkg/types/kernel.pb.go:1820.2,1820.22 1 0
github.com/piplabs/story/client/x/dkg/types/kernel.pb.go:1823.73,1826.2 2 0
github.com/piplabs/story/client/x/dkg/types/kernel.pb.go:1828.84,1833.24 5 0
github.com/piplabs/story/client/x/dkg/types/kernel.pb.go:1833.24,1839.3 5 0
github.com/piplabs/story/client/x/dkg/types/kernel.pb.go:1840.2,1840.18 1 0
github.com/piplabs/story/client/x/dkg/types/kernel.pb.go:1840.18,1844.3 3 0
github.com/piplabs/story/client/x/dkg/types/kernel.pb.go:1845.2,1845.31 1 0
github.com/piplabs/story/client/x/dkg/types/kernel.pb.go:1845.31,1851.3 5 0
github.com/piplabs/story/client/x/dkg/types/kernel.pb.go:1852.2,1852.27 1 0
github.com/piplabs/story/client/x/dkg/types/kernel.pb.go:1855.73,1859.16 4 0
github.com/piplabs/story/client/x/dkg/types/kernel.pb.go:1859.16,1861.3 1 0
github.com/piplabs/story/client/x/dkg/types/kernel.pb.go:1862.2,1862.22 1 0
github.com/piplabs/story/client/x/dkg/types/kernel.pb.go:1865.74,1868.2 2 0
github.com/piplabs/story/client/x/dkg/types/kernel.pb.go:1870.85,1875.30 5 0
github.com/piplabs/story/client/x/dkg/types/kernel.pb.go:1875.30,1881.3 5 0
github.com/piplabs/story/client/x/dkg/types/kernel.pb.go:1882.2,1882.27 1 0
github.com/piplabs/story/client/x/dkg/types/kernel.pb.go:1882.27,1888.3 5 0
github.com/piplabs/story/client/x/dkg/types/kernel.pb.go:1889.2,1889.26 1 0
github.com/piplabs/story/client/x/dkg/types/kernel.pb.go:1889.26,1895.3 5 0
github.com/piplabs/story/client/x/dkg/types/kernel.pb.go:1896.2,1896.31 1 0
github.com/piplabs/story/client/x/dkg/types/kernel.pb.go:1896.31,1902.3 5 0
github.com/piplabs/story/client/x/dkg/types/kernel.pb.go:1903.2,1903.29 1 0
github.com/piplabs/story/client/x/dkg/types/kernel.pb.go:1903.29,1907.3 3 0
github.com/piplabs/story/client/x/dkg/types/kernel.pb.go:1908.2,1908.18 1 0
github.com/piplabs/story/client/x/dkg/types/kernel.pb.go:1908.18,1912.3 3 0
github.com/piplabs/story/client/x/dkg/types/kernel.pb.go:1913.2,1913.31 1 0
github.com/piplabs/story/client/x/dkg/types/kernel.pb.go:1913.31,1919.3 5 0
github.com/piplabs/story/client/x/dkg/types/kernel.pb.go:1920.2,1920.27 1 0
github.com/piplabs/story/client/x/dkg/types/kernel.pb.go:1923.67,1927.16 4 0
github.com/piplabs/story/client/x/dkg/types/kernel.pb.go:1927.16,1929.3 1 0
github.com/piplabs/story/client/x/dkg/types/kernel.pb.go:1930.2,1930.22 1 0
github.com/piplabs/story/client/x/dkg/types/kernel.pb.go:1933.68,1936.2 2 0
github.com/piplabs/story/client/x/dkg/types/kernel.pb.go:1938.79,1943.19 5 0
github.com/piplabs/story/client/x/dkg/types/kernel.pb.go:1943.19,1945.20 2 0
github.com/piplabs/story/client/x/dkg/types/kernel.pb.go:1945.20,1947.4 1 0
github.com/piplabs/story/client/x/dkg/types/kernel.pb.go:1947.9,1949.4 1 0
github.com/piplabs/story/client/x/dkg/types/kernel.pb.go:1950.3,1951.17 2 0
github.com/piplabs/story/client/x/dkg/types/kernel.pb.go:1953.2,1953.18 1 0
github.com/piplabs/story/client/x/dkg/types/kernel.pb.go:1953.18,1957.3 3 0
github.com/piplabs/story/client/x/dkg/types/kernel.pb.go:1958.2,1958.31 1 0
github.com/piplabs/story/client/x/dkg/types/kernel.pb.go:1958.31,1964.3 5 0
github.com/piplabs/story/client/x/dkg/types/kernel.pb.go:1965.2,1965.27 1 0
github.com/piplabs/story/client/x/dkg/types/kernel.pb.go:1968.68,1972.16 4 0
github.com/piplabs/story/client/x/dkg/types/kernel.pb.go:1972.16,1974.3 1 0
github.com/piplabs/story/client/x/dkg/types/kernel.pb.go:1975.2,1975.22 1 0
github.com/piplabs/story/client/x/dkg/types/kernel.pb.go:1978.69,1981.2 2 0
github.com/piplabs/story/client/x/dkg/types/kernel.pb.go:1983.80,1988.22 5 0
github.com/piplabs/story/client/x/dkg/types/kernel.pb.go:1988.22,1989.54 1 0
github.com/piplabs/story/client/x/dkg/types/kernel.pb.go:1989.54,1990.4 1 0
github.com/piplabs/story/client/x/dkg/types/kernel.pb.go:1990.4,1992.19 2 0
github.com/piplabs/story/client/x/dkg/types/kernel.pb.go:1992.19,1994.6 1 0
github.com/piplabs/story/client/x/dkg/types/kernel.pb.go:1995.5,1996.50 2 0
github.com/piplabs/story/client/x/dkg/types/kernel.pb.go:1998.4,1999.18 2 0
github.com/piplabs/story/client/x/dkg/types/kernel.pb.go:2002.2,2002.18 1 0
github.com/piplabs/story/client/x/dkg/types/kernel.pb.go:2002.18,2006.3 3 0
github.com/piplabs/story/client/x/dkg/types/kernel.pb.go:2007.2,2007.31 1 0
github.com/piplabs/story/client/x/dkg/types/kernel.pb.go:2007.31,2013.3 5 0
github.com/piplabs/story/client/x/dkg/types/kernel.pb.go:2014.2,2014.27 1 0
github.com/piplabs/story/client/x/dkg/types/kernel.pb.go:2017.66,2021.16 4 0
github.com/piplabs/story/client/x/dkg/types/kernel.pb.go:2021.16,2023.3 1 0
github.com/piplabs/story/client/x/dkg/types/kernel.pb.go:2024.2,2024.22 1 0
github.com/piplabs/story/client/x/dkg/types/kernel.pb.go:2027.67,2030.2 2 0
github.com/piplabs/story/client/x/dkg/types/kernel.pb.go:2032.78,2037.19 5 0
github.com/piplabs/story/client/x/dkg/types/kernel.pb.go:2037.19,2039.20 2 0
github.com/piplabs/story/client/x/dkg/types/kernel.pb.go:2039.20,2041.4 1 0
github.com/piplabs/story/client/x/dkg/types/kernel.pb.go:2041.9,2043.4 1 0
github.com/piplabs/story/client/x/dkg/types/kernel.pb.go:2044.3,2045.17 2 0
github.com/piplabs/story/client/x/dkg/types/kernel.pb.go:2047.2,2047.22 1 0
github.com/piplabs/story/client/x/dkg/types/kernel.pb.go:2047.22,2048.54 1 0
github.com/piplabs/story/client/x/dkg/types/kernel.pb.go:2048.54,2049.4 1 0
github.com/piplabs/story/client/x/dkg/types/kernel.pb.go:2049.4,2051.19 2 0
github.com/piplabs/story/client/x/dkg/types/kernel.pb.go:2051.19,2053.6 1 0
github.com/piplabs/story/client/x/dkg/types/kernel.pb.go:2054.5,2055.50 2 0
github.com/piplabs/story/client/x/dkg/types/kernel.pb.go:2057.4,2058.18 2 0
github.com/piplabs/story/client/x/dkg/types/kernel.pb.go:2061.2,2061.18 1 0
github.com/piplabs/story/client/x/dkg/types/kernel.pb.go:2061.18,2065.3 3 0
github.com/piplabs/story/client/x/dkg/types/kernel.pb.go:2066.2,2066.31 1 0
github.com/piplabs/story/client/x/dkg/types/kernel.pb.go:2066.31,2072.3 5 0
github.com/piplabs/story/client/x/dkg/types/kernel.pb.go:2073.2,2073.27 1 0
github.com/piplabs/story/client/x/dkg/types/kernel.pb.go:2076.67,2080.16 4 0
github.com/piplabs/story/client/x/dkg/types/kernel.pb.go:2080.16,2082.3 1 0
github.com/piplabs/story/client/x/dkg/types/kernel.pb.go:2083.2,2083.22 1 0
github.com/piplabs/story/client/x/dkg/types/kernel.pb.go:2086.68,2089.2 2 0
github.com/piplabs/story/client/x/dkg/types/kernel.pb.go:2091.79,2096.26 5 0
github.com/piplabs/story/client/x/dkg/types/kernel.pb.go:2096.26,2097.58 1 0
github.com/piplabs/story/client/x/dkg/types/kernel.pb.go:2097.58,2098.4 1 0
github.com/piplabs/story/client/x/dkg/types/kernel.pb.go:2098.4,2100.19 2 0
github.com/piplabs/story/client/x/dkg/types/kernel.pb.go:2100.19,2102.6 1 0
github.com/piplabs/story/client/x/dkg/types/kernel.pb.go:2103.5,2104.50 2 0
github.com/piplabs/story/client/x/dkg/types/kernel.pb.go:2106.4,2107.18 2 0
github.com/piplabs/story/client/x/dkg/types/kernel.pb.go:2110.2,2110.18 1 0
github.com/piplabs/story/client/x/dkg/types/kernel.pb.go:2110.18,2114.3 3 0
github.com/piplabs/story/client/x/dkg/types/kernel.pb.go:2115.2,2115.31 1 0
github.com/piplabs/story/client/x/dkg/types/kernel.pb.go:2115.31,2121.3 5 0
github.com/piplabs/story/client/x/dkg/types/kernel.pb.go:2122.2,2122.27 1 0
github.com/piplabs/story/client/x/dkg/types/kernel.pb.go:2125.70,2129.16 4 0
github.com/piplabs/story/client/x/dkg/types/kernel.pb.go:2129.16,2131.3 1 0
github.com/piplabs/story/client/x/dkg/types/kernel.pb.go:2132.2,2132.22 1 0
github.com/piplabs/story/client/x/dkg/types/kernel.pb.go:2135.71,2138.2 2 0
github.com/piplabs/story/client/x/dkg/types/kernel.pb.go:2140.82,2145.19 5 0
github.com/piplabs/story/client/x/dkg/types/kernel.pb.go:2145.19,2147.20 2 0
github.com/piplabs/story/client/x/dkg/types/kernel.pb.go:2147.20,2149.4 1 0
github.com/piplabs/story/client/x/dkg/types/kernel.pb.go:2149.9,2151.4 1 0
github.com/piplabs/story/client/x/dkg/types/kernel.pb.go:2152.3,2153.17 2 0
github.com/piplabs/story/client/x/dkg/types/kernel.pb.go:2155.2,2155.26 1 0
github.com/piplabs/story/client/x/dkg/types/kernel.pb.go:2155.26,2156.58 1 0
github.com/piplabs/story/client/x/dkg/types/kernel.pb.go:2156.58,2157.4 1 0
github.com/piplabs/story/client/x/dkg/types/kernel.pb.go:2157.4,2159.19 2 0
github.com/piplabs/story/client/x/dkg/types/kernel.pb.go:2159.19,2161.6 1 0
github.com/piplabs/story/client/x/dkg/types/kernel.pb.go:2162.5,2163.50 2 0
github.com/piplabs/story/client/x/dkg/types/kernel.pb.go:2165.4,2166.18 2 0
github.com/piplabs/story/client/x/dkg/types/kernel.pb.go:2169.2,2169.18 1 0
github.com/piplabs/story/client/x/dkg/types/kernel.pb.go:2169.18,2173.3 3 0
github.com/piplabs/story/client/x/dkg/types/kernel.pb.go:2174.2,2174.31 1 0
github.com/piplabs/story/client/x/dkg/types/kernel.pb.go:2174.31,2180.3 5 0
github.com/piplabs/story/client/x/dkg/types/kernel.pb.go:2181.2,2181.27 1 0
github.com/piplabs/story/client/x/dkg/types/kernel.pb.go:2184.71,2188.16 4 0
github.com/piplabs/story/client/x/dkg/types/kernel.pb.go:2188.16,2190.3 1 0
github.com/piplabs/story/client/x/dkg/types/kernel.pb.go:2191.2,2191.22 1 0
github.com/piplabs/story/client/x/dkg/types/kernel.pb.go:2194.72,2197.2 2 0
github.com/piplabs/story/client/x/dkg/types/kernel.pb.go:2199.83,2204.31 5 0
github.com/piplabs/story/client/x/dkg/types/kernel.pb.go:2204.31,2205.63 1 0
github.com/piplabs/story/client/x/dkg/types/kernel.pb.go:2205.63,2206.4 1 0
github.com/piplabs/story/client/x/dkg/types/kernel.pb.go:2206.4,2208.19 2 0
github.com/piplabs/story/client/x/dkg/types/kernel.pb.go:2208.19,2210.6 1 0
github.com/piplabs/story/client/x/dkg/types/kernel.pb.go:2211.5,2212.50 2 0
github.com/piplabs/story/client/x/dkg/types/kernel.pb.go:2214.4,2215.17 2 0
github.com/piplabs/story/client/x/dkg/types/kernel.pb.go:2218.2,2218.27 1 0
github.com/piplabs/story/client/x/dkg/types/kernel.pb.go:2221.65,2225.16 4 0
github.com/piplabs/story/client/x/dkg/types/kernel.pb.go:2225.16,2227.3 1 0
github.com/piplabs/story/client/x/dkg/types/kernel.pb.go:2228.2,2228.22 1 0
github.com/piplabs/story/client/x/dkg/types/kernel.pb.go:2231.66,2234.2 2 0
github.com/piplabs/story/client/x/dkg/types/kernel.pb.go:2236.77,2241.19 5 0
github.com/piplabs/story/client/x/dkg/types/kernel.pb.go:2241.19,2243.20 2 0
github.com/piplabs/story/client/x/dkg/types/kernel.pb.go:2243.20,2245.4 1 0
github.com/piplabs/story/client/x/dkg/types/kernel.pb.go:2245.9,2247.4 1 0
github.com/piplabs/story/client/x/dkg/types/kernel.pb.go:2248.3,2249.17 2 0
github.com/piplabs/story/client/x/dkg/types/kernel.pb.go:2251.2,2251.18 1 0
github.com/piplabs/story/client/x/dkg/types/kernel.pb.go:2251.18,2255.3 3 0
github.com/piplabs/story/client/x/dkg/types/kernel.pb.go:2256.2,2256.31 1 0
github.com/piplabs/story/client/x/dkg/types/kernel.pb.go:2256.31,2262.3 5 0
github.com/piplabs/story/client/x/dkg/types/kernel.pb.go:2263.2,2263.27 1 0
github.com/piplabs/story/client/x/dkg/types/kernel.pb.go:2266.66,2270.16 4 0
github.com/piplabs/story/client/x/dkg/types/kernel.pb.go:2270.16,2272.3 1 0
github.com/piplabs/story/client/x/dkg/types/kernel.pb.go:2273.2,2273.22 1 0
github.com/piplabs/story/client/x/dkg/types/kernel.pb.go:2276.67,2279.2 2 0
github.com/piplabs/story/client/x/dkg/types/kernel.pb.go:2281.78,2286.26 5 0
github.com/piplabs/story/client/x/dkg/types/kernel.pb.go:2286.26,2292.3 5 0
github.com/piplabs/story/client/x/dkg/types/kernel.pb.go:2293.2,2293.28 1 0
github.com/piplabs/story/client/x/dkg/types/kernel.pb.go:2293.28,2299.3 5 0
github.com/piplabs/story/client/x/dkg/types/kernel.pb.go:2300.2,2300.29 1 0
github.com/piplabs/story/client/x/dkg/types/kernel.pb.go:2300.29,2301.61 1 0
github.com/piplabs/story/client/x/dkg/types/kernel.pb.go:2301.61,2307.4 5 0
github.com/piplabs/story/client/x/dkg/types/kernel.pb.go:2309.2,2309.29 1 0
github.com/piplabs/story/client/x/dkg/types/kernel.pb.go:2309.29,2315.3 5 0
github.com/piplabs/story/client/x/dkg/types/kernel.pb.go:2316.2,2316.33 1 0
github.com/piplabs/story/client/x/dkg/types/kernel.pb.go:2316.33,2322.3 5 0
github.com/piplabs/story/client/x/dkg/types/kernel.pb.go:2323.2,2323.18 1 0
github.com/piplabs/story/client/x/dkg/types/kernel.pb.go:2323.18,2327.3 3 0
github.com/piplabs/story/client/x/dkg/types/kernel.pb.go:2328.2,2328.31 1 0
github.com/piplabs/story/client/x/dkg/types/kernel.pb.go:2328.31,2334.3 5 0
github.com/piplabs/story/client/x/dkg/types/kernel.pb.go:2335.2,2335.27 1 0
github.com/piplabs/story/client/x/dkg/types/kernel.pb.go:2338.72,2342.16 4 0
github.com/piplabs/story/client/x/dkg/types/kernel.pb.go:2342.16,2344.3 1 0
github.com/piplabs/story/client/x/dkg/types/kernel.pb.go:2345.2,2345.22 1 0
github.com/piplabs/story/client/x/dkg/types/kernel.pb.go:2348.73,2351.2 2 0
github.com/piplabs/story/client/x/dkg/types/kernel.pb.go:2353.84,2358.32 5 0
github.com/piplabs/story/client/x/dkg/types/kernel.pb.go:2358.32,2364.3 5 0
github.com/piplabs/story/client/x/dkg/types/kernel.pb.go:2365.2,2365.30 1 0
github.com/piplabs/story/client/x/dkg/types/kernel.pb.go:2365.30,2371.3 5 0
github.com/piplabs/story/client/x/dkg/types/kernel.pb.go:2372.2,2372.29 1 0
github.com/piplabs/story/client/x/dkg/types/kernel.pb.go:2372.29,2378.3 5 0
github.com/piplabs/story/client/x/dkg/types/kernel.pb.go:2379.2,2379.16 1 0
github.com/piplabs/story/client/x/dkg/types/kernel.pb.go:2379.16,2383.3 3 0
github.com/piplabs/story/client/x/dkg/types/kernel.pb.go:2384.2,2384.22 1 0
github.com/piplabs/story/client/x/dkg/types/kernel.pb.go:2384.22,2390.3 5 0
github.com/piplabs/story/client/x/dkg/types/kernel.pb.go:2391.2,2391.27 1 0
github.com/piplabs/story/client/x/dkg/types/kernel.pb.go:2391.27,2397.3 5 0
github.com/piplabs/story/client/x/dkg/types/kernel.pb.go:2398.2,2398.18 1 0
github.com/piplabs/story/client/x/dkg/types/kernel.pb.go:2398.18,2402.3 3 0
github.com/piplabs/story/client/x/dkg/types/kernel.pb.go:2403.2,2403.31 1 0
github.com/piplabs/story/client/x/dkg/types/kernel.pb.go:2403.31,2409.3 5 0
github.com/piplabs/story/client/x/dkg/types/kernel.pb.go:2410.2,2410.27 1 0
github.com/piplabs/story/client/x/dkg/types/kernel.pb.go:2413.73,2417.16 4 0
github.com/piplabs/story/client/x/dkg/types/kernel.pb.go:2417.16,2419.3 1 0
github.com/piplabs/story/client/x/dkg/types/kernel.pb.go:2420.2,2420.22 1 0
github.com/piplabs/story/client/x/dkg/types/kernel.pb.go:2423.74,2426.2 2 0
github.com/piplabs/story/client/x/dkg/types/kernel.pb.go:2428.85,2433.26 5 0
github.com/piplabs/story/client/x/dkg/types/kernel.pb.go:2433.26,2439.3 5 0
github.com/piplabs/story/client/x/dkg/types/kernel.pb.go:2440.2,2440.25 1 0
github.com/piplabs/story/client/x/dkg/types/kernel.pb.go:2440.25,2446.3 5 0
github.com/piplabs/story/client/x/dkg/types/kernel.pb.go:2447.2,2447.32 1 0
github.com/piplabs/story/client/x/dkg/types/kernel.pb.go:2447.32,2453.3 5 0
github.com/piplabs/story/client/x/dkg/types/kernel.pb.go:2454.2,2454.43 1 0
github.com/piplabs/story/client/x/dkg/types/kernel.pb.go:2454.43,2460.3 5 0
github.com/piplabs/story/client/x/dkg/types/kernel.pb.go:2461.2,2461.27 1 0
github.com/piplabs/story/client/x/dkg/types/kernel.pb.go:2464.74,2468.16 4 0
github.com/piplabs/story/client/x/dkg/types/kernel.pb.go:2468.16,2470.3 1 0
github.com/piplabs/story/client/x/dkg/types/kernel.pb.go:2471.2,2471.22 1 0
github.com/piplabs/story/client/x/dkg/types/kernel.pb.go:2474.75,2477.2 2 0
github.com/piplabs/story/client/x/dkg/types/kernel.pb.go:2479.86,2484.19 5 0
github.com/piplabs/story/client/x/dkg/types/kernel.pb.go:2484.19,2486.20 2 0
github.com/piplabs/story/client/x/dkg/types/kernel.pb.go:2486.20,2488.4 1 0
github.com/piplabs/story/client/x/dkg/types/kernel.pb.go:2488.9,2490.4 1 0
github.com/piplabs/story/client/x/dkg/types/kernel.pb.go:2491.3,2492.17 2 0
github.com/piplabs/story/client/x/dkg/types/kernel.pb.go:2494.2,2494.31 1 0
github.com/piplabs/story/client/x/dkg/types/kernel.pb.go:2494.31,2495.63 1 0
github.com/piplabs/story/client/x/dkg/types/kernel.pb.go:2495.63,2496.4 1 0
github.com/piplabs/story/client/x/dkg/types/kernel.pb.go:2496.4,2498.19 2 0
github.com/piplabs/story/client/x/dkg/types/kernel.pb.go:2498.19,2500.6 1 0
github.com/piplabs/story/client/x/dkg/types/kernel.pb.go:2501.5,2502.50 2 0
github.com/piplabs/story/client/x/dkg/types/kernel.pb.go:2504.4,2505.18 2 0
github.com/piplabs/story/client/x/dkg/types/kernel.pb.go:2508.2,2508.18 1 0
github.com/piplabs/story/client/x/dkg/types/kernel.pb.go:2508.18,2512.3 3 0
github.com/piplabs/story/client/x/dkg/types/kernel.pb.go:2513.2,2513.31 1 0
github.com/piplabs/story/client/x/dkg/types/kernel.pb.go:2513.31,2519.3 5 0
github.com/piplabs/story/client/x/dkg/types/kernel.pb.go:2520.2,2520.27 1 0
github.com/piplabs/story/client/x/dkg/types/kernel.pb.go:2523.75,2527.16 4 0
github.com/piplabs/story/client/x/dkg/types/kernel.pb.go:2527.16,2529.3 1 0
github.com/piplabs/story/client/x/dkg/types/kernel.pb.go:2530.2,2530.22 1 0
github.com/piplabs/story/client/x/dkg/types/kernel.pb.go:2533.76,2536.2 2 0
github.com/piplabs/story/client/x/dkg/types/kernel.pb.go:2538.87,2544.2 5 0
github.com/piplabs/story/client/x/dkg/types/kernel.pb.go:2546.60,2550.16 4 0
github.com/piplabs/story/client/x/dkg/types/kernel.pb.go:2550.16,2552.3 1 0
github.com/piplabs/story/client/x/dkg/types/kernel.pb.go:2553.2,2553.22 1 0
github.com/piplabs/story/client/x/dkg/types/kernel.pb.go:2556.61,2559.2 2 0
github.com/piplabs/story/client/x/dkg/types/kernel.pb.go:2561.72,2566.31 5 0
github.com/piplabs/story/client/x/dkg/types/kernel.pb.go:2566.31,2567.3 1 0
github.com/piplabs/story/client/x/dkg/types/kernel.pb.go:2567.3,2569.18 2 0
github.com/piplabs/story/client/x/dkg/types/kernel.pb.go:2569.18,2571.5 1 0
github.com/piplabs/story/client/x/dkg/types/kernel.pb.go:2572.4,2573.49 2 0
github.com/piplabs/story/client/x/dkg/types/kernel.pb.go:2575.3,2576.17 2 0
github.com/piplabs/story/client/x/dkg/types/kernel.pb.go:2578.2,2578.18 1 0
github.com/piplabs/story/client/x/dkg/types/kernel.pb.go:2578.18,2582.3 3 0
github.com/piplabs/story/client/x/dkg/types/kernel.pb.go:2583.2,2583.27 1 0
github.com/piplabs/story/client/x/dkg/types/kernel.pb.go:2586.63,2590.16 4 0
github.com/piplabs/story/client/x/dkg/types/kernel.pb.go:2590.16,2592.3 1 0
github.com/piplabs/story/client/x/dkg/types/kernel.pb.go:2593.2,2593.22 1 0
github.com/piplabs/story/client/x/dkg/types/kernel.pb.go:2596.64,2599.2 2 0
github.com/piplabs/story/client/x/dkg/types/kernel.pb.go:2601.75,2606.26 5 0
github.com/piplabs/story/client/x/dkg/types/kernel.pb.go:2606.26,2612.3 5 0
github.com/piplabs/story/client/x/dkg/types/kernel.pb.go:2613.2,2613.24 1 0
github.com/piplabs/story/client/x/dkg/types/kernel.pb.go:2613.24,2614.3 1 0
github.com/piplabs/story/client/x/dkg/types/kernel.pb.go:2614.3,2616.18 2 0
github.com/piplabs/story/client/x/dkg/types/kernel.pb.go:2616.18,2618.5 1 0
github.com/piplabs/story/client/x/dkg/types/kernel.pb.go:2619.4,2620.49 2 0
github.com/piplabs/story/client/x/dkg/types/kernel.pb.go:2622.3,2623.17 2 0
github.com/piplabs/story/client/x/dkg/types/kernel.pb.go:2625.2,2625.18 1 0
github.com/piplabs/story/client/x/dkg/types/kernel.pb.go:2625.18,2629.3 3 0
github.com/piplabs/story/client/x/dkg/types/kernel.pb.go:2630.2,2630.26 1 0
github.com/piplabs/story/client/x/dkg/types/kernel.pb.go:2630.26,2636.3 5 0
github.com/piplabs/story/client/x/dkg/types/kernel.pb.go:2637.2,2637.27 1 0
github.com/piplabs/story/client/x/dkg/types/kernel.pb.go:2640.56,2644.16 4 0
github.com/piplabs/story/client/x/dkg/types/kernel.pb.go:2644.16,2646.3 1 0
github.com/piplabs/story/client/x/dkg/types/kernel.pb.go:2647.2,2647.22 1 0
github.com/piplabs/story/client/x/dkg/types/kernel.pb.go:2650.57,2653.2 2 0
github.com/piplabs/story/client/x/dkg/types/kernel.pb.go:2655.68,2660.28 5 0
github.com/piplabs/story/client/x/dkg/types/kernel.pb.go:2660.28,2661.60 1 0
github.com/piplabs/story/client/x/dkg/types/kernel.pb.go:2661.60,2662.4 1 0
github.com/piplabs/story/client/x/dkg/types/kernel.pb.go:2662.4,2664.19 2 0
github.com/piplabs/story/client/x/dkg/types/kernel.pb.go:2664.19,2666.6 1 0
github.com/piplabs/story/client/x/dkg/types/kernel.pb.go:2667.5,2668.50 2 0
github.com/piplabs/story/client/x/dkg/types/kernel.pb.go:2670.4,2671.18 2 0
github.com/piplabs/story/client/x/dkg/types/kernel.pb.go:2674.2,2674.22 1 0
github.com/piplabs/story/client/x/dkg/types/kernel.pb.go:2674.22,2678.3 3 0
github.com/piplabs/story/client/x/dkg/types/kernel.pb.go:2679.2,2679.23 1 0
github.com/piplabs/story/client/x/dkg/types/kernel.pb.go:2679.23,2680.3 1 0
github.com/piplabs/story/client/x/dkg/types/kernel.pb.go:2680.3,2682.18 2 0
github.com/piplabs/story/client/x/dkg/types/kernel.pb.go:2682.18,2684.5 1 0
github.com/piplabs/story/client/x/dkg/types/kernel.pb.go:2685.4,2686.49 2 0
github.com/piplabs/story/client/x/dkg/types/kernel.pb.go:2688.3,2689.17 2 0
github.com/piplabs/story/client/x/dkg/types/kernel.pb.go:2691.2,2691.26 1 0
github.com/piplabs/story/client/x/dkg/types/kernel.pb.go:2691.26,2697.3 5 0
github.com/piplabs/story/client/x/dkg/types/kernel.pb.go:2698.2,2698.27 1 0
github.com/piplabs/story/client/x/dkg/types/kernel.pb.go:2701.55,2705.16 4 0
github.com/piplabs/story/client/x/dkg/types/kernel.pb.go:2705.16,2707.3 1 0
github.com/piplabs/story/client/x/dkg/types/kernel.pb.go:2708.2,2708.22 1 0
github.com/piplabs/story/client/x/dkg/types/kernel.pb.go:2711.56,2714.2 2 0
github.com/piplabs/story/client/x/dkg/types/kernel.pb.go:2716.67,2721.16 5 0
github.com/piplabs/story/client/x/dkg/types/kernel.pb.go:2721.16,2722.3 1 0
github.com/piplabs/story/client/x/dkg/types/kernel.pb.go:2722.3,2724.18 2 0
github.com/piplabs/story/client/x/dkg/types/kernel.pb.go:2724.18,2726.5 1 0
github.com/piplabs/story/client/x/dkg/types/kernel.pb.go:2727.4,2728.49 2 0
github.com/piplabs/story/client/x/dkg/types/kernel.pb.go:2730.3,2731.17 2 0
github.com/piplabs/story/client/x/dkg/types/kernel.pb.go:2733.2,2733.14 1 0
github.com/piplabs/story/client/x/dkg/types/kernel.pb.go:2733.14,2737.3 3 0
github.com/piplabs/story/client/x/dkg/types/kernel.pb.go:2738.2,2738.27 1 0
github.com/piplabs/story/client/x/dkg/types/kernel.pb.go:2741.64,2744.16 3 0
github.com/piplabs/story/client/x/dkg/types/kernel.pb.go:2744.16,2748.3 3 0
github.com/piplabs/story/client/x/dkg/types/kernel.pb.go:2749.2,2750.13 2 0
github.com/piplabs/story/client/x/dkg/types/kernel.pb.go:2752.51,2753.14 1 0
github.com/piplabs/story/client/x/dkg/types/kernel.pb.go:2753.14,2755.3 1 0
github.com/piplabs/story/client/x/dkg/types/kernel.pb.go:2756.2,2758.10 3 0
github.com/piplabs/story/client/x/dkg/types/kernel.pb.go:2761.52,2762.14 1 0
github.com/piplabs/story/client/x/dkg/types/kernel.pb.go:2762.14,2764.3 1 0
github.com/piplabs/story/client/x/dkg/types/kernel.pb.go:2765.2,2768.11 4 0
github.com/piplabs/story/client/x/dkg/types/kernel.pb.go:2768.11,2770.3 1 0
github.com/piplabs/story/client/x/dkg/types/kernel.pb.go:2771.2,2771.10 1 0
github.com/piplabs/story/client/x/dkg/types/kernel.pb.go:2774.52,2775.14 1 0
github.com/piplabs/story/client/x/dkg/types/kernel.pb.go:2775.14,2777.3 1 0
github.com/piplabs/story/client/x/dkg/types/kernel.pb.go:2778.2,2781.11 4 0
github.com/piplabs/story/client/x/dkg/types/kernel.pb.go:2781.11,2783.3 1 0
github.com/piplabs/story/client/x/dkg/types/kernel.pb.go:2784.2,2784.18 1 0
github.com/piplabs/story/client/x/dkg/types/kernel.pb.go:2784.18,2786.3 1 0
github.com/piplabs/story/client/x/dkg/types/kernel.pb.go:2787.2,2788.11 2 0
github.com/piplabs/story/client/x/dkg/types/kernel.pb.go:2788.11,2790.3 1 0
github.com/piplabs/story/client/x/dkg/types/kernel.pb.go:2791.2,2791.10 1 0
github.com/piplabs/story/client/x/dkg/types/kernel.pb.go:2794.53,2795.14 1 0
github.com/piplabs/story/client/x/dkg/types/kernel.pb.go:2795.14,2797.3 1 0
github.com/piplabs/story/client/x/dkg/types/kernel.pb.go:2798.2,2801.11 4 0
github.com/piplabs/story/client/x/dkg/types/kernel.pb.go:2801.11,2803.3 1 0
github.com/piplabs/story/client/x/dkg/types/kernel.pb.go:2804.2,2804.18 1 0
github.com/piplabs/story/client/x/dkg/types/kernel.pb.go:2804.18,2806.3 1 0
github.com/piplabs/story/client/x/dkg/types/kernel.pb.go:2807.2,2807.29 1 0
github.com/piplabs/story/client/x/dkg/types/kernel.pb.go:2807.29,2809.3 1 0
github.com/piplabs/story/client/x/dkg/types/kernel.pb.go:2810.2,2811.11 2 0
github.com/piplabs/story/client/x/dkg/types/kernel.pb.go:2811.11,2813.3 1 0
github.com/piplabs/story/client/x/dkg/types/kernel.pb.go:2814.2,2815.11 2 0
github.com/piplabs/story/client/x/dkg/types/kernel.pb.go:2815.11,2817.3 1 0
github.com/piplabs/story/client/x/dkg/types/kernel.pb.go:2818.2,2819.11 2 0
github.com/piplabs/story/client/x/dkg/types/kernel.pb.go:2819.11,2821.3 1 0
github.com/piplabs/story/client/x/dkg/types/kernel.pb.go:2822.2,2823.11 2 0
github.com/piplabs/story/client/x/dkg/types/kernel.pb.go:2823.11,2825.3 1 0
github.com/piplabs/story/client/x/dkg/types/kernel.pb.go:2826.2,2826.10 1 0
github.com/piplabs/story/client/x/dkg/types/kernel.pb.go:2829.47,2830.14 1 0
github.com/piplabs/story/client/x/dkg/types/kernel.pb.go:2830.14,2832.3 1 0
github.com/piplabs/story/client/x/dkg/types/kernel.pb.go:2833.2,2836.11 4 0
github.com/piplabs/story/client/x/dkg/types/kernel.pb.go:2836.11,2838.3 1 0
github.com/piplabs/story/client/x/dkg/types/kernel.pb.go:2839.2,2839.18 1 0
github.com/piplabs/story/client/x/dkg/types/kernel.pb.go:2839.18,2841.3 1 0
github.com/piplabs/story/client/x/dkg/types/kernel.pb.go:2842.2,2842.19 1 0
github.com/piplabs/story/client/x/dkg/types/kernel.pb.go:2842.19,2844.3 1 0
github.com/piplabs/story/client/x/dkg/types/kernel.pb.go:2845.2,2845.10 1 0
github.com/piplabs/story/client/x/dkg/types/kernel.pb.go:2848.48,2849.14 1 0
github.com/piplabs/story/client/x/dkg/types/kernel.pb.go:2849.14,2851.3 1 0
github.com/piplabs/story/client/x/dkg/types/kernel.pb.go:2852.2,2855.11 4 0
github.com/piplabs/story/client/x/dkg/types/kernel.pb.go:2855.11,2857.3 1 0
github.com/piplabs/story/client/x/dkg/types/kernel.pb.go:2858.2,2858.18 1 0
github.com/piplabs/story/client/x/dkg/types/kernel.pb.go:2858.18,2860.3 1 0
github.com/piplabs/story/client/x/dkg/types/kernel.pb.go:2861.2,2861.22 1 0
github.com/piplabs/story/client/x/dkg/types/kernel.pb.go:2861.22,2862.29 1 0
github.com/piplabs/story/client/x/dkg/types/kernel.pb.go:2862.29,2865.4 2 0
github.com/piplabs/story/client/x/dkg/types/kernel.pb.go:2867.2,2867.10 1 0
github.com/piplabs/story/client/x/dkg/types/kernel.pb.go:2870.46,2871.14 1 0
github.com/piplabs/story/client/x/dkg/types/kernel.pb.go:2871.14,2873.3 1 0
github.com/piplabs/story/client/x/dkg/types/kernel.pb.go:2874.2,2877.11 4 0
github.com/piplabs/story/client/x/dkg/types/kernel.pb.go:2877.11,2879.3 1 0
github.com/piplabs/story/client/x/dkg/types/kernel.pb.go:2880.2,2880.18 1 0
github.com/piplabs/story/client/x/dkg/types/kernel.pb.go:2880.18,2882.3 1 0
github.com/piplabs/story/client/x/dkg/types/kernel.pb.go:2883.2,2883.22 1 0
github.com/piplabs/story/client/x/dkg/types/kernel.pb.go:2883.22,2884.29 1 0
github.com/piplabs/story/client/x/dkg/types/kernel.pb.go:2884.29,2887.4 2 0
github.com/piplabs/story/client/x/dkg/types/kernel.pb.go:2889.2,2889.19 1 0
github.com/piplabs/story/client/x/dkg/types/kernel.pb.go:2889.19,2891.3 1 0
github.com/piplabs/story/client/x/dkg/types/kernel.pb.go:2892.2,2892.10 1 0
github.com/piplabs/story/client/x/dkg/types/kernel.pb.go:2895.47,2896.14 1 0
github.com/piplabs/story/client/x/dkg/types/kernel.pb.go:2896.14,2898.3 1 0
github.com/piplabs/story/client/x/dkg/types/kernel.pb.go:2899.2,2902.11 4 0
github.com/piplabs/story/client/x/dkg/types/kernel.pb.go:2902.11,2904.3 1 0
github.com/piplabs/story/client/x/dkg/types/kernel.pb.go:2905.2,2905.18 1 0
github.com/piplabs/story/client/x/dkg/types/kernel.pb.go:2905.18,2907.3 1 0
github.com/piplabs/story/client/x/dkg/types/kernel.pb.go:2908.2,2908.26 1 0
github.com/piplabs/story/client/x/dkg/types/kernel.pb.go:2908.26,2909.33 1 0
github.com/piplabs/story/client/x/dkg/types/kernel.pb.go:2909.33,2912.4 2 0
github.com/piplabs/story/client/x/dkg/types/kernel.pb.go:2914.2,2914.10 1 0
github.com/piplabs/story/client/x/dkg/types/kernel.pb.go:2917.50,2918.14 1 0
github.com/piplabs/story/client/x/dkg/types/kernel.pb.go:2918.14,2920.3 1 0
github.com/piplabs/story/client/x/dkg/types/kernel.pb.go:2921.2,2924.11 4 0
github.com/piplabs/story/client/x/dkg/types/kernel.pb.go:2924.11,2926.3 1 0
github.com/piplabs/story/client/x/dkg/types/kernel.pb.go:2927.2,2927.18 1 0
github.com/piplabs/story/client/x/dkg/types/kernel.pb.go:2927.18,2929.3 1 0
github.com/piplabs/story/client/x/dkg/types/kernel.pb.go:2930.2,2930.26 1 0
github.com/piplabs/story/client/x/dkg/types/kernel.pb.go:2930.26,2931.33 1 0
github.com/piplabs/story/client/x/dkg/types/kernel.pb.go:2931.33,2934.4 2 0
github.com/piplabs/story/client/x/dkg/types/kernel.pb.go:2936.2,2936.19 1 0
github.com/piplabs/story/client/x/dkg/types/kernel.pb.go:2936.19,2938.3 1 0
github.com/piplabs/story/client/x/dkg/types/kernel.pb.go:2939.2,2939.10 1 0
github.com/piplabs/story/client/x/dkg/types/kernel.pb.go:2942.51,2943.14 1 0
github.com/piplabs/story/client/x/dkg/types/kernel.pb.go:2943.14,2945.3 1 0
github.com/piplabs/story/client/x/dkg/types/kernel.pb.go:2946.2,2948.31 3 0
github.com/piplabs/story/client/x/dkg/types/kernel.pb.go:2948.31,2949.38 1 0
github.com/piplabs/story/client/x/dkg/types/kernel.pb.go:2949.38,2952.4 2 0
github.com/piplabs/story/client/x/dkg/types/kernel.pb.go:2954.2,2954.10 1 0
github.com/piplabs/story/client/x/dkg/types/kernel.pb.go:2957.45,2958.14 1 0
github.com/piplabs/story/client/x/dkg/types/kernel.pb.go:2958.14,2960.3 1 0
github.com/piplabs/story/client/x/dkg/types/kernel.pb.go:2961.2,2964.11 4 0
github.com/piplabs/story/client/x/dkg/types/kernel.pb.go:2964.11,2966.3 1 0
github.com/piplabs/story/client/x/dkg/types/kernel.pb.go:2967.2,2967.18 1 0
github.com/piplabs/story/client/x/dkg/types/kernel.pb.go:2967.18,2969.3 1 0
github.com/piplabs/story/client/x/dkg/types/kernel.pb.go:2970.2,2970.19 1 0
github.com/piplabs/story/client/x/dkg/types/kernel.pb.go:2970.19,2972.3 1 0
github.com/piplabs/story/client/x/dkg/types/kernel.pb.go:2973.2,2973.10 1 0
github.com/piplabs/story/client/x/dkg/types/kernel.pb.go:2976.46,2977.14 1 0
github.com/piplabs/story/client/x/dkg/types/kernel.pb.go:2977.14,2979.3 1 0
github.com/piplabs/story/client/x/dkg/types/kernel.pb.go:2980.2,2983.11 4 0
github.com/piplabs/story/client/x/dkg/types/kernel.pb.go:2983.11,2985.3 1 0
github.com/piplabs/story/client/x/dkg/types/kernel.pb.go:2986.2,2986.18 1 0
github.com/piplabs/story/client/x/dkg/types/kernel.pb.go:2986.18,2988.3 1 0
github.com/piplabs/story/client/x/dkg/types/kernel.pb.go:2989.2,2990.11 2 0
github.com/piplabs/story/client/x/dkg/types/kernel.pb.go:2990.11,2992.3 1 0
github.com/piplabs/story/client/x/dkg/types/kernel.pb.go:2993.2,2994.11 2 0
github.com/piplabs/story/client/x/dkg/types/kernel.pb.go:2994.11,2996.3 1 0
github.com/piplabs/story/client/x/dkg/types/kernel.pb.go:2997.2,2997.29 1 0
github.com/piplabs/story/client/x/dkg/types/kernel.pb.go:2997.29,2998.36 1 0
github.com/piplabs/story/client/x/dkg/types/kernel.pb.go:2998.36,3001.4 2 0
github.com/piplabs/story/client/x/dkg/types/kernel.pb.go:3003.2,3004.11 2 0
github.com/piplabs/story/client/x/dkg/types/kernel.pb.go:3004.11,3006.3 1 0
github.com/piplabs/story/client/x/dkg/types/kernel.pb.go:3007.2,3008.11 2 0
github.com/piplabs/story/client/x/dkg/types/kernel.pb.go:3008.11,3010.3 1 0
github.com/piplabs/story/client/x/dkg/types/kernel.pb.go:3011.2,3011.10 1 0
github.com/piplabs/story/client/x/dkg/types/kernel.pb.go:3014.52,3015.14 1 0
github.com/piplabs/story/client/x/dkg/types/kernel.pb.go:3015.14,3017.3 1 0
github.com/piplabs/story/client/x/dkg/types/kernel.pb.go:3018.2,3021.11 4 0
github.com/piplabs/story/client/x/dkg/types/kernel.pb.go:3021.11,3023.3 1 0
github.com/piplabs/story/client/x/dkg/types/kernel.pb.go:3024.2,3024.18 1 0
github.com/piplabs/story/client/x/dkg/types/kernel.pb.go:3024.18,3026.3 1 0
github.com/piplabs/story/client/x/dkg/types/kernel.pb.go:3027.2,3028.11 2 0
github.com/piplabs/story/client/x/dkg/types/kernel.pb.go:3028.11,3030.3 1 0
github.com/piplabs/story/client/x/dkg/types/kernel.pb.go:3031.2,3032.11 2 0
github.com/piplabs/story/client/x/dkg/types/kernel.pb.go:3032.11,3034.3 1 0
github.com/piplabs/story/client/x/dkg/types/kernel.pb.go:3035.2,3035.16 1 0
github.com/piplabs/story/client/x/dkg/types/kernel.pb.go:3035.16,3037.3 1 0
github.com/piplabs/story/client/x/dkg/types/kernel.pb.go:3038.2,3039.11 2 0
github.com/piplabs/story/client/x/dkg/types/kernel.pb.go:3039.11,3041.3 1 0
github.com/piplabs/story/client/x/dkg/types/kernel.pb.go:3042.2,3043.11 2 0
github.com/piplabs/story/client/x/dkg/types/kernel.pb.go:3043.11,3045.3 1 0
github.com/piplabs/story/client/x/dkg/types/kernel.pb.go:3046.2,3047.11 2 0
github.com/piplabs/story/client/x/dkg/types/kernel.pb.go:3047.11,3049.3 1 0
github.com/piplabs/story/client/x/dkg/types/kernel.pb.go:3050.2,3050.10 1 0
github.com/piplabs/story/client/x/dkg/types/kernel.pb.go:3053.53,3054.14 1 0
github.com/piplabs/story/client/x/dkg/types/kernel.pb.go:3054.14,3056.3 1 0
github.com/piplabs/story/client/x/dkg/types/kernel.pb.go:3057.2,3060.11 4 0
github.com/piplabs/story/client/x/dkg/types/kernel.pb.go:3060.11,3062.3 1 0
github.com/piplabs/story/client/x/dkg/types/kernel.pb.go:3063.2,3064.11 2 0
github.com/piplabs/story/client/x/dkg/types/kernel.pb.go:3064.11,3066.3 1 0
github.com/piplabs/story/client/x/dkg/types/kernel.pb.go:3067.2,3068.11 2 0
github.com/piplabs/story/client/x/dkg/types/kernel.pb.go:3068.11,3070.3 1 0
github.com/piplabs/story/client/x/dkg/types/kernel.pb.go:3071.2,3072.11 2 0
github.com/piplabs/story/client/x/dkg/types/kernel.pb.go:3072.11,3074.3 1 0
github.com/piplabs/story/client/x/dkg/types/kernel.pb.go:3075.2,3075.10 1 0
github.com/piplabs/story/client/x/dkg/types/kernel.pb.go:3078.54,3079.14 1 0
github.com/piplabs/story/client/x/dkg/types/kernel.pb.go:3079.14,3081.3 1 0
github.com/piplabs/story/client/x/dkg/types/kernel.pb.go:3082.2,3085.11 4 0
github.com/piplabs/story/client/x/dkg/types/kernel.pb.go:3085.11,3087.3 1 0
github.com/piplabs/story/client/x/dkg/types/kernel.pb.go:3088.2,3088.18 1 0
github.com/piplabs/story/client/x/dkg/types/kernel.pb.go:3088.18,3090.3 1 0
github.com/piplabs/story/client/x/dkg/types/kernel.pb.go:3091.2,3091.31 1 0
github.com/piplabs/story/client/x/dkg/types/kernel.pb.go:3091.31,3092.38 1 0
github.com/piplabs/story/client/x/dkg/types/kernel.pb.go:3092.38,3095.4 2 0
github.com/piplabs/story/client/x/dkg/types/kernel.pb.go:3097.2,3097.19 1 0
github.com/piplabs/story/client/x/dkg/types/kernel.pb.go:3097.19,3099.3 1 0
github.com/piplabs/story/client/x/dkg/types/kernel.pb.go:3100.2,3100.10 1 0
github.com/piplabs/story/client/x/dkg/types/kernel.pb.go:3103.55,3104.14 1 0
github.com/piplabs/story/client/x/dkg/types/kernel.pb.go:3104.14,3106.3 1 0
github.com/piplabs/story/client/x/dkg/types/kernel.pb.go:3107.2,3109.10 3 0
github.com/piplabs/story/client/x/dkg/types/kernel.pb.go:3112.40,3113.14 1 0
github.com/piplabs/story/client/x/dkg/types/kernel.pb.go:3113.14,3115.3 1 0
github.com/piplabs/story/client/x/dkg/types/kernel.pb.go:3116.2,3118.18 3 0
github.com/piplabs/story/client/x/dkg/types/kernel.pb.go:3118.18,3120.3 1 0
github.com/piplabs/story/client/x/dkg/types/kernel.pb.go:3121.2,3121.31 1 0
github.com/piplabs/story/client/x/dkg/types/kernel.pb.go:3121.31,3124.3 2 0
github.com/piplabs/story/client/x/dkg/types/kernel.pb.go:3125.2,3125.10 1 0
github.com/piplabs/story/client/x/dkg/types/kernel.pb.go:3128.43,3129.14 1 0
github.com/piplabs/story/client/x/dkg/types/kernel.pb.go:3129.14,3131.3 1 0
github.com/piplabs/story/client/x/dkg/types/kernel.pb.go:3132.2,3135.11 4 0
github.com/piplabs/story/client/x/dkg/types/kernel.pb.go:3135.11,3137.3 1 0
github.com/piplabs/story/client/x/dkg/types/kernel.pb.go:3138.2,3138.18 1 0
github.com/piplabs/story/client/x/dkg/types/kernel.pb.go:3138.18,3140.3 1 0
github.com/piplabs/story/client/x/dkg/types/kernel.pb.go:3141.2,3141.24 1 0
github.com/piplabs/story/client/x/dkg/types/kernel.pb.go:3141.24,3144.3 2 0
github.com/piplabs/story/client/x/dkg/types/kernel.pb.go:3145.2,3146.11 2 0
github.com/piplabs/story/client/x/dkg/types/kernel.pb.go:3146.11,3148.3 1 0
github.com/piplabs/story/client/x/dkg/types/kernel.pb.go:3149.2,3149.10 1 0
github.com/piplabs/story/client/x/dkg/types/kernel.pb.go:3152.36,3153.14 1 0
github.com/piplabs/story/client/x/dkg/types/kernel.pb.go:3153.14,3155.3 1 0
github.com/piplabs/story/client/x/dkg/types/kernel.pb.go:3156.2,3159.11 4 0
github.com/piplabs/story/client/x/dkg/types/kernel.pb.go:3159.11,3161.3 1 0
github.com/piplabs/story/client/x/dkg/types/kernel.pb.go:3162.2,3162.23 1 0
github.com/piplabs/story/client/x/dkg/types/kernel.pb.go:3162.23,3165.3 2 0
github.com/piplabs/story/client/x/dkg/types/kernel.pb.go:3166.2,3166.22 1 0
github.com/piplabs/story/client/x/dkg/types/kernel.pb.go:3166.22,3168.3 1 0
github.com/piplabs/story/client/x/dkg/types/kernel.pb.go:3169.2,3169.28 1 0
github.com/piplabs/story/client/x/dkg/types/kernel.pb.go:3169.28,3170.35 1 0
github.com/piplabs/story/client/x/dkg/types/kernel.pb.go:3170.35,3173.4 2 0
github.com/piplabs/story/client/x/dkg/types/kernel.pb.go:3175.2,3175.10 1 0
github.com/piplabs/story/client/x/dkg/types/kernel.pb.go:3178.35,3179.14 1 0
github.com/piplabs/story/client/x/dkg/types/kernel.pb.go:3179.14,3181.3 1 0
github.com/piplabs/story/client/x/dkg/types/kernel.pb.go:3182.2,3184.14 3 0
github.com/piplabs/story/client/x/dkg/types/kernel.pb.go:3184.14,3186.3 1 0
github.com/piplabs/story/client/x/dkg/types/kernel.pb.go:3187.2,3187.16 1 0
github.com/piplabs/story/client/x/dkg/types/kernel.pb.go:3187.16,3190.3 2 0
github.com/piplabs/story/client/x/dkg/types/kernel.pb.go:3191.2,3191.10 1 0
github.com/piplabs/story/client/x/dkg/types/kernel.pb.go:3194.34,3196.2 1 0
github.com/piplabs/story/client/x/dkg/types/kernel.pb.go:3197.34,3199.2 1 0
github.com/piplabs/story/client/x/dkg/types/kernel.pb.go:3200.65,3203.16 3 0
github.com/piplabs/story/client/x/dkg/types/kernel.pb.go:3203.16,3206.38 3 0
github.com/piplabs/story/client/x/dkg/types/kernel.pb.go:3206.38,3207.19 1 0
github.com/piplabs/story/client/x/dkg/types/kernel.pb.go:3207.19,3209.5 1 0
github.com/piplabs/story/client/x/dkg/types/kernel.pb.go:3210.4,3210.18 1 0
github.com/piplabs/story/client/x/dkg/types/kernel.pb.go:3210.18,3212.5 1 0
github.com/piplabs/story/client/x/dkg/types/kernel.pb.go:3213.4,3216.16 4 0
github.com/piplabs/story/client/x/dkg/types/kernel.pb.go:3216.16,3217.10 1 0
github.com/piplabs/story/client/x/dkg/types/kernel.pb.go:3220.3,3222.20 3 0
github.com/piplabs/story/client/x/dkg/types/kernel.pb.go:3222.20,3224.4 1 0
github.com/piplabs/story/client/x/dkg/types/kernel.pb.go:3225.3,3225.20 1 0
github.com/piplabs/story/client/x/dkg/types/kernel.pb.go:3225.20,3227.4 1 0
github.com/piplabs/story/client/x/dkg/types/kernel.pb.go:3228.3,3228.19 1 0
github.com/piplabs/story/client/x/dkg/types/kernel.pb.go:3229.11,3232.18 3 0
github.com/piplabs/story/client/x/dkg/types/kernel.pb.go:3232.18,3234.5 1 0
github.com/piplabs/story/client/x/dkg/types/kernel.pb.go:3235.4,3235.42 1 0
github.com/piplabs/story/client/x/dkg/types/kernel.pb.go:3235.42,3237.5 1 0
github.com/piplabs/story/client/x/dkg/types/kernel.pb.go:3238.4,3238.28 1 0
github.com/piplabs/story/client/x/dkg/types/kernel.pb.go:3238.28,3240.5 1 0
github.com/piplabs/story/client/x/dkg/types/kernel.pb.go:3241.4,3241.19 1 0
github.com/piplabs/story/client/x/dkg/types/kernel.pb.go:3245.2,3245.15 1 0
github.com/piplabs/story/client/x/dkg/types/kernel.pb.go:3245.15,3247.3 1 0
github.com/piplabs/story/client/x/dkg/types/kernel.pb.go:3248.2,3248.12 1 0
github.com/piplabs/story/client/x/dkg/types/kernel.pb.go:3250.66,3253.16 3 0
github.com/piplabs/story/client/x/dkg/types/kernel.pb.go:3253.16,3256.38 3 0
github.com/piplabs/story/client/x/dkg/types/kernel.pb.go:3256.38,3257.19 1 0
github.com/piplabs/story/client/x/dkg/types/kernel.pb.go:3257.19,3259.5 1 0
github.com/piplabs/story/client/x/dkg/types/kernel.pb.go:3260.4,3260.18 1 0
github.com/piplabs/story/client/x/dkg/types/kernel.pb.go:3260.18,3262.5 1 0
github.com/piplabs/story/client/x/dkg/types/kernel.pb.go:3263.4,3266.16 4 0
github.com/piplabs/story/client/x/dkg/types/kernel.pb.go:3266.16,3267.10 1 0
github.com/piplabs/story/client/x/dkg/types/kernel.pb.go:3270.3,3272.20 3 0
github.com/piplabs/story/client/x/dkg/types/kernel.pb.go:3272.20,3274.4 1 0
github.com/piplabs/story/client/x/dkg/types/kernel.pb.go:3275.3,3275.20 1 0
github.com/piplabs/story/client/x/dkg/types/kernel.pb.go:3275.20,3277.4 1 0
github.com/piplabs/story/client/x/dkg/types/kernel.pb.go:3278.3,3278.19 1 0
github.com/piplabs/story/client/x/dkg/types/kernel.pb.go:3279.10,3280.21 1 0
github.com/piplabs/story/client/x/dkg/types/kernel.pb.go:3280.21,3282.5 1 0
github.com/piplabs/story/client/x/dkg/types/kernel.pb.go:3283.4,3284.39 2 0
github.com/piplabs/story/client/x/dkg/types/kernel.pb.go:3284.39,3285.20 1 0
github.com/piplabs/story/client/x/dkg/types/kernel.pb.go:3285.20,3287.6 1 0
github.com/piplabs/story/client/x/dkg/types/kernel.pb.go:3288.5,3288.19 1 0
github.com/piplabs/story/client/x/dkg/types/kernel.pb.go:3288.19,3290.6 1 0
github.com/piplabs/story/client/x/dkg/types/kernel.pb.go:3291.5,3294.17 4 0
github.com/piplabs/story/client/x/dkg/types/kernel.pb.go:3294.17,3295.11 1 0
github.com/piplabs/story/client/x/dkg/types/kernel.pb.go:3298.4,3298.19 1 0
github.com/piplabs/story/client/x/dkg/types/kernel.pb.go:3298.19,3300.5 1 0
github.com/piplabs/story/client/x/dkg/types/kernel.pb.go:3301.4,3302.21 2 0
github.com/piplabs/story/client/x/dkg/types/kernel.pb.go:3302.21,3304.5 1 0
github.com/piplabs/story/client/x/dkg/types/kernel.pb.go:3305.4,3305.21 1 0
github.com/piplabs/story/client/x/dkg/types/kernel.pb.go:3305.21,3307.5 1 0
github.com/piplabs/story/client/x/dkg/types/kernel.pb.go:3308.4,3309.31 2 0
github.com/piplabs/story/client/x/dkg/types/kernel.pb.go:3309.31,3311.5 1 0
github.com/piplabs/story/client/x/dkg/types/kernel.pb.go:3312.4,3312.21 1 0
github.com/piplabs/story/client/x/dkg/types/kernel.pb.go:3313.11,3316.18 3 0
github.com/piplabs/story/client/x/dkg/types/kernel.pb.go:3316.18,3318.5 1 0
github.com/piplabs/story/client/x/dkg/types/kernel.pb.go:3319.4,3319.42 1 0
github.com/piplabs/story/client/x/dkg/types/kernel.pb.go:3319.42,3321.5 1 0
github.com/piplabs/story/client/x/dkg/types/kernel.pb.go:3322.4,3322.28 1 0
github.com/piplabs/story/client/x/dkg/types/kernel.pb.go:3322.28,3324.5 1 0
github.com/piplabs/story/client/x/dkg/types/kernel.pb.go:3325.4,3325.19 1 0
github.com/piplabs/story/client/x/dkg/types/kernel.pb.go:3329.2,3329.15 1 0
github.com/piplabs/story/client/x/dkg/types/kernel.pb.go:3329.15,3331.3 1 0
github.com/piplabs/story/client/x/dkg/types/kernel.pb.go:3332.2,3332.12 1 0
github.com/piplabs/story/client/x/dkg/types/kernel.pb.go:3334.66,3337.16 3 0
github.com/piplabs/story/client/x/dkg/types/kernel.pb.go:3337.16,3340.38 3 0
github.com/piplabs/story/client/x/dkg/types/kernel.pb.go:3340.38,3341.19 1 0
github.com/piplabs/story/client/x/dkg/types/kernel.pb.go:3341.19,3343.5 1 0
github.com/piplabs/story/client/x/dkg/types/kernel.pb.go:3344.4,3344.18 1 0
github.com/piplabs/story/client/x/dkg/types/kernel.pb.go:3344.18,3346.5 1 0
github.com/piplabs/story/client/x/dkg/types/kernel.pb.go:3347.4,3350.16 4 0
github.com/piplabs/story/client/x/dkg/types/kernel.pb.go:3350.16,3351.10 1 0
github.com/piplabs/story/client/x/dkg/types/kernel.pb.go:3354.3,3356.20 3 0
github.com/piplabs/story/client/x/dkg/types/kernel.pb.go:3356.20,3358.4 1 0
github.com/piplabs/story/client/x/dkg/types/kernel.pb.go:3359.3,3359.20 1 0
github.com/piplabs/story/client/x/dkg/types/kernel.pb.go:3359.20,3361.4 1 0
github.com/piplabs/story/client/x/dkg/types/kernel.pb.go:3362.3,3362.19 1 0
github.com/piplabs/story/client/x/dkg/types/kernel.pb.go:3363.10,3364.21 1 0
github.com/piplabs/story/client/x/dkg/types/kernel.pb.go:3364.21,3366.5 1 0
github.com/piplabs/story/client/x/dkg/types/kernel.pb.go:3367.4,3368.39 2 0
github.com/piplabs/story/client/x/dkg/types/kernel.pb.go:3368.39,3369.20 1 0
github.com/piplabs/story/client/x/dkg/types/kernel.pb.go:3369.20,3371.6 1 0
github.com/piplabs/story/client/x/dkg/types/kernel.pb.go:3372.5,3372.19 1 0
github.com/piplabs/story/client/x/dkg/types/kernel.pb.go:3372.19,3374.6 1 0
github.com/piplabs/story/client/x/dkg/types/kernel.pb.go:3375.5,3378.17 4 0
github.com/piplabs/story/client/x/dkg/types/kernel.pb.go:3378.17,3379.11 1 0
github.com/piplabs/story/client/x/dkg/types/kernel.pb.go:3382.4,3382.19 1 0
github.com/piplabs/story/client/x/dkg/types/kernel.pb.go:3382.19,3384.5 1 0
github.com/piplabs/story/client/x/dkg/types/kernel.pb.go:3385.4,3386.21 2 0
github.com/piplabs/story/client/x/dkg/types/kernel.pb.go:3386.21,3388.5 1 0
github.com/piplabs/story/client/x/dkg/types/kernel.pb.go:3389.4,3389.21 1 0
github.com/piplabs/story/client/x/dkg/types/kernel.pb.go:3389.21,3391.5 1 0
github.com/piplabs/story/client/x/dkg/types/kernel.pb.go:3392.4,3393.31 2 0
github.com/piplabs/story/client/x/dkg/types/kernel.pb.go:3393.31,3395.5 1 0
github.com/piplabs/story/client/x/dkg/types/kernel.pb.go:3396.4,3396.21 1 0
github.com/piplabs/story/client/x/dkg/types/kernel.pb.go:3397.10,3398.21 1 0
github.com/piplabs/story/client/x/dkg/types/kernel.pb.go:3398.21,3400.5 1 0
github.com/piplabs/story/client/x/dkg/types/kernel.pb.go:3401.4,3402.39 2 0
github.com/piplabs/story/client/x/dkg/types/kernel.pb.go:3402.39,3403.20 1 0
github.com/piplabs/story/client/x/dkg/types/kernel.pb.go:3403.20,3405.6 1 0
github.com/piplabs/story/client/x/dkg/types/kernel.pb.go:3406.5,3406.19 1 0
github.com/piplabs/story/client/x/dkg/types/kernel.pb.go:3406.19,3408.6 1 0
github.com/piplabs/story/client/x/dkg/types/kernel.pb.go:3409.5,3412.17 4 0
github.com/piplabs/story/client/x/dkg/types/kernel.pb.go:3412.17,3413.11 1 0
github.com/piplabs/story/client/x/dkg/types/kernel.pb.go:3416.10,3417.21 1 0
github.com/piplabs/story/client/x/dkg/types/kernel.pb.go:3417.21,3419.5 1 0
github.com/piplabs/story/client/x/dkg/types/kernel.pb.go:3420.4,3421.39 2 0
github.com/piplabs/story/client/x/dkg/types/kernel.pb.go:3421.39,3422.20 1 0
github.com/piplabs/story/client/x/dkg/types/kernel.pb.go:3422.20,3424.6 1 0
github.com/piplabs/story/client/x/dkg/types/kernel.pb.go:3425.5,3425.19 1 0
github.com/piplabs/story/client/x/dkg/types/kernel.pb.go:3425.19,3427.6 1 0
github.com/piplabs/story/client/x/dkg/types/kernel.pb.go:3428.5,3431.17 4 0
github.com/piplabs/story/client/x/dkg/types/kernel.pb.go:3431.17,3432.11 1 0
github.com/piplabs/story/client/x/dkg/types/kernel.pb.go:3435.4,3436.24 2 0
github.com/piplabs/story/client/x/dkg/types/kernel.pb.go:3436.24,3438.5 1 0
github.com/piplabs/story/client/x/dkg/types/kernel.pb.go:3439.4,3440.21 2 0
github.com/piplabs/story/client/x/dkg/types/kernel.pb.go:3440.21,3442.5 1 0
github.com/piplabs/story/client/x/dkg/types/kernel.pb.go:3443.4,3443.21 1 0
github.com/piplabs/story/client/x/dkg/types/kernel.pb.go:3443.21,3445.5 1 0
github.com/piplabs/story/client/x/dkg/types/kernel.pb.go:3446.4,3447.21 2 0
github.com/piplabs/story/client/x/dkg/types/kernel.pb.go:3448.11,3451.18 3 0
github.com/piplabs/story/client/x/dkg/types/kernel.pb.go:3451.18,3453.5 1 0
github.com/piplabs/story/client/x/dkg/types/kernel.pb.go:3454.4,3454.42 1 0
github.com/piplabs/story/client/x/dkg/types/kernel.pb.go:3454.42,3456.5 1 0
github.com/piplabs/story/client/x/dkg/types/kernel.pb.go:3457.4,3457.28 1 0
github.com/piplabs/story/client/x/dkg/types/kernel.pb.go:3457.28,3459.5 1 0
github.com/piplabs/story/client/x/dkg/types/kernel.pb.go:3460.4,3460.19 1 0
github.com/piplabs/story/client/x/dkg/types/kernel.pb.go:3464.2,3464.15 1 0
github.com/piplabs/story/client/x/dkg/types/kernel.pb.go:3464.15,3466.3 1 0
github.com/piplabs/story/client/x/dkg/types/kernel.pb.go:3467.2,3467.12 1 0
github.com/piplabs/story/client/x/dkg/types/kernel.pb.go:3469.67,3472.16 3 0
github.com/piplabs/story/client/x/dkg/types/kernel.pb.go:3472.16,3475.38 3 0
github.com/piplabs/story/client/x/dkg/types/kernel.pb.go:3475.38,3476.19 1 0
github.com/piplabs/story/client/x/dkg/types/kernel.pb.go:3476.19,3478.5 1 0
github.com/piplabs/story/client/x/dkg/types/kernel.pb.go:3479.4,3479.18 1 0
github.com/piplabs/story/client/x/dkg/types/kernel.pb.go:3479.18,3481.5 1 0
github.com/piplabs/story/client/x/dkg/types/kernel.pb.go:3482.4,3485.16 4 0
github.com/piplabs/story/client/x/dkg/types/kernel.pb.go:3485.16,3486.10 1 0
github.com/piplabs/story/client/x/dkg/types/kernel.pb.go:3489.3,3491.20 3 0
github.com/piplabs/story/client/x/dkg/types/kernel.pb.go:3491.20,3493.4 1 0
github.com/piplabs/story/client/x/dkg/types/kernel.pb.go:3494.3,3494.20 1 0
github.com/piplabs/story/client/x/dkg/types/kernel.pb.go:3494.20,3496.4 1 0
github.com/piplabs/story/client/x/dkg/types/kernel.pb.go:3497.3,3497.19 1 0
github.com/piplabs/story/client/x/dkg/types/kernel.pb.go:3498.10,3499.21 1 0
github.com/piplabs/story/client/x/dkg/types/kernel.pb.go:3499.21,3501.5 1 0
github.com/piplabs/story/client/x/dkg/types/kernel.pb.go:3502.4,3503.39 2 0
github.com/piplabs/story/client/x/dkg/types/kernel.pb.go:3503.39,3504.20 1 0
github.com/piplabs/story/client/x/dkg/types/kernel.pb.go:3504.20,3506.6 1 0
github.com/piplabs/story/client/x/dkg/types/kernel.pb.go:3507.5,3507.19 1 0
github.com/piplabs/story/client/x/dkg/types/kernel.pb.go:3507.19,3509.6 1 0
github.com/piplabs/story/client/x/dkg/types/kernel.pb.go:3510.5,3513.17 4 0
github.com/piplabs/story/client/x/dkg/types/kernel.pb.go:3513.17,3514.11 1 0
github.com/piplabs/story/client/x/dkg/types/kernel.pb.go:3517.4,3517.19 1 0
github.com/piplabs/story/client/x/dkg/types/kernel.pb.go:3517.19,3519.5 1 0
github.com/piplabs/story/client/x/dkg/types/kernel.pb.go:3520.4,3521.21 2 0
github.com/piplabs/story/client/x/dkg/types/kernel.pb.go:3521.21,3523.5 1 0
github.com/piplabs/story/client/x/dkg/types/kernel.pb.go:3524.4,3524.21 1 0
github.com/piplabs/story/client/x/dkg/types/kernel.pb.go:3524.21,3526.5 1 0
github.com/piplabs/story/client/x/dkg/types/kernel.pb.go:3527.4,3528.31 2 0
github.com/piplabs/story/client/x/dkg/types/kernel.pb.go:3528.31,3530.5 1 0
github.com/piplabs/story/client/x/dkg/types/kernel.pb.go:3531.4,3531.21 1 0
github.com/piplabs/story/client/x/dkg/types/kernel.pb.go:3532.10,3533.21 1 0
github.com/piplabs/story/client/x/dkg/types/kernel.pb.go:3533.21,3535.5 1 0
github.com/piplabs/story/client/x/dkg/types/kernel.pb.go:3536.4,3537.39 2 0
github.com/piplabs/story/client/x/dkg/types/kernel.pb.go:3537.39,3538.20 1 0
github.com/piplabs/story/client/x/dkg/types/kernel.pb.go:3538.20,3540.6 1 0
github.com/piplabs/story/client/x/dkg/types/kernel.pb.go:3541.5,3541.19 1 0
github.com/piplabs/story/client/x/dkg/types/kernel.pb.go:3541.19,3543.6 1 0
github.com/piplabs/story/client/x/dkg/types/kernel.pb.go:3544.5,3547.17 4 0
github.com/piplabs/story/client/x/dkg/types/kernel.pb.go:3547.17,3548.11 1 0
github.com/piplabs/story/client/x/dkg/types/kernel.pb.go:3551.10,3552.21 1 0
github.com/piplabs/story/client/x/dkg/types/kernel.pb.go:3552.21,3554.5 1 0
github.com/piplabs/story/client/x/dkg/types/kernel.pb.go:3555.4,3556.39 2 0
github.com/piplabs/story/client/x/dkg/types/kernel.pb.go:3556.39,3557.20 1 0
github.com/piplabs/story/client/x/dkg/types/kernel.pb.go:3557.20,3559.6 1 0
github.com/piplabs/story/client/x/dkg/types/kernel.pb.go:3560.5,3560.19 1 0
github.com/piplabs/story/client/x/dkg/types/kernel.pb.go:3560.19,3562.6 1 0
github.com/piplabs/story/client/x/dkg/types/kernel.pb.go:3563.5,3566.17 4 0
github.com/piplabs/story/client/x/dkg/types/kernel.pb.go:3566.17,3567.11 1 0
github.com/piplabs/story/client/x/dkg/types/kernel.pb.go:3570.10,3571.21 1 0
github.com/piplabs/story/client/x/dkg/types/kernel.pb.go:3571.21,3573.5 1 0
github.com/piplabs/story/client/x/dkg/types/kernel.pb.go:3574.4,3575.39 2 0
github.com/piplabs/story/client/x/dkg/types/kernel.pb.go:3575.39,3576.20 1 0
github.com/piplabs/story/client/x/dkg/types/kernel.pb.go:3576.20,3578.6 1 0
github.com/piplabs/story/client/x/dkg/types/kernel.pb.go:3579.5,3579.19 1 0
github.com/piplabs/story/client/x/dkg/types/kernel.pb.go:3579.19,3581.6 1 0
github.com/piplabs/story/client/x/dkg/types/kernel.pb.go:3582.5,3585.17 4 0
github.com/piplabs/story/client/x/dkg/types/kernel.pb.go:3585.17,3586.11 1 0
github.com/piplabs/story/client/x/dkg/types/kernel.pb.go:3589.4,3589.19 1 0
github.com/piplabs/story/client/x/dkg/types/kernel.pb.go:3589.19,3591.5 1 0
github.com/piplabs/story/client/x/dkg/types/kernel.pb.go:3592.4,3593.21 2 0
github.com/piplabs/story/client/x/dkg/types/kernel.pb.go:3593.21,3595.5 1 0
github.com/piplabs/story/client/x/dkg/types/kernel.pb.go:3596.4,3596.21 1 0
github.com/piplabs/story/client/x/dkg/types/kernel.pb.go:3596.21,3598.5 1 0
github.com/piplabs/story/client/x/dkg/types/kernel.pb.go:3599.4,3600.31 2 0
github.com/piplabs/story/client/x/dkg/types/kernel.pb.go:3600.31,3602.5 1 0
github.com/piplabs/story/client/x/dkg/types/kernel.pb.go:3603.4,3603.21 1 0
github.com/piplabs/story/client/x/dkg/types/kernel.pb.go:3604.10,3605.21 1 0
github.com/piplabs/story/client/x/dkg/types/kernel.pb.go:3605.21,3607.5 1 0
github.com/piplabs/story/client/x/dkg/types/kernel.pb.go:3608.4,3609.39 2 0
github.com/piplabs/story/client/x/dkg/types/kernel.pb.go:3609.39,3610.20 1 0
github.com/piplabs/story/client/x/dkg/types/kernel.pb.go:3610.20,3612.6 1 0
github.com/piplabs/story/client/x/dkg/types/kernel.pb.go:3613.5,3613.19 1 0
github.com/piplabs/story/client/x/dkg/types/kernel.pb.go:3613.19,3615.6 1 0
github.com/piplabs/story/client/x/dkg/types/kernel.pb.go:3616.5,3619.17 4 0
github.com/piplabs/story/client/x/dkg/types/kernel.pb.go:3619.17,3620.11 1 0
github.com/piplabs/story/client/x/dkg/types/kernel.pb.go:3623.4,3623.19 1 0
github.com/piplabs/story/client/x/dkg/types/kernel.pb.go:3623.19,3625.5 1 0
github.com/piplabs/story/client/x/dkg/types/kernel.pb.go:3626.4,3627.21 2 0
github.com/piplabs/story/client/x/dkg/types/kernel.pb.go:3627.21,3629.5 1 0
github.com/piplabs/story/client/x/dkg/types/kernel.pb.go:3630.4,3630.21 1 0
github.com/piplabs/story/client/x/dkg/types/kernel.pb.go:3630.21,3632.5 1 0
github.com/piplabs/story/client/x/dkg/types/kernel.pb.go:3633.4,3634.26 2 0
github.com/piplabs/story/client/x/dkg/types/kernel.pb.go:3634.26,3636.5 1 0
github.com/piplabs/story/client/x/dkg/types/kernel.pb.go:3637.4,3637.21 1 0
github.com/piplabs/story/client/x/dkg/types/kernel.pb.go:3638.10,3639.21 1 0
github.com/piplabs/story/client/x/dkg/types/kernel.pb.go:3639.21,3641.5 1 0
github.com/piplabs/story/client/x/dkg/types/kernel.pb.go:3642.4,3643.39 2 0
github.com/piplabs/story/client/x/dkg/types/kernel.pb.go:3643.39,3644.20 1 0
github.com/piplabs/story/client/x/dkg/types/kernel.pb.go:3644.20,3646.6 1 0
github.com/piplabs/story/client/x/dkg/types/kernel.pb.go:3647.5,3647.19 1 0
github.com/piplabs/story/client/x/dkg/types/kernel.pb.go:3647.19,3649.6 1 0
github.com/piplabs/story/client/x/dkg/types/kernel.pb.go:3650.5,3653.17 4 0
github.com/piplabs/story/client/x/dkg/types/kernel.pb.go:3653.17,3654.11 1 0
github.com/piplabs/story/client/x/dkg/types/kernel.pb.go:3657.4,3657.19 1 0
github.com/piplabs/story/client/x/dkg/types/kernel.pb.go:3657.19,3659.5 1 0
github.com/piplabs/story/client/x/dkg/types/kernel.pb.go:3660.4,3661.21 2 0
github.com/piplabs/story/client/x/dkg/types/kernel.pb.go:3661.21,3663.5 1 0
github.com/piplabs/story/client/x/dkg/types/kernel.pb.go:3664.4,3664.21 1 0
github.com/piplabs/story/client/x/dkg/types/kernel.pb.go:3664.21,3666.5 1 0
github.com/piplabs/story/client/x/dkg/types/kernel.pb.go:3667.4,3668.27 2 0
github.com/piplabs/story/client/x/dkg/types/kernel.pb.go:3668.27,3670.5 1 0
github.com/piplabs/story/client/x/dkg/types/kernel.pb.go:3671.4,3671.21 1 0
github.com/piplabs/story/client/x/dkg/types/kernel.pb.go:3672.10,3673.21 1 0
github.com/piplabs/story/client/x/dkg/types/kernel.pb.go:3673.21,3675.5 1 0
github.com/piplabs/story/client/x/dkg/types/kernel.pb.go:3676.4,3677.39 2 0
github.com/piplabs/story/client/x/dkg/types/kernel.pb.go:3677.39,3678.20 1 0
github.com/piplabs/story/client/x/dkg/types/kernel.pb.go:3678.20,3680.6 1 0
github.com/piplabs/story/client/x/dkg/types/kernel.pb.go:3681.5,3681.19 1 0
github.com/piplabs/story/client/x/dkg/types/kernel.pb.go:3681.19,3683.6 1 0
github.com/piplabs/story/client/x/dkg/types/kernel.pb.go:3684.5,3687.17 4 0
github.com/piplabs/story/client/x/dkg/types/kernel.pb.go:3687.17,3688.11 1 0
github.com/piplabs/story/client/x/dkg/types/kernel.pb.go:3691.4,3691.19 1 0
github.com/piplabs/story/client/x/dkg/types/kernel.pb.go:3691.19,3693.5 1 0
github.com/piplabs/story/client/x/dkg/types/kernel.pb.go:3694.4,3695.21 2 0
github.com/piplabs/story/client/x/dkg/types/kernel.pb.go:3695.21,3697.5 1 0
github.com/piplabs/story/client/x/dkg/types/kernel.pb.go:3698.4,3698.21 1 0
github.com/piplabs/story/client/x/dkg/types/kernel.pb.go:3698.21,3700.5 1 0
github.com/piplabs/story/client/x/dkg/types/kernel.pb.go:3701.4,3702.30 2 0
github.com/piplabs/story/client/x/dkg/types/kernel.pb.go:3702.30,3704.5 1 0
github.com/piplabs/story/client/x/dkg/types/kernel.pb.go:3705.4,3705.21 1 0
github.com/piplabs/story/client/x/dkg/types/kernel.pb.go:3706.11,3709.18 3 0
github.com/piplabs/story/client/x/dkg/types/kernel.pb.go:3709.18,3711.5 1 0
github.com/piplabs/story/client/x/dkg/types/kernel.pb.go:3712.4,3712.42 1 0
github.com/piplabs/story/client/x/dkg/types/kernel.pb.go:3712.42,3714.5 1 0
github.com/piplabs/story/client/x/dkg/types/kernel.pb.go:3715.4,3715.28 1 0
github.com/piplabs/story/client/x/dkg/types/kernel.pb.go:3715.28,3717.5 1 0
github.com/piplabs/story/client/x/dkg/types/kernel.pb.go:3718.4,3718.19 1 0
github.com/piplabs/story/client/x/dkg/types/kernel.pb.go:3722.2,3722.15 1 0
github.com/piplabs/story/client/x/dkg/types/kernel.pb.go:3722.15,3724.3 1 0
github.com/piplabs/story/client/x/dkg/types/kernel.pb.go:3725.2,3725.12 1 0
github.com/piplabs/story/client/x/dkg/types/kernel.pb.go:3727.61,3730.16 3 0
github.com/piplabs/story/client/x/dkg/types/kernel.pb.go:3730.16,3733.38 3 0
github.com/piplabs/story/client/x/dkg/types/kernel.pb.go:3733.38,3734.19 1 0
github.com/piplabs/story/client/x/dkg/types/kernel.pb.go:3734.19,3736.5 1 0
github.com/piplabs/story/client/x/dkg/types/kernel.pb.go:3737.4,3737.18 1 0
github.com/piplabs/story/client/x/dkg/types/kernel.pb.go:3737.18,3739.5 1 0
github.com/piplabs/story/client/x/dkg/types/kernel.pb.go:3740.4,3743.16 4 0
github.com/piplabs/story/client/x/dkg/types/kernel.pb.go:3743.16,3744.10 1 0
github.com/piplabs/story/client/x/dkg/types/kernel.pb.go:3747.3,3749.20 3 0
github.com/piplabs/story/client/x/dkg/types/kernel.pb.go:3749.20,3751.4 1 0
github.com/piplabs/story/client/x/dkg/types/kernel.pb.go:3752.3,3752.20 1 0
github.com/piplabs/story/client/x/dkg/types/kernel.pb.go:3752.20,3754.4 1 0
github.com/piplabs/story/client/x/dkg/types/kernel.pb.go:3755.3,3755.19 1 0
github.com/piplabs/story/client/x/dkg/types/kernel.pb.go:3756.10,3757.21 1 0
github.com/piplabs/story/client/x/dkg/types/kernel.pb.go:3757.21,3759.5 1 0
github.com/piplabs/story/client/x/dkg/types/kernel.pb.go:3760.4,3761.39 2 0
github.com/piplabs/story/client/x/dkg/types/kernel.pb.go:3761.39,3762.20 1 0
github.com/piplabs/story/client/x/dkg/types/kernel.pb.go:3762.20,3764.6 1 0
github.com/piplabs/story/client/x/dkg/types/kernel.pb.go:3765.5,3765.19 1 0
github.com/piplabs/story/client/x/dkg/types/kernel.pb.go:3765.19,3767.6 1 0
github.com/piplabs/story/client/x/dkg/types/kernel.pb.go:3768.5,3771.17 4 0
github.com/piplabs/story/client/x/dkg/types/kernel.pb.go:3771.17,3772.11 1 0
github.com/piplabs/story/client/x/dkg/types/kernel.pb.go:3775.4,3775.19 1 0
github.com/piplabs/story/client/x/dkg/types/kernel.pb.go:3775.19,3777.5 1 0
github.com/piplabs/story/client/x/dkg/types/kernel.pb.go:3778.4,3779.21 2 0
github.com/piplabs/story/client/x/dkg/types/kernel.pb.go:3779.21,3781.5 1 0
github.com/piplabs/story/client/x/dkg/types/kernel.pb.go:3782.4,3782.21 1 0
github.com/piplabs/story/client/x/dkg/types/kernel.pb.go:3782.21,3784.5 1 0
github.com/piplabs/story/client/x/dkg/types/kernel.pb.go:3785.4,3786.31 2 0
github.com/piplabs/story/client/x/dkg/types/kernel.pb.go:3786.31,3788.5 1 0
github.com/piplabs/story/client/x/dkg/types/kernel.pb.go:3789.4,3789.21 1 0
github.com/piplabs/story/client/x/dkg/types/kernel.pb.go:3790.10,3791.21 1 0
github.com/piplabs/story/client/x/dkg/types/kernel.pb.go:3791.21,3793.5 1 0
github.com/piplabs/story/client/x/dkg/types/kernel.pb.go:3794.4,3795.39 2 0
github.com/piplabs/story/client/x/dkg/types/kernel.pb.go:3795.39,3796.20 1 0
github.com/piplabs/story/client/x/dkg/types/kernel.pb.go:3796.20,3798.6 1 0
github.com/piplabs/story/client/x/dkg/types/kernel.pb.go:3799.5,3799.19 1 0
github.com/piplabs/story/client/x/dkg/types/kernel.pb.go:3799.19,3801.6 1 0
github.com/piplabs/story/client/x/dkg/types/kernel.pb.go:3802.5,3805.17 4 0
github.com/piplabs/story/client/x/dkg/types/kernel.pb.go:3805.17,3806.11 1 0
github.com/piplabs/story/client/x/dkg/types/kernel.pb.go:3809.10,3810.21 1 0
github.com/piplabs/story/client/x/dkg/types/kernel.pb.go:3810.21,3812.5 1 0
github.com/piplabs/story/client/x/dkg/types/kernel.pb.go:3813.4,3814.39 2 0
github.com/piplabs/story/client/x/dkg/types/kernel.pb.go:3814.39,3815.20 1 0
github.com/piplabs/story/client/x/dkg/types/kernel.pb.go:3815.20,3817.6 1 0
github.com/piplabs/story/client/x/dkg/types/kernel.pb.go:3818.5,3818.19 1 0
github.com/piplabs/story/client/x/dkg/types/kernel.pb.go:3818.19,3820.6 1 0
github.com/piplabs/story/client/x/dkg/types/kernel.pb.go:3821.5,3824.17 4 0
github.com/piplabs/story/client/x/dkg/types/kernel.pb.go:3824.17,3825.11 1 0
github.com/piplabs/story/client/x/dkg/types/kernel.pb.go:3828.4,3828.32 1 0
github.com/piplabs/story/client/x/dkg/types/kernel.pb.go:3829.11,3832.18 3 0
github.com/piplabs/story/client/x/dkg/types/kernel.pb.go:3832.18,3834.5 1 0
github.com/piplabs/story/client/x/dkg/types/kernel.pb.go:3835.4,3835.42 1 0
github.com/piplabs/story/client/x/dkg/types/kernel.pb.go:3835.42,3837.5 1 0
github.com/piplabs/story/client/x/dkg/types/kernel.pb.go:3838.4,3838.28 1 0
github.com/piplabs/story/client/x/dkg/types/kernel.pb.go:3838.28,3840.5 1 0
github.com/piplabs/story/client/x/dkg/types/kernel.pb.go:3841.4,3841.19 1 0
github.com/piplabs/story/client/x/dkg/types/kernel.pb.go:3845.2,3845.15 1 0
github.com/piplabs/story/client/x/dkg/types/kernel.pb.go:3845.15,3847.3 1 0
github.com/piplabs/story/client/x/dkg/types/kernel.pb.go:3848.2,3848.12 1 0
github.com/piplabs/story/client/x/dkg/types/kernel.pb.go:3850.62,3853.16 3 0
github.com/piplabs/story/client/x/dkg/types/kernel.pb.go:3853.16,3856.38 3 0
github.com/piplabs/story/client/x/dkg/types/kernel.pb.go:3856.38,3857.19 1 0
github.com/piplabs/story/client/x/dkg/types/kernel.pb.go:3857.19,3859.5 1 0
github.com/piplabs/story/client/x/dkg/types/kernel.pb.go:3860.4,3860.18 1 0
github.com/piplabs/story/client/x/dkg/types/kernel.pb.go:3860.18,3862.5 1 0
github.com/piplabs/story/client/x/dkg/types/kernel.pb.go:3863.4,3866.16 4 0
github.com/piplabs/story/client/x/dkg/types/kernel.pb.go:3866.16,3867.10 1 0
github.com/piplabs/story/client/x/dkg/types/kernel.pb.go:3870.3,3872.20 3 0
github.com/piplabs/story/client/x/dkg/types/kernel.pb.go:3872.20,3874.4 1 0
github.com/piplabs/story/client/x/dkg/types/kernel.pb.go:3875.3,3875.20 1 0
github.com/piplabs/story/client/x/dkg/types/kernel.pb.go:3875.20,3877.4 1 0
github.com/piplabs/story/client/x/dkg/types/kernel.pb.go:3878.3,3878.19 1 0
github.com/piplabs/story/client/x/dkg/types/kernel.pb.go:3879.10,3880.21 1 0
github.com/piplabs/story/client/x/dkg/types/kernel.pb.go:3880.21,3882.5 1 0
github.com/piplabs/story/client/x/dkg/types/kernel.pb.go:3883.4,3884.39 2 0
github.com/piplabs/story/client/x/dkg/types/kernel.pb.go:3884.39,3885.20 1 0
github.com/piplabs/story/client/x/dkg/types/kernel.pb.go:3885.20,3887.6 1 0
github.com/piplabs/story/client/x/dkg/types/kernel.pb.go:3888.5,3888.19 1 0
github.com/piplabs/story/client/x/dkg/types/kernel.pb.go:3888.19,3890.6 1 0
github.com/piplabs/story/client/x/dkg/types/kernel.pb.go:3891.5,3894.17 4 0
github.com/piplabs/story/client/x/dkg/types/kernel.pb.go:3894.17,3895.11 1 0
github.com/piplabs/story/client/x/dkg/types/kernel.pb.go:3898.4,3898.19 1 0
github.com/piplabs/story/client/x/dkg/types/kernel.pb.go:3898.19,3900.5 1 0
github.com/piplabs/story/client/x/dkg/types/kernel.pb.go:3901.4,3902.21 2 0
github.com/piplabs/story/client/x/dkg/types/kernel.pb.go:3902.21,3904.5 1 0
github.com/piplabs/story/client/x/dkg/types/kernel.pb.go:3905.4,3905.21 1 0
github.com/piplabs/story/client/x/dkg/types/kernel.pb.go:3905.21,3907.5 1 0
github.com/piplabs/story/client/x/dkg/types/kernel.pb.go:3908.4,3909.31 2 0
github.com/piplabs/story/client/x/dkg/types/kernel.pb.go:3909.31,3911.5 1 0
github.com/piplabs/story/client/x/dkg/types/kernel.pb.go:3912.4,3912.21 1 0
github.com/piplabs/story/client/x/dkg/types/kernel.pb.go:3913.10,3914.21 1 0
github.com/piplabs/story/client/x/dkg/types/kernel.pb.go:3914.21,3916.5 1 0
github.com/piplabs/story/client/x/dkg/types/kernel.pb.go:3917.4,3918.39 2 0
github.com/piplabs/story/client/x/dkg/types/kernel.pb.go:3918.39,3919.20 1 0
github.com/piplabs/story/client/x/dkg/types/kernel.pb.go:3919.20,3921.6 1 0
github.com/piplabs/story/client/x/dkg/types/kernel.pb.go:3922.5,3922.19 1 0
github.com/piplabs/story/client/x/dkg/types/kernel.pb.go:3922.19,3924.6 1 0
github.com/piplabs/story/client/x/dkg/types/kernel.pb.go:3925.5,3928.17 4 0
github.com/piplabs/story/client/x/dkg/types/kernel.pb.go:3928.17,3929.11 1 0
github.com/piplabs/story/client/x/dkg/types/kernel.pb.go:3932.10,3933.21 1 0
github.com/piplabs/story/client/x/dkg/types/kernel.pb.go:3933.21,3935.5 1 0
github.com/piplabs/story/client/x/dkg/types/kernel.pb.go:3936.4,3937.39 2 0
github.com/piplabs/story/client/x/dkg/types/kernel.pb.go:3937.39,3938.20 1 0
github.com/piplabs/story/client/x/dkg/types/kernel.pb.go:3938.20,3940.6 1 0
github.com/piplabs/story/client/x/dkg/types/kernel.pb.go:3941.5,3941.19 1 0
github.com/piplabs/story/client/x/dkg/types/kernel.pb.go:3941.19,3943.6 1 0
github.com/piplabs/story/client/x/dkg/types/kernel.pb.go:3944.5,3947.17 4 0
github.com/piplabs/story/client/x/dkg/types/kernel.pb.go:3947.17,3948.11 1 0
github.com/piplabs/story/client/x/dkg/types/kernel.pb.go:3951.4,3951.18 1 0
github.com/piplabs/story/client/x/dkg/types/kernel.pb.go:3951.18,3953.5 1 0
github.com/piplabs/story/client/x/dkg/types/kernel.pb.go:3954.4,3955.21 2 0
github.com/piplabs/story/client/x/dkg/types/kernel.pb.go:3955.21,3957.5 1 0
github.com/piplabs/story/client/x/dkg/types/kernel.pb.go:3958.4,3958.21 1 0
github.com/piplabs/story/client/x/dkg/types/kernel.pb.go:3958.21,3960.5 1 0
github.com/piplabs/story/client/x/dkg/types/kernel.pb.go:3961.4,3962.83 2 0
github.com/piplabs/story/client/x/dkg/types/kernel.pb.go:3962.83,3964.5 1 0
github.com/piplabs/story/client/x/dkg/types/kernel.pb.go:3965.4,3965.21 1 0
github.com/piplabs/story/client/x/dkg/types/kernel.pb.go:3966.11,3969.18 3 0
github.com/piplabs/story/client/x/dkg/types/kernel.pb.go:3969.18,3971.5 1 0
github.com/piplabs/story/client/x/dkg/types/kernel.pb.go:3972.4,3972.42 1 0
github.com/piplabs/story/client/x/dkg/types/kernel.pb.go:3972.42,3974.5 1 0
github.com/piplabs/story/client/x/dkg/types/kernel.pb.go:3975.4,3975.28 1 0
github.com/piplabs/story/client/x/dkg/types/kernel.pb.go:3975.28,3977.5 1 0
github.com/piplabs/story/client/x/dkg/types/kernel.pb.go:3978.4,3978.19 1 0
github.com/piplabs/story/client/x/dkg/types/kernel.pb.go:3982.2,3982.15 1 0
github.com/piplabs/story/client/x/dkg/types/kernel.pb.go:3982.15,3984.3 1 0
github.com/piplabs/story/client/x/dkg/types/kernel.pb.go:3985.2,3985.12 1 0
github.com/piplabs/story/client/x/dkg/types/kernel.pb.go:3987.60,3990.16 3 0
github.com/piplabs/story/client/x/dkg/types/kernel.pb.go:3990.16,3993.38 3 0
github.com/piplabs/story/client/x/dkg/types/kernel.pb.go:3993.38,3994.19 1 0
github.com/piplabs/story/client/x/dkg/types/kernel.pb.go:3994.19,3996.5 1 0
github.com/piplabs/story/client/x/dkg/types/kernel.pb.go:3997.4,3997.18 1 0
github.com/piplabs/story/client/x/dkg/types/kernel.pb.go:3997.18,3999.5 1 0
github.com/piplabs/story/client/x/dkg/types/kernel.pb.go:4000.4,4003.16 4 0
github.com/piplabs/story/client/x/dkg/types/kernel.pb.go:4003.16,4004.10 1 0
github.com/piplabs/story/client/x/dkg/types/kernel.pb.go:4007.3,4009.20 3 0
github.com/piplabs/story/client/x/dkg/types/kernel.pb.go:4009.20,4011.4 1 0
github.com/piplabs/story/client/x/dkg/types/kernel.pb.go:4012.3,4012.20 1 0
github.com/piplabs/story/client/x/dkg/types/kernel.pb.go:4012.20,4014.4 1 0
github.com/piplabs/story/client/x/dkg/types/kernel.pb.go:4015.3,4015.19 1 0
github.com/piplabs/story/client/x/dkg/types/kernel.pb.go:4016.10,4017.21 1 0
github.com/piplabs/story/client/x/dkg/types/kernel.pb.go:4017.21,4019.5 1 0
github.com/piplabs/story/client/x/dkg/types/kernel.pb.go:4020.4,4021.39 2 0
github.com/piplabs/story/client/x/dkg/types/kernel.pb.go:4021.39,4022.20 1 0
github.com/piplabs/story/client/x/dkg/types/kernel.pb.go:4022.20,4024.6 1 0
github.com/piplabs/story/client/x/dkg/types/kernel.pb.go:4025.5,4025.19 1 0
github.com/piplabs/story/client/x/dkg/types/kernel.pb.go:4025.19,4027.6 1 0
github.com/piplabs/story/client/x/dkg/types/kernel.pb.go:4028.5,4031.17 4 0
github.com/piplabs/story/client/x/dkg/types/kernel.pb.go:4031.17,4032.11 1 0
github.com/piplabs/story/client/x/dkg/types/kernel.pb.go:4035.4,4035.19 1 0
github.com/piplabs/story/client/x/dkg/types/kernel.pb.go:4035.19,4037.5 1 0
github.com/piplabs/story/client/x/dkg/types/kernel.pb.go:4038.4,4039.21 2 0
github.com/piplabs/story/client/x/dkg/types/kernel.pb.go:4039.21,4041.5 1 0
github.com/piplabs/story/client/x/dkg/types/kernel.pb.go:4042.4,4042.21 1 0
github.com/piplabs/story/client/x/dkg/types/kernel.pb.go:4042.21,4044.5 1 0
github.com/piplabs/story/client/x/dkg/types/kernel.pb.go:4045.4,4046.31 2 0
github.com/piplabs/story/client/x/dkg/types/kernel.pb.go:4046.31,4048.5 1 0
github.com/piplabs/story/client/x/dkg/types/kernel.pb.go:4049.4,4049.21 1 0
github.com/piplabs/story/client/x/dkg/types/kernel.pb.go:4050.10,4051.21 1 0
github.com/piplabs/story/client/x/dkg/types/kernel.pb.go:4051.21,4053.5 1 0
github.com/piplabs/story/client/x/dkg/types/kernel.pb.go:4054.4,4055.39 2 0
github.com/piplabs/story/client/x/dkg/types/kernel.pb.go:4055.39,4056.20 1 0
github.com/piplabs/story/client/x/dkg/types/kernel.pb.go:4056.20,4058.6 1 0
github.com/piplabs/story/client/x/dkg/types/kernel.pb.go:4059.5,4059.19 1 0
github.com/piplabs/story/client/x/dkg/types/kernel.pb.go:4059.19,4061.6 1 0
github.com/piplabs/story/client/x/dkg/types/kernel.pb.go:4062.5,4065.17 4 0
github.com/piplabs/story/client/x/dkg/types/kernel.pb.go:4065.17,4066.11 1 0
github.com/piplabs/story/client/x/dkg/types/kernel.pb.go:4069.10,4070.21 1 0
github.com/piplabs/story/client/x/dkg/types/kernel.pb.go:4070.21,4072.5 1 0
github.com/piplabs/story/client/x/dkg/types/kernel.pb.go:4073.4,4074.39 2 0
github.com/piplabs/story/client/x/dkg/types/kernel.pb.go:4074.39,4075.20 1 0
github.com/piplabs/story/client/x/dkg/types/kernel.pb.go:4075.20,4077.6 1 0
github.com/piplabs/story/client/x/dkg/types/kernel.pb.go:4078.5,4078.19 1 0
github.com/piplabs/story/client/x/dkg/types/kernel.pb.go:4078.19,4080.6 1 0
github.com/piplabs/story/client/x/dkg/types/kernel.pb.go:4081.5,4084.17 4 0
github.com/piplabs/story/client/x/dkg/types/kernel.pb.go:4084.17,4085.11 1 0
github.com/piplabs/story/client/x/dkg/types/kernel.pb.go:4088.4,4088.18 1 0
github.com/piplabs/story/client/x/dkg/types/kernel.pb.go:4088.18,4090.5 1 0
github.com/piplabs/story/client/x/dkg/types/kernel.pb.go:4091.4,4092.21 2 0
github.com/piplabs/story/client/x/dkg/types/kernel.pb.go:4092.21,4094.5 1 0
github.com/piplabs/story/client/x/dkg/types/kernel.pb.go:4095.4,4095.21 1 0
github.com/piplabs/story/client/x/dkg/types/kernel.pb.go:4095.21,4097.5 1 0
github.com/piplabs/story/client/x/dkg/types/kernel.pb.go:4098.4,4099.83 2 0
github.com/piplabs/story/client/x/dkg/types/kernel.pb.go:4099.83,4101.5 1 0
github.com/piplabs/story/client/x/dkg/types/kernel.pb.go:4102.4,4102.21 1 0
github.com/piplabs/story/client/x/dkg/types/kernel.pb.go:4103.10,4104.21 1 0
github.com/piplabs/story/client/x/dkg/types/kernel.pb.go:4104.21,4106.5 1 0
github.com/piplabs/story/client/x/dkg/types/kernel.pb.go:4107.4,4108.39 2 0
github.com/piplabs/story/client/x/dkg/types/kernel.pb.go:4108.39,4109.20 1 0
github.com/piplabs/story/client/x/dkg/types/kernel.pb.go:4109.20,4111.6 1 0
github.com/piplabs/story/client/x/dkg/types/kernel.pb.go:4112.5,4112.19 1 0
github.com/piplabs/story/client/x/dkg/types/kernel.pb.go:4112.19,4114.6 1 0
github.com/piplabs/story/client/x/dkg/types/kernel.pb.go:4115.5,4118.17 4 0
github.com/piplabs/story/client/x/dkg/types/kernel.pb.go:4118.17,4119.11 1 0
github.com/piplabs/story/client/x/dkg/types/kernel.pb.go:4122.4,4122.32 1 0
github.com/piplabs/story/client/x/dkg/types/kernel.pb.go:4123.11,4126.18 3 0
github.com/piplabs/story/client/x/dkg/types/kernel.pb.go:4126.18,4128.5 1 0
github.com/piplabs/story/client/x/dkg/types/kernel.pb.go:4129.4,4129.42 1 0
github.com/piplabs/story/client/x/dkg/types/kernel.pb.go:4129.42,4131.5 1 0
github.com/piplabs/story/client/x/dkg/types/kernel.pb.go:4132.4,4132.28 1 0
github.com/piplabs/story/client/x/dkg/types/kernel.pb.go:4132.28,4134.5 1 0
github.com/piplabs/story/client/x/dkg/types/kernel.pb.go:4135.4,4135.19 1 0
github.com/piplabs/story/client/x/dkg/types/kernel.pb.go:4139.2,4139.15 1 0
github.com/piplabs/story/client/x/dkg/types/kernel.pb.go:4139.15,4141.3 1 0
github.com/piplabs/story/client/x/dkg/types/kernel.pb.go:4142.2,4142.12 1 0
github.com/piplabs/story/client/x/dkg/types/kernel.pb.go:4144.61,4147.16 3 0
github.com/piplabs/story/client/x/dkg/types/kernel.pb.go:4147.16,4150.38 3 0
github.com/piplabs/story/client/x/dkg/types/kernel.pb.go:4150.38,4151.19 1 0
github.com/piplabs/story/client/x/dkg/types/kernel.pb.go:4151.19,4153.5 1 0
github.com/piplabs/story/client/x/dkg/types/kernel.pb.go:4154.4,4154.18 1 0
github.com/piplabs/story/client/x/dkg/types/kernel.pb.go:4154.18,4156.5 1 0
github.com/piplabs/story/client/x/dkg/types/kernel.pb.go:4157.4,4160.16 4 0
github.com/piplabs/story/client/x/dkg/types/kernel.pb.go:4160.16,4161.10 1 0
github.com/piplabs/story/client/x/dkg/types/kernel.pb.go:4164.3,4166.20 3 0
github.com/piplabs/story/client/x/dkg/types/kernel.pb.go:4166.20,4168.4 1 0
github.com/piplabs/story/client/x/dkg/types/kernel.pb.go:4169.3,4169.20 1 0
github.com/piplabs/story/client/x/dkg/types/kernel.pb.go:4169.20,4171.4 1 0
github.com/piplabs/story/client/x/dkg/types/kernel.pb.go:4172.3,4172.19 1 0
github.com/piplabs/story/client/x/dkg/types/kernel.pb.go:4173.10,4174.21 1 0
github.com/piplabs/story/client/x/dkg/types/kernel.pb.go:4174.21,4176.5 1 0
github.com/piplabs/story/client/x/dkg/types/kernel.pb.go:4177.4,4178.39 2 0
github.com/piplabs/story/client/x/dkg/types/kernel.pb.go:4178.39,4179.20 1 0
github.com/piplabs/story/client/x/dkg/types/kernel.pb.go:4179.20,4181.6 1 0
github.com/piplabs/story/client/x/dkg/types/kernel.pb.go:4182.5,4182.19 1 0
github.com/piplabs/story/client/x/dkg/types/kernel.pb.go:4182.19,4184.6 1 0
github.com/piplabs/story/client/x/dkg/types/kernel.pb.go:4185.5,4188.17 4 0
github.com/piplabs/story/client/x/dkg/types/kernel.pb.go:4188.17,4189.11 1 0
github.com/piplabs/story/client/x/dkg/types/kernel.pb.go:4192.4,4192.19 1 0
github.com/piplabs/story/client/x/dkg/types/kernel.pb.go:4192.19,4194.5 1 0
github.com/piplabs/story/client/x/dkg/types/kernel.pb.go:4195.4,4196.21 2 0
github.com/piplabs/story/client/x/dkg/types/kernel.pb.go:4196.21,4198.5 1 0
github.com/piplabs/story/client/x/dkg/types/kernel.pb.go:4199.4,4199.21 1 0
github.com/piplabs/story/client/x/dkg/types/kernel.pb.go:4199.21,4201.5 1 0
github.com/piplabs/story/client/x/dkg/types/kernel.pb.go:4202.4,4203.31 2 0
github.com/piplabs/story/client/x/dkg/types/kernel.pb.go:4203.31,4205.5 1 0
github.com/piplabs/story/client/x/dkg/types/kernel.pb.go:4206.4,4206.21 1 0
github.com/piplabs/story/client/x/dkg/types/kernel.pb.go:4207.10,4208.21 1 0
github.com/piplabs/story/client/x/dkg/types/kernel.pb.go:4208.21,4210.5 1 0
github.com/piplabs/story/client/x/dkg/types/kernel.pb.go:4211.4,4212.39 2 0
github.com/piplabs/story/client/x/dkg/types/kernel.pb.go:4212.39,4213.20 1 0
github.com/piplabs/story/client/x/dkg/types/kernel.pb.go:4213.20,4215.6 1 0
github.com/piplabs/story/client/x/dkg/types/kernel.pb.go:4216.5,4216.19 1 0
github.com/piplabs/story/client/x/dkg/types/kernel.pb.go:4216.19,4218.6 1 0
github.com/piplabs/story/client/x/dkg/types/kernel.pb.go:4219.5,4222.17 4 0
github.com/piplabs/story/client/x/dkg/types/kernel.pb.go:4222.17,4223.11 1 0
github.com/piplabs/story/client/x/dkg/types/kernel.pb.go:4226.10,4227.21 1 0
github.com/piplabs/story/client/x/dkg/types/kernel.pb.go:4227.21,4229.5 1 0
github.com/piplabs/story/client/x/dkg/types/kernel.pb.go:4230.4,4231.39 2 0
github.com/piplabs/story/client/x/dkg/types/kernel.pb.go:4231.39,4232.20 1 0
github.com/piplabs/story/client/x/dkg/types/kernel.pb.go:4232.20,4234.6 1 0
github.com/piplabs/story/client/x/dkg/types/kernel.pb.go:4235.5,4235.19 1 0
github.com/piplabs/story/client/x/dkg/types/kernel.pb.go:4235.19,4237.6 1 0
github.com/piplabs/story/client/x/dkg/types/kernel.pb.go:4238.5,4241.17 4 0
github.com/piplabs/story/client/x/dkg/types/kernel.pb.go:4241.17,4242.11 1 0
github.com/piplabs/story/client/x/dkg/types/kernel.pb.go:4245.4,4245.18 1 0
github.com/piplabs/story/client/x/dkg/types/kernel.pb.go:4245.18,4247.5 1 0
github.com/piplabs/story/client/x/dkg/types/kernel.pb.go:4248.4,4249.21 2 0
github.com/piplabs/story/client/x/dkg/types/kernel.pb.go:4249.21,4251.5 1 0
github.com/piplabs/story/client/x/dkg/types/kernel.pb.go:4252.4,4252.21 1 0
github.com/piplabs/story/client/x/dkg/types/kernel.pb.go:4252.21,4254.5 1 0
github.com/piplabs/story/client/x/dkg/types/kernel.pb.go:4255.4,4256.91 2 0
github.com/piplabs/story/client/x/dkg/types/kernel.pb.go:4256.91,4258.5 1 0
github.com/piplabs/story/client/x/dkg/types/kernel.pb.go:4259.4,4259.21 1 0
github.com/piplabs/story/client/x/dkg/types/kernel.pb.go:4260.11,4263.18 3 0
github.com/piplabs/story/client/x/dkg/types/kernel.pb.go:4263.18,4265.5 1 0
github.com/piplabs/story/client/x/dkg/types/kernel.pb.go:4266.4,4266.42 1 0
github.com/piplabs/story/client/x/dkg/types/kernel.pb.go:4266.42,4268.5 1 0
github.com/piplabs/story/client/x/dkg/types/kernel.pb.go:4269.4,4269.28 1 0
github.com/piplabs/story/client/x/dkg/types/kernel.pb.go:4269.28,4271.5 1 0
github.com/piplabs/story/client/x/dkg/types/kernel.pb.go:4272.4,4272.19 1 0
github.com/piplabs/story/client/x/dkg/types/kernel.pb.go:4276.2,4276.15 1 0
github.com/piplabs/story/client/x/dkg/types/kernel.pb.go:4276.15,4278.3 1 0
github.com/piplabs/story/client/x/dkg/types/kernel.pb.go:4279.2,4279.12 1 0
github.com/piplabs/story/client/x/dkg/types/kernel.pb.go:4281.64,4284.16 3 0
github.com/piplabs/story/client/x/dkg/types/kernel.pb.go:4284.16,4287.38 3 0
github.com/piplabs/story/client/x/dkg/types/kernel.pb.go:4287.38,4288.19 1 0
github.com/piplabs/story/client/x/dkg/types/kernel.pb.go:4288.19,4290.5 1 0
github.com/piplabs/story/client/x/dkg/types/kernel.pb.go:4291.4,4291.18 1 0
github.com/piplabs/story/client/x/dkg/types/kernel.pb.go:4291.18,4293.5 1 0
github.com/piplabs/story/client/x/dkg/types/kernel.pb.go:4294.4,4297.16 4 0
github.com/piplabs/story/client/x/dkg/types/kernel.pb.go:4297.16,4298.10 1 0
github.com/piplabs/story/client/x/dkg/types/kernel.pb.go:4301.3,4303.20 3 0
github.com/piplabs/story/client/x/dkg/types/kernel.pb.go:4303.20,4305.4 1 0
github.com/piplabs/story/client/x/dkg/types/kernel.pb.go:4306.3,4306.20 1 0
github.com/piplabs/story/client/x/dkg/types/kernel.pb.go:4306.20,4308.4 1 0
github.com/piplabs/story/client/x/dkg/types/kernel.pb.go:4309.3,4309.19 1 0
github.com/piplabs/story/client/x/dkg/types/kernel.pb.go:4310.10,4311.21 1 0
github.com/piplabs/story/client/x/dkg/types/kernel.pb.go:4311.21,4313.5 1 0
github.com/piplabs/story/client/x/dkg/types/kernel.pb.go:4314.4,4315.39 2 0
github.com/piplabs/story/client/x/dkg/types/kernel.pb.go:4315.39,4316.20 1 0
github.com/piplabs/story/client/x/dkg/types/kernel.pb.go:4316.20,4318.6 1 0
github.com/piplabs/story/client/x/dkg/types/kernel.pb.go:4319.5,4319.19 1 0
github.com/piplabs/story/client/x/dkg/types/kernel.pb.go:4319.19,4321.6 1 0
github.com/piplabs/story/client/x/dkg/types/kernel.pb.go:4322.5,4325.17 4 0
github.com/piplabs/story/client/x/dkg/types/kernel.pb.go:4325.17,4326.11 1 0
github.com/piplabs/story/client/x/dkg/types/kernel.pb.go:4329.4,4329.19 1 0
github.com/piplabs/story/client/x/dkg/types/kernel.pb.go:4329.19,4331.5 1 0
github.com/piplabs/story/client/x/dkg/types/kernel.pb.go:4332.4,4333.21 2 0
github.com/piplabs/story/client/x/dkg/types/kernel.pb.go:4333.21,4335.5 1 0
github.com/piplabs/story/client/x/dkg/types/kernel.pb.go:4336.4,4336.21 1 0
github.com/piplabs/story/client/x/dkg/types/kernel.pb.go:4336.21,4338.5 1 0
github.com/piplabs/story/client/x/dkg/types/kernel.pb.go:4339.4,4340.31 2 0
github.com/piplabs/story/client/x/dkg/types/kernel.pb.go:4340.31,4342.5 1 0
github.com/piplabs/story/client/x/dkg/types/kernel.pb.go:4343.4,4343.21 1 0
github.com/piplabs/story/client/x/dkg/types/kernel.pb.go:4344.10,4345.21 1 0
github.com/piplabs/story/client/x/dkg/types/kernel.pb.go:4345.21,4347.5 1 0
github.com/piplabs/story/client/x/dkg/types/kernel.pb.go:4348.4,4349.39 2 0
github.com/piplabs/story/client/x/dkg/types/kernel.pb.go:4349.39,4350.20 1 0
github.com/piplabs/story/client/x/dkg/types/kernel.pb.go:4350.20,4352.6 1 0
github.com/piplabs/story/client/x/dkg/types/kernel.pb.go:4353.5,4353.19 1 0
github.com/piplabs/story/client/x/dkg/types/kernel.pb.go:4353.19,4355.6 1 0
github.com/piplabs/story/client/x/dkg/types/kernel.pb.go:4356.5,4359.17 4 0
github.com/piplabs/story/client/x/dkg/types/kernel.pb.go:4359.17,4360.11 1 0
github.com/piplabs/story/client/x/dkg/types/kernel.pb.go:4363.10,4364.21 1 0
github.com/piplabs/story/client/x/dkg/types/kernel.pb.go:4364.21,4366.5 1 0
github.com/piplabs/story/client/x/dkg/types/kernel.pb.go:4367.4,4368.39 2 0
github.com/piplabs/story/client/x/dkg/types/kernel.pb.go:4368.39,4369.20 1 0
github.com/piplabs/story/client/x/dkg/types/kernel.pb.go:4369.20,4371.6 1 0
github.com/piplabs/story/client/x/dkg/types/kernel.pb.go:4372.5,4372.19 1 0
github.com/piplabs/story/client/x/dkg/types/kernel.pb.go:4372.19,4374.6 1 0
github.com/piplabs/story/client/x/dkg/types/kernel.pb.go:4375.5,4378.17 4 0
github.com/piplabs/story/client/x/dkg/types/kernel.pb.go:4378.17,4379.11 1 0
github.com/piplabs/story/client/x/dkg/types/kernel.pb.go:4382.4,4382.18 1 0
github.com/piplabs/story/client/x/dkg/types/kernel.pb.go:4382.18,4384.5 1 0
github.com/piplabs/story/client/x/dkg/types/kernel.pb.go:4385.4,4386.21 2 0
github.com/piplabs/story/client/x/dkg/types/kernel.pb.go:4386.21,4388.5 1 0
github.com/piplabs/story/client/x/dkg/types/kernel.pb.go:4389.4,4389.21 1 0
github.com/piplabs/story/client/x/dkg/types/kernel.pb.go:4389.21,4391.5 1 0
github.com/piplabs/story/client/x/dkg/types/kernel.pb.go:4392.4,4393.91 2 0
github.com/piplabs/story/client/x/dkg/types/kernel.pb.go:4393.91,4395.5 1 0
github.com/piplabs/story/client/x/dkg/types/kernel.pb.go:4396.4,4396.21 1 0
github.com/piplabs/story/client/x/dkg/types/kernel.pb.go:4397.10,4398.21 1 0
github.com/piplabs/story/client/x/dkg/types/kernel.pb.go:4398.21,4400.5 1 0
github.com/piplabs/story/client/x/dkg/types/kernel.pb.go:4401.4,4402.39 2 0
github.com/piplabs/story/client/x/dkg/types/kernel.pb.go:4402.39,4403.20 1 0
github.com/piplabs/story/client/x/dkg/types/kernel.pb.go:4403.20,4405.6 1 0
github.com/piplabs/story/client/x/dkg/types/kernel.pb.go:4406.5,4406.19 1 0
github.com/piplabs/story/client/x/dkg/types/kernel.pb.go:4406.19,4408.6 1 0
github.com/piplabs/story/client/x/dkg/types/kernel.pb.go:4409.5,4412.17 4 0
github.com/piplabs/story/client/x/dkg/types/kernel.pb.go:4412.17,4413.11 1 0
github.com/piplabs/story/client/x/dkg/types/kernel.pb.go:4416.4,4416.32 1 0
github.com/piplabs/story/client/x/dkg/types/kernel.pb.go:4417.11,4420.18 3 0
github.com/piplabs/story/client/x/dkg/types/kernel.pb.go:4420.18,4422.5 1 0
github.com/piplabs/story/client/x/dkg/types/kernel.pb.go:4423.4,4423.42 1 0
github.com/piplabs/story/client/x/dkg/types/kernel.pb.go:4423.42,4425.5 1 0
github.com/piplabs/story/client/x/dkg/types/kernel.pb.go:4426.4,4426.28 1 0
github.com/piplabs/story/client/x/dkg/types/kernel.pb.go:4426.28,4428.5 1 0
github.com/piplabs/story/client/x/dkg/types/kernel.pb.go:4429.4,4429.19 1 0
github.com/piplabs/story/client/x/dkg/types/kernel.pb.go:4433.2,4433.15 1 0
github.com/piplabs/story/client/x/dkg/types/kernel.pb.go:4433.15,4435.3 1 0
github.com/piplabs/story/client/x/dkg/types/kernel.pb.go:4436.2,4436.12 1 0
github.com/piplabs/story/client/x/dkg/types/kernel.pb.go:4438.65,4441.16 3 0
github.com/piplabs/story/client/x/dkg/types/kernel.pb.go:4441.16,4444.38 3 0
github.com/piplabs/story/client/x/dkg/types/kernel.pb.go:4444.38,4445.19 1 0
github.com/piplabs/story/client/x/dkg/types/kernel.pb.go:4445.19,4447.5 1 0
github.com/piplabs/story/client/x/dkg/types/kernel.pb.go:4448.4,4448.18 1 0
github.com/piplabs/story/client/x/dkg/types/kernel.pb.go:4448.18,4450.5 1 0
github.com/piplabs/story/client/x/dkg/types/kernel.pb.go:4451.4,4454.16 4 0
github.com/piplabs/story/client/x/dkg/types/kernel.pb.go:4454.16,4455.10 1 0
github.com/piplabs/story/client/x/dkg/types/kernel.pb.go:4458.3,4460.20 3 0
github.com/piplabs/story/client/x/dkg/types/kernel.pb.go:4460.20,4462.4 1 0
github.com/piplabs/story/client/x/dkg/types/kernel.pb.go:4463.3,4463.20 1 0
github.com/piplabs/story/client/x/dkg/types/kernel.pb.go:4463.20,4465.4 1 0
github.com/piplabs/story/client/x/dkg/types/kernel.pb.go:4466.3,4466.19 1 0
github.com/piplabs/story/client/x/dkg/types/kernel.pb.go:4467.10,4468.21 1 0
github.com/piplabs/story/client/x/dkg/types/kernel.pb.go:4468.21,4470.5 1 0
github.com/piplabs/story/client/x/dkg/types/kernel.pb.go:4471.4,4472.39 2 0
github.com/piplabs/story/client/x/dkg/types/kernel.pb.go:4472.39,4473.20 1 0
github.com/piplabs/story/client/x/dkg/types/kernel.pb.go:4473.20,4475.6 1 0
github.com/piplabs/story/client/x/dkg/types/kernel.pb.go:4476.5,4476.19 1 0
github.com/piplabs/story/client/x/dkg/types/kernel.pb.go:4476.19,4478.6 1 0
github.com/piplabs/story/client/x/dkg/types/kernel.pb.go:4479.5,4482.17 4 0
github.com/piplabs/story/client/x/dkg/types/kernel.pb.go:4482.17,4483.11 1 0
github.com/piplabs/story/client/x/dkg/types/kernel.pb.go:4486.4,4486.18 1 0
github.com/piplabs/story/client/x/dkg/types/kernel.pb.go:4486.18,4488.5 1 0
github.com/piplabs/story/client/x/dkg/types/kernel.pb.go:4489.4,4490.21 2 0
github.com/piplabs/story/client/x/dkg/types/kernel.pb.go:4490.21,4492.5 1 0
github.com/piplabs/story/client/x/dkg/types/kernel.pb.go:4493.4,4493.21 1 0
github.com/piplabs/story/client/x/dkg/types/kernel.pb.go:4493.21,4495.5 1 0
github.com/piplabs/story/client/x/dkg/types/kernel.pb.go:4496.4,4497.101 2 0
github.com/piplabs/story/client/x/dkg/types/kernel.pb.go:4497.101,4499.5 1 0
github.com/piplabs/story/client/x/dkg/types/kernel.pb.go:4500.4,4500.21 1 0
github.com/piplabs/story/client/x/dkg/types/kernel.pb.go:4501.11,4504.18 3 0
github.com/piplabs/story/client/x/dkg/types/kernel.pb.go:4504.18,4506.5 1 0
github.com/piplabs/story/client/x/dkg/types/kernel.pb.go:4507.4,4507.42 1 0
github.com/piplabs/story/client/x/dkg/types/kernel.pb.go:4507.42,4509.5 1 0
github.com/piplabs/story/client/x/dkg/types/kernel.pb.go:4510.4,4510.28 1 0
github.com/piplabs/story/client/x/dkg/types/kernel.pb.go:4510.28,4512.5 1 0
github.com/piplabs/story/client/x/dkg/types/kernel.pb.go:4513.4,4513.19 1 0
github.com/piplabs/story/client/x/dkg/types/kernel.pb.go:4517.2,4517.15 1 0
github.com/piplabs/story/client/x/dkg/types/kernel.pb.go:4517.15,4519.3 1 0
github.com/piplabs/story/client/x/dkg/types/kernel.pb.go:4520.2,4520.12 1 0
github.com/piplabs/story/client/x/dkg/types/kernel.pb.go:4522.59,4525.16 3 0
github.com/piplabs/story/client/x/dkg/types/kernel.pb.go:4525.16,4528.38 3 0
github.com/piplabs/story/client/x/dkg/types/kernel.pb.go:4528.38,4529.19 1 0
github.com/piplabs/story/client/x/dkg/types/kernel.pb.go:4529.19,4531.5 1 0
github.com/piplabs/story/client/x/dkg/types/kernel.pb.go:4532.4,4532.18 1 0
github.com/piplabs/story/client/x/dkg/types/kernel.pb.go:4532.18,4534.5 1 0
github.com/piplabs/story/client/x/dkg/types/kernel.pb.go:4535.4,4538.16 4 0
github.com/piplabs/story/client/x/dkg/types/kernel.pb.go:4538.16,4539.10 1 0
github.com/piplabs/story/client/x/dkg/types/kernel.pb.go:4542.3,4544.20 3 0
github.com/piplabs/story/client/x/dkg/types/kernel.pb.go:4544.20,4546.4 1 0
github.com/piplabs/story/client/x/dkg/types/kernel.pb.go:4547.3,4547.20 1 0
github.com/piplabs/story/client/x/dkg/types/kernel.pb.go:4547.20,4549.4 1 0
github.com/piplabs/story/client/x/dkg/types/kernel.pb.go:4550.3,4550.19 1 0
github.com/piplabs/story/client/x/dkg/types/kernel.pb.go:4551.10,4552.21 1 0
github.com/piplabs/story/client/x/dkg/types/kernel.pb.go:4552.21,4554.5 1 0
github.com/piplabs/story/client/x/dkg/types/kernel.pb.go:4555.4,4556.39 2 0
github.com/piplabs/story/client/x/dkg/types/kernel.pb.go:4556.39,4557.20 1 0
github.com/piplabs/story/client/x/dkg/types/kernel.pb.go:4557.20,4559.6 1 0
github.com/piplabs/story/client/x/dkg/types/kernel.pb.go:4560.5,4560.19 1 0
github.com/piplabs/story/client/x/dkg/types/kernel.pb.go:4560.19,4562.6 1 0
github.com/piplabs/story/client/x/dkg/types/kernel.pb.go:4563.5,4566.17 4 0
github.com/piplabs/story/client/x/dkg/types/kernel.pb.go:4566.17,4567.11 1 0
github.com/piplabs/story/client/x/dkg/types/kernel.pb.go:4570.4,4570.19 1 0
github.com/piplabs/story/client/x/dkg/types/kernel.pb.go:4570.19,4572.5 1 0
github.com/piplabs/story/client/x/dkg/types/kernel.pb.go:4573.4,4574.21 2 0
github.com/piplabs/story/client/x/dkg/types/kernel.pb.go:4574.21,4576.5 1 0
github.com/piplabs/story/client/x/dkg/types/kernel.pb.go:4577.4,4577.21 1 0
github.com/piplabs/story/client/x/dkg/types/kernel.pb.go:4577.21,4579.5 1 0
github.com/piplabs/story/client/x/dkg/types/kernel.pb.go:4580.4,4581.31 2 0
github.com/piplabs/story/client/x/dkg/types/kernel.pb.go:4581.31,4583.5 1 0
github.com/piplabs/story/client/x/dkg/types/kernel.pb.go:4584.4,4584.21 1 0
github.com/piplabs/story/client/x/dkg/types/kernel.pb.go:4585.10,4586.21 1 0
github.com/piplabs/story/client/x/dkg/types/kernel.pb.go:4586.21,4588.5 1 0
github.com/piplabs/story/client/x/dkg/types/kernel.pb.go:4589.4,4590.39 2 0
github.com/piplabs/story/client/x/dkg/types/kernel.pb.go:4590.39,4591.20 1 0
github.com/piplabs/story/client/x/dkg/types/kernel.pb.go:4591.20,4593.6 1 0
github.com/piplabs/story/client/x/dkg/types/kernel.pb.go:4594.5,4594.19 1 0
github.com/piplabs/story/client/x/dkg/types/kernel.pb.go:4594.19,4596.6 1 0
github.com/piplabs/story/client/x/dkg/types/kernel.pb.go:4597.5,4600.17 4 0
github.com/piplabs/story/client/x/dkg/types/kernel.pb.go:4600.17,4601.11 1 0
github.com/piplabs/story/client/x/dkg/types/kernel.pb.go:4604.10,4605.21 1 0
github.com/piplabs/story/client/x/dkg/types/kernel.pb.go:4605.21,4607.5 1 0
github.com/piplabs/story/client/x/dkg/types/kernel.pb.go:4608.4,4609.39 2 0
github.com/piplabs/story/client/x/dkg/types/kernel.pb.go:4609.39,4610.20 1 0
github.com/piplabs/story/client/x/dkg/types/kernel.pb.go:4610.20,4612.6 1 0
github.com/piplabs/story/client/x/dkg/types/kernel.pb.go:4613.5,4613.19 1 0
github.com/piplabs/story/client/x/dkg/types/kernel.pb.go:4613.19,4615.6 1 0
github.com/piplabs/story/client/x/dkg/types/kernel.pb.go:4616.5,4619.17 4 0
github.com/piplabs/story/client/x/dkg/types/kernel.pb.go:4619.17,4620.11 1 0
github.com/piplabs/story/client/x/dkg/types/kernel.pb.go:4623.4,4623.32 1 0
github.com/piplabs/story/client/x/dkg/types/kernel.pb.go:4624.11,4627.18 3 0
github.com/piplabs/story/client/x/dkg/types/kernel.pb.go:4627.18,4629.5 1 0
github.com/piplabs/story/client/x/dkg/types/kernel.pb.go:4630.4,4630.42 1 0
github.com/piplabs/story/client/x/dkg/types/kernel.pb.go:4630.42,4632.5 1 0
github.com/piplabs/story/client/x/dkg/types/kernel.pb.go:4633.4,4633.28 1 0
github.com/piplabs/story/client/x/dkg/types/kernel.pb.go:4633.28,4635.5 1 0
github.com/piplabs/story/client/x/dkg/types/kernel.pb.go:4636.4,4636.19 1 0
github.com/piplabs/story/client/x/dkg/types/kernel.pb.go:4640.2,4640.15 1 0
github.com/piplabs/story/client/x/dkg/types/kernel.pb.go:4640.15,4642.3 1 0
github.com/piplabs/story/client/x/dkg/types/kernel.pb.go:4643.2,4643.12 1 0
github.com/piplabs/story/client/x/dkg/types/kernel.pb.go:4645.60,4648.16 3 0
github.com/piplabs/story/client/x/dkg/types/kernel.pb.go:4648.16,4651.38 3 0
github.com/piplabs/story/client/x/dkg/types/kernel.pb.go:4651.38,4652.19 1 0
github.com/piplabs/story/client/x/dkg/types/kernel.pb.go:4652.19,4654.5 1 0
github.com/piplabs/story/client/x/dkg/types/kernel.pb.go:4655.4,4655.18 1 0
github.com/piplabs/story/client/x/dkg/types/kernel.pb.go:4655.18,4657.5 1 0
github.com/piplabs/story/client/x/dkg/types/kernel.pb.go:4658.4,4661.16 4 0
github.com/piplabs/story/client/x/dkg/types/kernel.pb.go:4661.16,4662.10 1 0
github.com/piplabs/story/client/x/dkg/types/kernel.pb.go:4665.3,4667.20 3 0
github.com/piplabs/story/client/x/dkg/types/kernel.pb.go:4667.20,4669.4 1 0
github.com/piplabs/story/client/x/dkg/types/kernel.pb.go:4670.3,4670.20 1 0
github.com/piplabs/story/client/x/dkg/types/kernel.pb.go:4670.20,4672.4 1 0
github.com/piplabs/story/client/x/dkg/types/kernel.pb.go:4673.3,4673.19 1 0
github.com/piplabs/story/client/x/dkg/types/kernel.pb.go:4674.10,4675.21 1 0
github.com/piplabs/story/client/x/dkg/types/kernel.pb.go:4675.21,4677.5 1 0
github.com/piplabs/story/client/x/dkg/types/kernel.pb.go:4678.4,4679.39 2 0
github.com/piplabs/story/client/x/dkg/types/kernel.pb.go:4679.39,4680.20 1 0
github.com/piplabs/story/client/x/dkg/types/kernel.pb.go:4680.20,4682.6 1 0
github.com/piplabs/story/client/x/dkg/types/kernel.pb.go:4683.5,4683.19 1 0
github.com/piplabs/story/client/x/dkg/types/kernel.pb.go:4683.19,4685.6 1 0
github.com/piplabs/story/client/x/dkg/types/kernel.pb.go:4686.5,4689.17 4 0
github.com/piplabs/story/client/x/dkg/types/kernel.pb.go:4689.17,4690.11 1 0
github.com/piplabs/story/client/x/dkg/types/kernel.pb.go:4693.4,4693.19 1 0
github.com/piplabs/story/client/x/dkg/types/kernel.pb.go:4693.19,4695.5 1 0
github.com/piplabs/story/client/x/dkg/types/kernel.pb.go:4696.4,4697.21 2 0
github.com/piplabs/story/client/x/dkg/types/kernel.pb.go:4697.21,4699.5 1 0
github.com/piplabs/story/client/x/dkg/types/kernel.pb.go:4700.4,4700.21 1 0
github.com/piplabs/story/client/x/dkg/types/kernel.pb.go:4700.21,4702.5 1 0
github.com/piplabs/story/client/x/dkg/types/kernel.pb.go:4703.4,4704.31 2 0
github.com/piplabs/story/client/x/dkg/types/kernel.pb.go:4704.31,4706.5 1 0
github.com/piplabs/story/client/x/dkg/types/kernel.pb.go:4707.4,4707.21 1 0
github.com/piplabs/story/client/x/dkg/types/kernel.pb.go:4708.10,4709.21 1 0
github.com/piplabs/story/client/x/dkg/types/kernel.pb.go:4709.21,4711.5 1 0
github.com/piplabs/story/client/x/dkg/types/kernel.pb.go:4712.4,4713.39 2 0
github.com/piplabs/story/client/x/dkg/types/kernel.pb.go:4713.39,4714.20 1 0
github.com/piplabs/story/client/x/dkg/types/kernel.pb.go:4714.20,4716.6 1 0
github.com/piplabs/story/client/x/dkg/types/kernel.pb.go:4717.5,4717.19 1 0
github.com/piplabs/story/client/x/dkg/types/kernel.pb.go:4717.19,4719.6 1 0
github.com/piplabs/story/client/x/dkg/types/kernel.pb.go:4720.5,4723.17 4 0
github.com/piplabs/story/client/x/dkg/types/kernel.pb.go:4723.17,4724.11 1 0
github.com/piplabs/story/client/x/dkg/types/kernel.pb.go:4727.10,4728.21 1 0
github.com/piplabs/story/client/x/dkg/types/kernel.pb.go:4728.21,4730.5 1 0
github.com/piplabs/story/client/x/dkg/types/kernel.pb.go:4731.4,4732.39 2 0
github.com/piplabs/story/client/x/dkg/types/kernel.pb.go:4732.39,4733.20 1 0
github.com/piplabs/story/client/x/dkg/types/kernel.pb.go:4733.20,4735.6 1 0
github.com/piplabs/story/client/x/dkg/types/kernel.pb.go:4736.5,4736.19 1 0
github.com/piplabs/story/client/x/dkg/types/kernel.pb.go:4736.19,4738.6 1 0
github.com/piplabs/story/client/x/dkg/types/kernel.pb.go:4739.5,4742.17 4 0
github.com/piplabs/story/client/x/dkg/types/kernel.pb.go:4742.17,4743.11 1 0
github.com/piplabs/story/client/x/dkg/types/kernel.pb.go:4746.4,4746.19 1 0
github.com/piplabs/story/client/x/dkg/types/kernel.pb.go:4746.19,4748.5 1 0
github.com/piplabs/story/client/x/dkg/types/kernel.pb.go:4749.4,4750.21 2 0
github.com/piplabs/story/client/x/dkg/types/kernel.pb.go:4750.21,4752.5 1 0
github.com/piplabs/story/client/x/dkg/types/kernel.pb.go:4753.4,4753.21 1 0
github.com/piplabs/story/client/x/dkg/types/kernel.pb.go:4753.21,4755.5 1 0
github.com/piplabs/story/client/x/dkg/types/kernel.pb.go:4756.4,4757.33 2 0
github.com/piplabs/story/client/x/dkg/types/kernel.pb.go:4757.33,4759.5 1 0
github.com/piplabs/story/client/x/dkg/types/kernel.pb.go:4760.4,4760.21 1 0
github.com/piplabs/story/client/x/dkg/types/kernel.pb.go:4761.10,4762.21 1 0
github.com/piplabs/story/client/x/dkg/types/kernel.pb.go:4762.21,4764.5 1 0
github.com/piplabs/story/client/x/dkg/types/kernel.pb.go:4765.4,4766.39 2 0
github.com/piplabs/story/client/x/dkg/types/kernel.pb.go:4766.39,4767.20 1 0
github.com/piplabs/story/client/x/dkg/types/kernel.pb.go:4767.20,4769.6 1 0
github.com/piplabs/story/client/x/dkg/types/kernel.pb.go:4770.5,4770.19 1 0
github.com/piplabs/story/client/x/dkg/types/kernel.pb.go:4770.19,4772.6 1 0
github.com/piplabs/story/client/x/dkg/types/kernel.pb.go:4773.5,4776.17 4 0
github.com/piplabs/story/client/x/dkg/types/kernel.pb.go:4776.17,4777.11 1 0
github.com/piplabs/story/client/x/dkg/types/kernel.pb.go:4780.4,4780.19 1 0
github.com/piplabs/story/client/x/dkg/types/kernel.pb.go:4780.19,4782.5 1 0
github.com/piplabs/story/client/x/dkg/types/kernel.pb.go:4783.4,4784.21 2 0
github.com/piplabs/story/client/x/dkg/types/kernel.pb.go:4784.21,4786.5 1 0
github.com/piplabs/story/client/x/dkg/types/kernel.pb.go:4787.4,4787.21 1 0
github.com/piplabs/story/client/x/dkg/types/kernel.pb.go:4787.21,4789.5 1 0
github.com/piplabs/story/client/x/dkg/types/kernel.pb.go:4790.4,4791.29 2 0
github.com/piplabs/story/client/x/dkg/types/kernel.pb.go:4791.29,4793.5 1 0
github.com/piplabs/story/client/x/dkg/types/kernel.pb.go:4794.4,4794.21 1 0
github.com/piplabs/story/client/x/dkg/types/kernel.pb.go:4795.10,4796.21 1 0
github.com/piplabs/story/client/x/dkg/types/kernel.pb.go:4796.21,4798.5 1 0
github.com/piplabs/story/client/x/dkg/types/kernel.pb.go:4799.4,4800.39 2 0
github.com/piplabs/story/client/x/dkg/types/kernel.pb.go:4800.39,4801.20 1 0
github.com/piplabs/story/client/x/dkg/types/kernel.pb.go:4801.20,4803.6 1 0
github.com/piplabs/story/client/x/dkg/types/kernel.pb.go:4804.5,4804.19 1 0
github.com/piplabs/story/client/x/dkg/types/kernel.pb.go:4804.19,4806.6 1 0
github.com/piplabs/story/client/x/dkg/types/kernel.pb.go:4807.5,4810.17 4 0
github.com/piplabs/story/client/x/dkg/types/kernel.pb.go:4810.17,4811.11 1 0
github.com/piplabs/story/client/x/dkg/types/kernel.pb.go:4814.4,4814.19 1 0
github.com/piplabs/story/client/x/dkg/types/kernel.pb.go:4814.19,4816.5 1 0
github.com/piplabs/story/client/x/dkg/types/kernel.pb.go:4817.4,4818.21 2 0
github.com/piplabs/story/client/x/dkg/types/kernel.pb.go:4818.21,4820.5 1 0
github.com/piplabs/story/client/x/dkg/types/kernel.pb.go:4821.4,4821.21 1 0
github.com/piplabs/story/client/x/dkg/types/kernel.pb.go:4821.21,4823.5 1 0
github.com/piplabs/story/client/x/dkg/types/kernel.pb.go:4824.4,4826.21 3 0
github.com/piplabs/story/client/x/dkg/types/kernel.pb.go:4827.10,4828.21 1 0
github.com/piplabs/story/client/x/dkg/types/kernel.pb.go:4828.21,4830.5 1 0
github.com/piplabs/story/client/x/dkg/types/kernel.pb.go:4831.4,4832.39 2 0
github.com/piplabs/story/client/x/dkg/types/kernel.pb.go:4832.39,4833.20 1 0
github.com/piplabs/story/client/x/dkg/types/kernel.pb.go:4833.20,4835.6 1 0
github.com/piplabs/story/client/x/dkg/types/kernel.pb.go:4836.5,4836.19 1 0
github.com/piplabs/story/client/x/dkg/types/kernel.pb.go:4836.19,4838.6 1 0
github.com/piplabs/story/client/x/dkg/types/kernel.pb.go:4839.5,4842.17 4 0
github.com/piplabs/story/client/x/dkg/types/kernel.pb.go:4842.17,4843.11 1 0
github.com/piplabs/story/client/x/dkg/types/kernel.pb.go:4846.4,4846.19 1 0
github.com/piplabs/story/client/x/dkg/types/kernel.pb.go:4846.19,4848.5 1 0
github.com/piplabs/story/client/x/dkg/types/kernel.pb.go:4849.4,4850.21 2 0
github.com/piplabs/story/client/x/dkg/types/kernel.pb.go:4850.21,4852.5 1 0
github.com/piplabs/story/client/x/dkg/types/kernel.pb.go:4853.4,4853.21 1 0
github.com/piplabs/story/client/x/dkg/types/kernel.pb.go:4853.21,4855.5 1 0
github.com/piplabs/story/client/x/dkg/types/kernel.pb.go:4856.4,4857.28 2 0
github.com/piplabs/story/client/x/dkg/types/kernel.pb.go:4857.28,4859.5 1 0
github.com/piplabs/story/client/x/dkg/types/kernel.pb.go:4860.4,4860.21 1 0
github.com/piplabs/story/client/x/dkg/types/kernel.pb.go:4861.10,4862.21 1 0
github.com/piplabs/story/client/x/dkg/types/kernel.pb.go:4862.21,4864.5 1 0
github.com/piplabs/story/client/x/dkg/types/kernel.pb.go:4865.4,4866.39 2 0
github.com/piplabs/story/client/x/dkg/types/kernel.pb.go:4866.39,4867.20 1 0
github.com/piplabs/story/client/x/dkg/types/kernel.pb.go:4867.20,4869.6 1 0
github.com/piplabs/story/client/x/dkg/types/kernel.pb.go:4870.5,4870.19 1 0
github.com/piplabs/story/client/x/dkg/types/kernel.pb.go:4870.19,4872.6 1 0
github.com/piplabs/story/client/x/dkg/types/kernel.pb.go:4873.5,4876.17 4 0
github.com/piplabs/story/client/x/dkg/types/kernel.pb.go:4876.17,4877.11 1 0
github.com/piplabs/story/client/x/dkg/types/kernel.pb.go:4880.4,4880.19 1 0
github.com/piplabs/story/client/x/dkg/types/kernel.pb.go:4880.19,4882.5 1 0
github.com/piplabs/story/client/x/dkg/types/kernel.pb.go:4883.4,4884.21 2 0
github.com/piplabs/story/client/x/dkg/types/kernel.pb.go:4884.21,4886.5 1 0
github.com/piplabs/story/client/x/dkg/types/kernel.pb.go:4887.4,4887.21 1 0
github.com/piplabs/story/client/x/dkg/types/kernel.pb.go:4887.21,4889.5 1 0
github.com/piplabs/story/client/x/dkg/types/kernel.pb.go:4890.4,4891.26 2 0
github.com/piplabs/story/client/x/dkg/types/kernel.pb.go:4891.26,4893.5 1 0
github.com/piplabs/story/client/x/dkg/types/kernel.pb.go:4894.4,4894.21 1 0
github.com/piplabs/story/client/x/dkg/types/kernel.pb.go:4895.11,4898.18 3 0
github.com/piplabs/story/client/x/dkg/types/kernel.pb.go:4898.18,4900.5 1 0
github.com/piplabs/story/client/x/dkg/types/kernel.pb.go:4901.4,4901.42 1 0
github.com/piplabs/story/client/x/dkg/types/kernel.pb.go:4901.42,4903.5 1 0
github.com/piplabs/story/client/x/dkg/types/kernel.pb.go:4904.4,4904.28 1 0
github.com/piplabs/story/client/x/dkg/types/kernel.pb.go:4904.28,4906.5 1 0
github.com/piplabs/story/client/x/dkg/types/kernel.pb.go:4907.4,4907.19 1 0
github.com/piplabs/story/client/x/dkg/types/kernel.pb.go:4911.2,4911.15 1 0
github.com/piplabs/story/client/x/dkg/types/kernel.pb.go:4911.15,4913.3 1 0
github.com/piplabs/story/client/x/dkg/types/kernel.pb.go:4914.2,4914.12 1 0
github.com/piplabs/story/client/x/dkg/types/kernel.pb.go:4916.66,4919.16 3 0
github.com/piplabs/story/client/x/dkg/types/kernel.pb.go:4919.16,4922.38 3 0
github.com/piplabs/story/client/x/dkg/types/kernel.pb.go:4922.38,4923.19 1 0
github.com/piplabs/story/client/x/dkg/types/kernel.pb.go:4923.19,4925.5 1 0
github.com/piplabs/story/client/x/dkg/types/kernel.pb.go:4926.4,4926.18 1 0
github.com/piplabs/story/client/x/dkg/types/kernel.pb.go:4926.18,4928.5 1 0
github.com/piplabs/story/client/x/dkg/types/kernel.pb.go:4929.4,4932.16 4 0
github.com/piplabs/story/client/x/dkg/types/kernel.pb.go:4932.16,4933.10 1 0
github.com/piplabs/story/client/x/dkg/types/kernel.pb.go:4936.3,4938.20 3 0
github.com/piplabs/story/client/x/dkg/types/kernel.pb.go:4938.20,4940.4 1 0
github.com/piplabs/story/client/x/dkg/types/kernel.pb.go:4941.3,4941.20 1 0
github.com/piplabs/story/client/x/dkg/types/kernel.pb.go:4941.20,4943.4 1 0
github.com/piplabs/story/client/x/dkg/types/kernel.pb.go:4944.3,4944.19 1 0
github.com/piplabs/story/client/x/dkg/types/kernel.pb.go:4945.10,4946.21 1 0
github.com/piplabs/story/client/x/dkg/types/kernel.pb.go:4946.21,4948.5 1 0
github.com/piplabs/story/client/x/dkg/types/kernel.pb.go:4949.4,4950.39 2 0
github.com/piplabs/story/client/x/dkg/types/kernel.pb.go:4950.39,4951.20 1 0
github.com/piplabs/story/client/x/dkg/types/kernel.pb.go:4951.20,4953.6 1 0
github.com/piplabs/story/client/x/dkg/types/kernel.pb.go:4954.5,4954.19 1 0
github.com/piplabs/story/client/x/dkg/types/kernel.pb.go:4954.19,4956.6 1 0
github.com/piplabs/story/client/x/dkg/types/kernel.pb.go:4957.5,4960.17 4 0
github.com/piplabs/story/client/x/dkg/types/kernel.pb.go:4960.17,4961.11 1 0
github.com/piplabs/story/client/x/dkg/types/kernel.pb.go:4964.4,4964.19 1 0
github.com/piplabs/story/client/x/dkg/types/kernel.pb.go:4964.19,4966.5 1 0
github.com/piplabs/story/client/x/dkg/types/kernel.pb.go:4967.4,4968.21 2 0
github.com/piplabs/story/client/x/dkg/types/kernel.pb.go:4968.21,4970.5 1 0
github.com/piplabs/story/client/x/dkg/types/kernel.pb.go:4971.4,4971.21 1 0
github.com/piplabs/story/client/x/dkg/types/kernel.pb.go:4971.21,4973.5 1 0
github.com/piplabs/story/client/x/dkg/types/kernel.pb.go:4974.4,4975.31 2 0
github.com/piplabs/story/client/x/dkg/types/kernel.pb.go:4975.31,4977.5 1 0
github.com/piplabs/story/client/x/dkg/types/kernel.pb.go:4978.4,4978.21 1 0
github.com/piplabs/story/client/x/dkg/types/kernel.pb.go:4979.10,4980.21 1 0
github.com/piplabs/story/client/x/dkg/types/kernel.pb.go:4980.21,4982.5 1 0
github.com/piplabs/story/client/x/dkg/types/kernel.pb.go:4983.4,4984.39 2 0
github.com/piplabs/story/client/x/dkg/types/kernel.pb.go:4984.39,4985.20 1 0
github.com/piplabs/story/client/x/dkg/types/kernel.pb.go:4985.20,4987.6 1 0
github.com/piplabs/story/client/x/dkg/types/kernel.pb.go:4988.5,4988.19 1 0
github.com/piplabs/story/client/x/dkg/types/kernel.pb.go:4988.19,4990.6 1 0
github.com/piplabs/story/client/x/dkg/types/kernel.pb.go:4991.5,4994.17 4 0
github.com/piplabs/story/client/x/dkg/types/kernel.pb.go:4994.17,4995.11 1 0
github.com/piplabs/story/client/x/dkg/types/kernel.pb.go:4998.10,4999.21 1 0
github.com/piplabs/story/client/x/dkg/types/kernel.pb.go:4999.21,5001.5 1 0
github.com/piplabs/story/client/x/dkg/types/kernel.pb.go:5002.4,5003.39 2 0
github.com/piplabs/story/client/x/dkg/types/kernel.pb.go:5003.39,5004.20 1 0
github.com/piplabs/story/client/x/dkg/types/kernel.pb.go:5004.20,5006.6 1 0
github.com/piplabs/story/client/x/dkg/types/kernel.pb.go:5007.5,5007.19 1 0
github.com/piplabs/story/client/x/dkg/types/kernel.pb.go:5007.19,5009.6 1 0
github.com/piplabs/story/client/x/dkg/types/kernel.pb.go:5010.5,5013.17 4 0
github.com/piplabs/story/client/x/dkg/types/kernel.pb.go:5013.17,5014.11 1 0
github.com/piplabs/story/client/x/dkg/types/kernel.pb.go:5017.4,5017.19 1 0
github.com/piplabs/story/client/x/dkg/types/kernel.pb.go:5017.19,5019.5 1 0
github.com/piplabs/story/client/x/dkg/types/kernel.pb.go:5020.4,5021.21 2 0
github.com/piplabs/story/client/x/dkg/types/kernel.pb.go:5021.21,5023.5 1 0
github.com/piplabs/story/client/x/dkg/types/kernel.pb.go:5024.4,5024.21 1 0
github.com/piplabs/story/client/x/dkg/types/kernel.pb.go:5024.21,5026.5 1 0
github.com/piplabs/story/client/x/dkg/types/kernel.pb.go:5027.4,5028.27 2 0
github.com/piplabs/story/client/x/dkg/types/kernel.pb.go:5028.27,5030.5 1 0
github.com/piplabs/story/client/x/dkg/types/kernel.pb.go:5031.4,5031.21 1 0
github.com/piplabs/story/client/x/dkg/types/kernel.pb.go:5032.10,5033.21 1 0
github.com/piplabs/story/client/x/dkg/types/kernel.pb.go:5033.21,5035.5 1 0
github.com/piplabs/story/client/x/dkg/types/kernel.pb.go:5036.4,5037.39 2 0
github.com/piplabs/story/client/x/dkg/types/kernel.pb.go:5037.39,5038.20 1 0
github.com/piplabs/story/client/x/dkg/types/kernel.pb.go:5038.20,5040.6 1 0
github.com/piplabs/story/client/x/dkg/types/kernel.pb.go:5041.5,5041.19 1 0
github.com/piplabs/story/client/x/dkg/types/kernel.pb.go:5041.19,5043.6 1 0
github.com/piplabs/story/client/x/dkg/types/kernel.pb.go:5044.5,5047.17 4 0
github.com/piplabs/story/client/x/dkg/types/kernel.pb.go:5047.17,5048.11 1 0
github.com/piplabs/story/client/x/dkg/types/kernel.pb.go:5051.4,5051.19 1 0
github.com/piplabs/story/client/x/dkg/types/kernel.pb.go:5051.19,5053.5 1 0
github.com/piplabs/story/client/x/dkg/types/kernel.pb.go:5054.4,5055.21 2 0
github.com/piplabs/story/client/x/dkg/types/kernel.pb.go:5055.21,5057.5 1 0
github.com/piplabs/story/client/x/dkg/types/kernel.pb.go:5058.4,5058.21 1 0
github.com/piplabs/story/client/x/dkg/types/kernel.pb.go:5058.21,5060.5 1 0
github.com/piplabs/story/client/x/dkg/types/kernel.pb.go:5061.4,5062.22 2 0
github.com/piplabs/story/client/x/dkg/types/kernel.pb.go:5062.22,5064.5 1 0
github.com/piplabs/story/client/x/dkg/types/kernel.pb.go:5065.4,5065.21 1 0
github.com/piplabs/story/client/x/dkg/types/kernel.pb.go:5066.10,5067.21 1 0
github.com/piplabs/story/client/x/dkg/types/kernel.pb.go:5067.21,5069.5 1 0
github.com/piplabs/story/client/x/dkg/types/kernel.pb.go:5070.4,5071.39 2 0
github.com/piplabs/story/client/x/dkg/types/kernel.pb.go:5071.39,5072.20 1 0
github.com/piplabs/story/client/x/dkg/types/kernel.pb.go:5072.20,5074.6 1 0
github.com/piplabs/story/client/x/dkg/types/kernel.pb.go:5075.5,5075.19 1 0
github.com/piplabs/story/client/x/dkg/types/kernel.pb.go:5075.19,5077.6 1 0
github.com/piplabs/story/client/x/dkg/types/kernel.pb.go:5078.5,5081.17 4 0
github.com/piplabs/story/client/x/dkg/types/kernel.pb.go:5081.17,5082.11 1 0
github.com/piplabs/story/client/x/dkg/types/kernel.pb.go:5085.10,5086.21 1 0
github.com/piplabs/story/client/x/dkg/types/kernel.pb.go:5086.21,5088.5 1 0
github.com/piplabs/story/client/x/dkg/types/kernel.pb.go:5089.4,5090.39 2 0
github.com/piplabs/story/client/x/dkg/types/kernel.pb.go:5090.39,5091.20 1 0
github.com/piplabs/story/client/x/dkg/types/kernel.pb.go:5091.20,5093.6 1 0
github.com/piplabs/story/client/x/dkg/types/kernel.pb.go:5094.5,5094.19 1 0
github.com/piplabs/story/client/x/dkg/types/kernel.pb.go:5094.19,5096.6 1 0
github.com/piplabs/story/client/x/dkg/types/kernel.pb.go:5097.5,5100.17 4 0
github.com/piplabs/story/client/x/dkg/types/kernel.pb.go:5100.17,5101.11 1 0
github.com/piplabs/story/client/x/dkg/types/kernel.pb.go:5104.4,5104.19 1 0
github.com/piplabs/story/client/x/dkg/types/kernel.pb.go:5104.19,5106.5 1 0
github.com/piplabs/story/client/x/dkg/types/kernel.pb.go:5107.4,5108.21 2 0
github.com/piplabs/story/client/x/dkg/types/kernel.pb.go:5108.21,5110.5 1 0
github.com/piplabs/story/client/x/dkg/types/kernel.pb.go:5111.4,5111.21 1 0
github.com/piplabs/story/client/x/dkg/types/kernel.pb.go:5111.21,5113.5 1 0
github.com/piplabs/story/client/x/dkg/types/kernel.pb.go:5114.4,5115.29 2 0
github.com/piplabs/story/client/x/dkg/types/kernel.pb.go:5115.29,5117.5 1 0
github.com/piplabs/story/client/x/dkg/types/kernel.pb.go:5118.4,5118.21 1 0
github.com/piplabs/story/client/x/dkg/types/kernel.pb.go:5119.10,5120.21 1 0
github.com/piplabs/story/client/x/dkg/types/kernel.pb.go:5120.21,5122.5 1 0
github.com/piplabs/story/client/x/dkg/types/kernel.pb.go:5123.4,5124.39 2 0
github.com/piplabs/story/client/x/dkg/types/kernel.pb.go:5124.39,5125.20 1 0
github.com/piplabs/story/client/x/dkg/types/kernel.pb.go:5125.20,5127.6 1 0
github.com/piplabs/story/client/x/dkg/types/kernel.pb.go:5128.5,5128.19 1 0
github.com/piplabs/story/client/x/dkg/types/kernel.pb.go:5128.19,5130.6 1 0
github.com/piplabs/story/client/x/dkg/types/kernel.pb.go:5131.5,5134.17 4 0
github.com/piplabs/story/client/x/dkg/types/kernel.pb.go:5134.17,5135.11 1 0
github.com/piplabs/story/client/x/dkg/types/kernel.pb.go:5138.4,5139.24 2 0
github.com/piplabs/story/client/x/dkg/types/kernel.pb.go:5139.24,5141.5 1 0
github.com/piplabs/story/client/x/dkg/types/kernel.pb.go:5142.4,5143.21 2 0
github.com/piplabs/story/client/x/dkg/types/kernel.pb.go:5143.21,5145.5 1 0
github.com/piplabs/story/client/x/dkg/types/kernel.pb.go:5146.4,5146.21 1 0
github.com/piplabs/story/client/x/dkg/types/kernel.pb.go:5146.21,5148.5 1 0
github.com/piplabs/story/client/x/dkg/types/kernel.pb.go:5149.4,5150.21 2 0
github.com/piplabs/story/client/x/dkg/types/kernel.pb.go:5151.10,5152.21 1 0
github.com/piplabs/story/client/x/dkg/types/kernel.pb.go:5152.21,5154.5 1 0
github.com/piplabs/story/client/x/dkg/types/kernel.pb.go:5155.4,5156.39 2 0
github.com/piplabs/story/client/x/dkg/types/kernel.pb.go:5156.39,5157.20 1 0
github.com/piplabs/story/client/x/dkg/types/kernel.pb.go:5157.20,5159.6 1 0
github.com/piplabs/story/client/x/dkg/types/kernel.pb.go:5160.5,5160.19 1 0
github.com/piplabs/story/client/x/dkg/types/kernel.pb.go:5160.19,5162.6 1 0
github.com/piplabs/story/client/x/dkg/types/kernel.pb.go:5163.5,5166.17 4 0
github.com/piplabs/story/client/x/dkg/types/kernel.pb.go:5166.17,5167.11 1 0
github.com/piplabs/story/client/x/dkg/types/kernel.pb.go:5170.4,5170.19 1 0
github.com/piplabs/story/client/x/dkg/types/kernel.pb.go:5170.19,5172.5 1 0
github.com/piplabs/story/client/x/dkg/types/kernel.pb.go:5173.4,5174.21 2 0
github.com/piplabs/story/client/x/dkg/types/kernel.pb.go:5174.21,5176.5 1 0
github.com/piplabs/story/client/x/dkg/types/kernel.pb.go:5177.4,5177.21 1 0
github.com/piplabs/story/client/x/dkg/types/kernel.pb.go:5177.21,5179.5 1 0
github.com/piplabs/story/client/x/dkg/types/kernel.pb.go:5180.4,5181.32 2 0
github.com/piplabs/story/client/x/dkg/types/kernel.pb.go:5181.32,5183.5 1 0
github.com/piplabs/story/client/x/dkg/types/kernel.pb.go:5184.4,5184.21 1 0
github.com/piplabs/story/client/x/dkg/types/kernel.pb.go:5185.11,5188.18 3 0
github.com/piplabs/story/client/x/dkg/types/kernel.pb.go:5188.18,5190.5 1 0
github.com/piplabs/story/client/x/dkg/types/kernel.pb.go:5191.4,5191.42 1 0
github.com/piplabs/story/client/x/dkg/types/kernel.pb.go:5191.42,5193.5 1 0
github.com/piplabs/story/client/x/dkg/types/kernel.pb.go:5194.4,5194.28 1 0
github.com/piplabs/story/client/x/dkg/types/kernel.pb.go:5194.28,5196.5 1 0
github.com/piplabs/story/client/x/dkg/types/kernel.pb.go:5197.4,5197.19 1 0
github.com/piplabs/story/client/x/dkg/types/kernel.pb.go:5201.2,5201.15 1 0
github.com/piplabs/story/client/x/dkg/types/kernel.pb.go:5201.15,5203.3 1 0
github.com/piplabs/story/client/x/dkg/types/kernel.pb.go:5204.2,5204.12 1 0
github.com/piplabs/story/client/x/dkg/types/kernel.pb.go:5206.67,5209.16 3 0
github.com/piplabs/story/client/x/dkg/types/kernel.pb.go:5209.16,5212.38 3 0
github.com/piplabs/story/client/x/dkg/types/kernel.pb.go:5212.38,5213.19 1 0
github.com/piplabs/story/client/x/dkg/types/kernel.pb.go:5213.19,5215.5 1 0
github.com/piplabs/story/client/x/dkg/types/kernel.pb.go:5216.4,5216.18 1 0
github.com/piplabs/story/client/x/dkg/types/kernel.pb.go:5216.18,5218.5 1 0
github.com/piplabs/story/client/x/dkg/types/kernel.pb.go:5219.4,5222.16 4 0
github.com/piplabs/story/client/x/dkg/types/kernel.pb.go:5222.16,5223.10 1 0
github.com/piplabs/story/client/x/dkg/types/kernel.pb.go:5226.3,5228.20 3 0
github.com/piplabs/story/client/x/dkg/types/kernel.pb.go:5228.20,5230.4 1 0
github.com/piplabs/story/client/x/dkg/types/kernel.pb.go:5231.3,5231.20 1 0
github.com/piplabs/story/client/x/dkg/types/kernel.pb.go:5231.20,5233.4 1 0
github.com/piplabs/story/client/x/dkg/types/kernel.pb.go:5234.3,5234.19 1 0
github.com/piplabs/story/client/x/dkg/types/kernel.pb.go:5235.10,5236.21 1 0
github.com/piplabs/story/client/x/dkg/types/kernel.pb.go:5236.21,5238.5 1 0
github.com/piplabs/story/client/x/dkg/types/kernel.pb.go:5239.4,5240.39 2 0
github.com/piplabs/story/client/x/dkg/types/kernel.pb.go:5240.39,5241.20 1 0
github.com/piplabs/story/client/x/dkg/types/kernel.pb.go:5241.20,5243.6 1 0
github.com/piplabs/story/client/x/dkg/types/kernel.pb.go:5244.5,5244.19 1 0
github.com/piplabs/story/client/x/dkg/types/kernel.pb.go:5244.19,5246.6 1 0
github.com/piplabs/story/client/x/dkg/types/kernel.pb.go:5247.5,5250.17 4 0
github.com/piplabs/story/client/x/dkg/types/kernel.pb.go:5250.17,5251.11 1 0
github.com/piplabs/story/client/x/dkg/types/kernel.pb.go:5254.4,5254.19 1 0
github.com/piplabs/story/client/x/dkg/types/kernel.pb.go:5254.19,5256.5 1 0
github.com/piplabs/story/client/x/dkg/types/kernel.pb.go:5257.4,5258.21 2 0
github.com/piplabs/story/client/x/dkg/types/kernel.pb.go:5258.21,5260.5 1 0
github.com/piplabs/story/client/x/dkg/types/kernel.pb.go:5261.4,5261.21 1 0
github.com/piplabs/story/client/x/dkg/types/kernel.pb.go:5261.21,5263.5 1 0
github.com/piplabs/story/client/x/dkg/types/kernel.pb.go:5264.4,5265.43 2 0
github.com/piplabs/story/client/x/dkg/types/kernel.pb.go:5265.43,5267.5 1 0
github.com/piplabs/story/client/x/dkg/types/kernel.pb.go:5268.4,5268.21 1 0
github.com/piplabs/story/client/x/dkg/types/kernel.pb.go:5269.10,5270.21 1 0
github.com/piplabs/story/client/x/dkg/types/kernel.pb.go:5270.21,5272.5 1 0
github.com/piplabs/story/client/x/dkg/types/kernel.pb.go:5273.4,5274.39 2 0
github.com/piplabs/story/client/x/dkg/types/kernel.pb.go:5274.39,5275.20 1 0
github.com/piplabs/story/client/x/dkg/types/kernel.pb.go:5275.20,5277.6 1 0
github.com/piplabs/story/client/x/dkg/types/kernel.pb.go:5278.5,5278.19 1 0
github.com/piplabs/story/client/x/dkg/types/kernel.pb.go:5278.19,5280.6 1 0
github.com/piplabs/story/client/x/dkg/types/kernel.pb.go:5281.5,5284.17 4 0
github.com/piplabs/story/client/x/dkg/types/kernel.pb.go:5284.17,5285.11 1 0
github.com/piplabs/story/client/x/dkg/types/kernel.pb.go:5288.4,5288.19 1 0
github.com/piplabs/story/client/x/dkg/types/kernel.pb.go:5288.19,5290.5 1 0
github.com/piplabs/story/client/x/dkg/types/kernel.pb.go:5291.4,5292.21 2 0
github.com/piplabs/story/client/x/dkg/types/kernel.pb.go:5292.21,5294.5 1 0
github.com/piplabs/story/client/x/dkg/types/kernel.pb.go:5295.4,5295.21 1 0
github.com/piplabs/story/client/x/dkg/types/kernel.pb.go:5295.21,5297.5 1 0
github.com/piplabs/story/client/x/dkg/types/kernel.pb.go:5298.4,5299.32 2 0
github.com/piplabs/story/client/x/dkg/types/kernel.pb.go:5299.32,5301.5 1 0
github.com/piplabs/story/client/x/dkg/types/kernel.pb.go:5302.4,5302.21 1 0
github.com/piplabs/story/client/x/dkg/types/kernel.pb.go:5303.10,5304.21 1 0
github.com/piplabs/story/client/x/dkg/types/kernel.pb.go:5304.21,5306.5 1 0
github.com/piplabs/story/client/x/dkg/types/kernel.pb.go:5307.4,5308.39 2 0
github.com/piplabs/story/client/x/dkg/types/kernel.pb.go:5308.39,5309.20 1 0
github.com/piplabs/story/client/x/dkg/types/kernel.pb.go:5309.20,5311.6 1 0
github.com/piplabs/story/client/x/dkg/types/kernel.pb.go:5312.5,5312.19 1 0
github.com/piplabs/story/client/x/dkg/types/kernel.pb.go:5312.19,5314.6 1 0
github.com/piplabs/story/client/x/dkg/types/kernel.pb.go:5315.5,5318.17 4 0
github.com/piplabs/story/client/x/dkg/types/kernel.pb.go:5318.17,5319.11 1 0
github.com/piplabs/story/client/x/dkg/types/kernel.pb.go:5322.4,5322.19 1 0
github.com/piplabs/story/client/x/dkg/types/kernel.pb.go:5322.19,5324.5 1 0
github.com/piplabs/story/client/x/dkg/types/kernel.pb.go:5325.4,5326.21 2 0
github.com/piplabs/story/client/x/dkg/types/kernel.pb.go:5326.21,5328.5 1 0
github.com/piplabs/story/client/x/dkg/types/kernel.pb.go:5329.4,5329.21 1 0
github.com/piplabs/story/client/x/dkg/types/kernel.pb.go:5329.21,5331.5 1 0
github.com/piplabs/story/client/x/dkg/types/kernel.pb.go:5332.4,5333.25 2 0
github.com/piplabs/story/client/x/dkg/types/kernel.pb.go:5333.25,5335.5 1 0
github.com/piplabs/story/client/x/dkg/types/kernel.pb.go:5336.4,5336.21 1 0
github.com/piplabs/story/client/x/dkg/types/kernel.pb.go:5337.10,5338.21 1 0
github.com/piplabs/story/client/x/dkg/types/kernel.pb.go:5338.21,5340.5 1 0
github.com/piplabs/story/client/x/dkg/types/kernel.pb.go:5341.4,5342.39 2 0
github.com/piplabs/story/client/x/dkg/types/kernel.pb.go:5342.39,5343.20 1 0
github.com/piplabs/story/client/x/dkg/types/kernel.pb.go:5343.20,5345.6 1 0
github.com/piplabs/story/client/x/dkg/types/kernel.pb.go:5346.5,5346.19 1 0
github.com/piplabs/story/client/x/dkg/types/kernel.pb.go:5346.19,5348.6 1 0
github.com/piplabs/story/client/x/dkg/types/kernel.pb.go:5349.5,5352.17 4 0
github.com/piplabs/story/client/x/dkg/types/kernel.pb.go:5352.17,5353.11 1 0
github.com/piplabs/story/client/x/dkg/types/kernel.pb.go:5356.4,5356.19 1 0
github.com/piplabs/story/client/x/dkg/types/kernel.pb.go:5356.19,5358.5 1 0
github.com/piplabs/story/client/x/dkg/types/kernel.pb.go:5359.4,5360.21 2 0
github.com/piplabs/story/client/x/dkg/types/kernel.pb.go:5360.21,5362.5 1 0
github.com/piplabs/story/client/x/dkg/types/kernel.pb.go:5363.4,5363.21 1 0
github.com/piplabs/story/client/x/dkg/types/kernel.pb.go:5363.21,5365.5 1 0
github.com/piplabs/story/client/x/dkg/types/kernel.pb.go:5366.4,5367.26 2 0
github.com/piplabs/story/client/x/dkg/types/kernel.pb.go:5367.26,5369.5 1 0
github.com/piplabs/story/client/x/dkg/types/kernel.pb.go:5370.4,5370.21 1 0
github.com/piplabs/story/client/x/dkg/types/kernel.pb.go:5371.11,5374.18 3 0
github.com/piplabs/story/client/x/dkg/types/kernel.pb.go:5374.18,5376.5 1 0
github.com/piplabs/story/client/x/dkg/types/kernel.pb.go:5377.4,5377.42 1 0
github.com/piplabs/story/client/x/dkg/types/kernel.pb.go:5377.42,5379.5 1 0
github.com/piplabs/story/client/x/dkg/types/kernel.pb.go:5380.4,5380.28 1 0
github.com/piplabs/story/client/x/dkg/types/kernel.pb.go:5380.28,5382.5 1 0
github.com/piplabs/story/client/x/dkg/types/kernel.pb.go:5383.4,5383.19 1 0
github.com/piplabs/story/client/x/dkg/types/kernel.pb.go:5387.2,5387.15 1 0
github.com/piplabs/story/client/x/dkg/types/kernel.pb.go:5387.15,5389.3 1 0
github.com/piplabs/story/client/x/dkg/types/kernel.pb.go:5390.2,5390.12 1 0
github.com/piplabs/story/client/x/dkg/types/kernel.pb.go:5392.68,5395.16 3 0
github.com/piplabs/story/client/x/dkg/types/kernel.pb.go:5395.16,5398.38 3 0
github.com/piplabs/story/client/x/dkg/types/kernel.pb.go:5398.38,5399.19 1 0
github.com/piplabs/story/client/x/dkg/types/kernel.pb.go:5399.19,5401.5 1 0
github.com/piplabs/story/client/x/dkg/types/kernel.pb.go:5402.4,5402.18 1 0
github.com/piplabs/story/client/x/dkg/types/kernel.pb.go:5402.18,5404.5 1 0
github.com/piplabs/story/client/x/dkg/types/kernel.pb.go:5405.4,5408.16 4 0
github.com/piplabs/story/client/x/dkg/types/kernel.pb.go:5408.16,5409.10 1 0
github.com/piplabs/story/client/x/dkg/types/kernel.pb.go:5412.3,5414.20 3 0
github.com/piplabs/story/client/x/dkg/types/kernel.pb.go:5414.20,5416.4 1 0
github.com/piplabs/story/client/x/dkg/types/kernel.pb.go:5417.3,5417.20 1 0
github.com/piplabs/story/client/x/dkg/types/kernel.pb.go:5417.20,5419.4 1 0
github.com/piplabs/story/client/x/dkg/types/kernel.pb.go:5420.3,5420.19 1 0
github.com/piplabs/story/client/x/dkg/types/kernel.pb.go:5421.10,5422.21 1 0
github.com/piplabs/story/client/x/dkg/types/kernel.pb.go:5422.21,5424.5 1 0
github.com/piplabs/story/client/x/dkg/types/kernel.pb.go:5425.4,5426.39 2 0
github.com/piplabs/story/client/x/dkg/types/kernel.pb.go:5426.39,5427.20 1 0
github.com/piplabs/story/client/x/dkg/types/kernel.pb.go:5427.20,5429.6 1 0
github.com/piplabs/story/client/x/dkg/types/kernel.pb.go:5430.5,5430.19 1 0
github.com/piplabs/story/client/x/dkg/types/kernel.pb.go:5430.19,5432.6 1 0
github.com/piplabs/story/client/x/dkg/types/kernel.pb.go:5433.5,5436.17 4 0
github.com/piplabs/story/client/x/dkg/types/kernel.pb.go:5436.17,5437.11 1 0
github.com/piplabs/story/client/x/dkg/types/kernel.pb.go:5440.4,5440.19 1 0
github.com/piplabs/story/client/x/dkg/types/kernel.pb.go:5440.19,5442.5 1 0
github.com/piplabs/story/client/x/dkg/types/kernel.pb.go:5443.4,5444.21 2 0
github.com/piplabs/story/client/x/dkg/types/kernel.pb.go:5444.21,5446.5 1 0
github.com/piplabs/story/client/x/dkg/types/kernel.pb.go:5447.4,5447.21 1 0
github.com/piplabs/story/client/x/dkg/types/kernel.pb.go:5447.21,5449.5 1 0
github.com/piplabs/story/client/x/dkg/types/kernel.pb.go:5450.4,5451.31 2 0
github.com/piplabs/story/client/x/dkg/types/kernel.pb.go:5451.31,5453.5 1 0
github.com/piplabs/story/client/x/dkg/types/kernel.pb.go:5454.4,5454.21 1 0
github.com/piplabs/story/client/x/dkg/types/kernel.pb.go:5455.10,5456.21 1 0
github.com/piplabs/story/client/x/dkg/types/kernel.pb.go:5456.21,5458.5 1 0
github.com/piplabs/story/client/x/dkg/types/kernel.pb.go:5459.4,5460.39 2 0
github.com/piplabs/story/client/x/dkg/types/kernel.pb.go:5460.39,5461.20 1 0
github.com/piplabs/story/client/x/dkg/types/kernel.pb.go:5461.20,5463.6 1 0
github.com/piplabs/story/client/x/dkg/types/kernel.pb.go:5464.5,5464.19 1 0
github.com/piplabs/story/client/x/dkg/types/kernel.pb.go:5464.19,5466.6 1 0
github.com/piplabs/story/client/x/dkg/types/kernel.pb.go:5467.5,5470.17 4 0
github.com/piplabs/story/client/x/dkg/types/kernel.pb.go:5470.17,5471.11 1 0
github.com/piplabs/story/client/x/dkg/types/kernel.pb.go:5474.10,5475.21 1 0
github.com/piplabs/story/client/x/dkg/types/kernel.pb.go:5475.21,5477.5 1 0
github.com/piplabs/story/client/x/dkg/types/kernel.pb.go:5478.4,5479.39 2 0
github.com/piplabs/story/client/x/dkg/types/kernel.pb.go:5479.39,5480.20 1 0
github.com/piplabs/story/client/x/dkg/types/kernel.pb.go:5480.20,5482.6 1 0
github.com/piplabs/story/client/x/dkg/types/kernel.pb.go:5483.5,5483.19 1 0
github.com/piplabs/story/client/x/dkg/types/kernel.pb.go:5483.19,5485.6 1 0
github.com/piplabs/story/client/x/dkg/types/kernel.pb.go:5486.5,5489.17 4 0
github.com/piplabs/story/client/x/dkg/types/kernel.pb.go:5489.17,5490.11 1 0
github.com/piplabs/story/client/x/dkg/types/kernel.pb.go:5493.4,5493.18 1 0
github.com/piplabs/story/client/x/dkg/types/kernel.pb.go:5493.18,5495.5 1 0
github.com/piplabs/story/client/x/dkg/types/kernel.pb.go:5496.4,5497.21 2 0
github.com/piplabs/story/client/x/dkg/types/kernel.pb.go:5497.21,5499.5 1 0
github.com/piplabs/story/client/x/dkg/types/kernel.pb.go:5500.4,5500.21 1 0
github.com/piplabs/story/client/x/dkg/types/kernel.pb.go:5500.21,5502.5 1 0
github.com/piplabs/story/client/x/dkg/types/kernel.pb.go:5503.4,5504.101 2 0
github.com/piplabs/story/client/x/dkg/types/kernel.pb.go:5504.101,5506.5 1 0
github.com/piplabs/story/client/x/dkg/types/kernel.pb.go:5507.4,5507.21 1 0
github.com/piplabs/story/client/x/dkg/types/kernel.pb.go:5508.10,5509.21 1 0
github.com/piplabs/story/client/x/dkg/types/kernel.pb.go:5509.21,5511.5 1 0
github.com/piplabs/story/client/x/dkg/types/kernel.pb.go:5512.4,5513.39 2 0
github.com/piplabs/story/client/x/dkg/types/kernel.pb.go:5513.39,5514.20 1 0
github.com/piplabs/story/client/x/dkg/types/kernel.pb.go:5514.20,5516.6 1 0
github.com/piplabs/story/client/x/dkg/types/kernel.pb.go:5517.5,5517.19 1 0
github.com/piplabs/story/client/x/dkg/types/kernel.pb.go:5517.19,5519.6 1 0
github.com/piplabs/story/client/x/dkg/types/kernel.pb.go:5520.5,5523.17 4 0
github.com/piplabs/story/client/x/dkg/types/kernel.pb.go:5523.17,5524.11 1 0
github.com/piplabs/story/client/x/dkg/types/kernel.pb.go:5527.4,5527.32 1 0
github.com/piplabs/story/client/x/dkg/types/kernel.pb.go:5528.11,5531.18 3 0
github.com/piplabs/story/client/x/dkg/types/kernel.pb.go:5531.18,5533.5 1 0
github.com/piplabs/story/client/x/dkg/types/kernel.pb.go:5534.4,5534.42 1 0
github.com/piplabs/story/client/x/dkg/types/kernel.pb.go:5534.42,5536.5 1 0
github.com/piplabs/story/client/x/dkg/types/kernel.pb.go:5537.4,5537.28 1 0
github.com/piplabs/story/client/x/dkg/types/kernel.pb.go:5537.28,5539.5 1 0
github.com/piplabs/story/client/x/dkg/types/kernel.pb.go:5540.4,5540.19 1 0
github.com/piplabs/story/client/x/dkg/types/kernel.pb.go:5544.2,5544.15 1 0
github.com/piplabs/story/client/x/dkg/types/kernel.pb.go:5544.15,5546.3 1 0
github.com/piplabs/story/client/x/dkg/types/kernel.pb.go:5547.2,5547.12 1 0
github.com/piplabs/story/client/x/dkg/types/kernel.pb.go:5549.69,5552.16 3 0
github.com/piplabs/story/client/x/dkg/types/kernel.pb.go:5552.16,5555.38 3 0
github.com/piplabs/story/client/x/dkg/types/kernel.pb.go:5555.38,5556.19 1 0
github.com/piplabs/story/client/x/dkg/types/kernel.pb.go:5556.19,5558.5 1 0
github.com/piplabs/story/client/x/dkg/types/kernel.pb.go:5559.4,5559.18 1 0
github.com/piplabs/story/client/x/dkg/types/kernel.pb.go:5559.18,5561.5 1 0
github.com/piplabs/story/client/x/dkg/types/kernel.pb.go:5562.4,5565.16 4 0
github.com/piplabs/story/client/x/dkg/types/kernel.pb.go:5565.16,5566.10 1 0
github.com/piplabs/story/client/x/dkg/types/kernel.pb.go:5569.3,5571.20 3 0
github.com/piplabs/story/client/x/dkg/types/kernel.pb.go:5571.20,5573.4 1 0
github.com/piplabs/story/client/x/dkg/types/kernel.pb.go:5574.3,5574.20 1 0
github.com/piplabs/story/client/x/dkg/types/kernel.pb.go:5574.20,5576.4 1 0
github.com/piplabs/story/client/x/dkg/types/kernel.pb.go:5577.3,5577.19 1 0
github.com/piplabs/story/client/x/dkg/types/kernel.pb.go:5578.11,5581.18 3 0
github.com/piplabs/story/client/x/dkg/types/kernel.pb.go:5581.18,5583.5 1 0
github.com/piplabs/story/client/x/dkg/types/kernel.pb.go:5584.4,5584.42 1 0
github.com/piplabs/story/client/x/dkg/types/kernel.pb.go:5584.42,5586.5 1 0
github.com/piplabs/story/client/x/dkg/types/kernel.pb.go:5587.4,5587.28 1 0
github.com/piplabs/story/client/x/dkg/types/kernel.pb.go:5587.28,5589.5 1 0
github.com/piplabs/story/client/x/dkg/types/kernel.pb.go:5590.4,5590.19 1 0
github.com/piplabs/story/client/x/dkg/types/kernel.pb.go:5594.2,5594.15 1 0
github.com/piplabs/story/client/x/dkg/types/kernel.pb.go:5594.15,5596.3 1 0
github.com/piplabs/story/client/x/dkg/types/kernel.pb.go:5597.2,5597.12 1 0
github.com/piplabs/story/client/x/dkg/types/kernel.pb.go:5599.54,5602.16 3 0
github.com/piplabs/story/client/x/dkg/types/kernel.pb.go:5602.16,5605.38 3 0
github.com/piplabs/story/client/x/dkg/types/kernel.pb.go:5605.38,5606.19 1 0
github.com/piplabs/story/client/x/dkg/types/kernel.pb.go:5606.19,5608.5 1 0
github.com/piplabs/story/client/x/dkg/types/kernel.pb.go:5609.4,5609.18 1 0
github.com/piplabs/story/client/x/dkg/types/kernel.pb.go:5609.18,5611.5 1 0
github.com/piplabs/story/client/x/dkg/types/kernel.pb.go:5612.4,5615.16 4 0
github.com/piplabs/story/client/x/dkg/types/kernel.pb.go:5615.16,5616.10 1 0
github.com/piplabs/story/client/x/dkg/types/kernel.pb.go:5619.3,5621.20 3 0
github.com/piplabs/story/client/x/dkg/types/kernel.pb.go:5621.20,5623.4 1 0
github.com/piplabs/story/client/x/dkg/types/kernel.pb.go:5624.3,5624.20 1 0
github.com/piplabs/story/client/x/dkg/types/kernel.pb.go:5624.20,5626.4 1 0
github.com/piplabs/story/client/x/dkg/types/kernel.pb.go:5627.3,5627.19 1 0
github.com/piplabs/story/client/x/dkg/types/kernel.pb.go:5628.10,5629.21 1 0
github.com/piplabs/story/client/x/dkg/types/kernel.pb.go:5629.21,5631.5 1 0
github.com/piplabs/story/client/x/dkg/types/kernel.pb.go:5632.4,5633.39 2 0
github.com/piplabs/story/client/x/dkg/types/kernel.pb.go:5633.39,5634.20 1 0
github.com/piplabs/story/client/x/dkg/types/kernel.pb.go:5634.20,5636.6 1 0
github.com/piplabs/story/client/x/dkg/types/kernel.pb.go:5637.5,5637.19 1 0
github.com/piplabs/story/client/x/dkg/types/kernel.pb.go:5637.19,5639.6 1 0
github.com/piplabs/story/client/x/dkg/types/kernel.pb.go:5640.5,5643.17 4 0
github.com/piplabs/story/client/x/dkg/types/kernel.pb.go:5643.17,5644.11 1 0
github.com/piplabs/story/client/x/dkg/types/kernel.pb.go:5647.10,5648.21 1 0
github.com/piplabs/story/client/x/dkg/types/kernel.pb.go:5648.21,5650.5 1 0
github.com/piplabs/story/client/x/dkg/types/kernel.pb.go:5651.4,5652.39 2 0
github.com/piplabs/story/client/x/dkg/types/kernel.pb.go:5652.39,5653.20 1 0
github.com/piplabs/story/client/x/dkg/types/kernel.pb.go:5653.20,5655.6 1 0
github.com/piplabs/story/client/x/dkg/types/kernel.pb.go:5656.5,5656.19 1 0
github.com/piplabs/story/client/x/dkg/types/kernel.pb.go:5656.19,5658.6 1 0
github.com/piplabs/story/client/x/dkg/types/kernel.pb.go:5659.5,5662.17 4 0
github.com/piplabs/story/client/x/dkg/types/kernel.pb.go:5662.17,5663.11 1 0
github.com/piplabs/story/client/x/dkg/types/kernel.pb.go:5666.4,5666.18 1 0
github.com/piplabs/story/client/x/dkg/types/kernel.pb.go:5666.18,5668.5 1 0
github.com/piplabs/story/client/x/dkg/types/kernel.pb.go:5669.4,5670.21 2 0
github.com/piplabs/story/client/x/dkg/types/kernel.pb.go:5670.21,5672.5 1 0
github.com/piplabs/story/client/x/dkg/types/kernel.pb.go:5673.4,5673.21 1 0
github.com/piplabs/story/client/x/dkg/types/kernel.pb.go:5673.21,5675.5 1 0
github.com/piplabs/story/client/x/dkg/types/kernel.pb.go:5676.4,5676.33 1 0
github.com/piplabs/story/client/x/dkg/types/kernel.pb.go:5676.33,5678.5 1 0
github.com/piplabs/story/client/x/dkg/types/kernel.pb.go:5679.4,5679.78 1 0
github.com/piplabs/story/client/x/dkg/types/kernel.pb.go:5679.78,5681.5 1 0
github.com/piplabs/story/client/x/dkg/types/kernel.pb.go:5682.4,5682.21 1 0
github.com/piplabs/story/client/x/dkg/types/kernel.pb.go:5683.11,5686.18 3 0
github.com/piplabs/story/client/x/dkg/types/kernel.pb.go:5686.18,5688.5 1 0
github.com/piplabs/story/client/x/dkg/types/kernel.pb.go:5689.4,5689.42 1 0
github.com/piplabs/story/client/x/dkg/types/kernel.pb.go:5689.42,5691.5 1 0
github.com/piplabs/story/client/x/dkg/types/kernel.pb.go:5692.4,5692.28 1 0
github.com/piplabs/story/client/x/dkg/types/kernel.pb.go:5692.28,5694.5 1 0
github.com/piplabs/story/client/x/dkg/types/kernel.pb.go:5695.4,5695.19 1 0
github.com/piplabs/story/client/x/dkg/types/kernel.pb.go:5699.2,5699.15 1 0
github.com/piplabs/story/client/x/dkg/types/kernel.pb.go:5699.15,5701.3 1 0
github.com/piplabs/story/client/x/dkg/types/kernel.pb.go:5702.2,5702.12 1 0
github.com/piplabs/story/client/x/dkg/types/kernel.pb.go:5704.57,5707.16 3 0
github.com/piplabs/story/client/x/dkg/types/kernel.pb.go:5707.16,5710.38 3 0
github.com/piplabs/story/client/x/dkg/types/kernel.pb.go:5710.38,5711.19 1 0
github.com/piplabs/story/client/x/dkg/types/kernel.pb.go:5711.19,5713.5 1 0
github.com/piplabs/story/client/x/dkg/types/kernel.pb.go:5714.4,5714.18 1 0
github.com/piplabs/story/client/x/dkg/types/kernel.pb.go:5714.18,5716.5 1 0
github.com/piplabs/story/client/x/dkg/types/kernel.pb.go:5717.4,5720.16 4 0
github.com/piplabs/story/client/x/dkg/types/kernel.pb.go:5720.16,5721.10 1 0
github.com/piplabs/story/client/x/dkg/types/kernel.pb.go:5724.3,5726.20 3 0
github.com/piplabs/story/client/x/dkg/types/kernel.pb.go:5726.20,5728.4 1 0
github.com/piplabs/story/client/x/dkg/types/kernel.pb.go:5729.3,5729.20 1 0
github.com/piplabs/story/client/x/dkg/types/kernel.pb.go:5729.20,5731.4 1 0
github.com/piplabs/story/client/x/dkg/types/kernel.pb.go:5732.3,5732.19 1 0
github.com/piplabs/story/client/x/dkg/types/kernel.pb.go:5733.10,5734.21 1 0
github.com/piplabs/story/client/x/dkg/types/kernel.pb.go:5734.21,5736.5 1 0
github.com/piplabs/story/client/x/dkg/types/kernel.pb.go:5737.4,5738.39 2 0
github.com/piplabs/story/client/x/dkg/types/kernel.pb.go:5738.39,5739.20 1 0
github.com/piplabs/story/client/x/dkg/types/kernel.pb.go:5739.20,5741.6 1 0
github.com/piplabs/story/client/x/dkg/types/kernel.pb.go:5742.5,5742.19 1 0
github.com/piplabs/story/client/x/dkg/types/kernel.pb.go:5742.19,5744.6 1 0
github.com/piplabs/story/client/x/dkg/types/kernel.pb.go:5745.5,5748.17 4 0
github.com/piplabs/story/client/x/dkg/types/kernel.pb.go:5748.17,5749.11 1 0
github.com/piplabs/story/client/x/dkg/types/kernel.pb.go:5752.4,5752.19 1 0
github.com/piplabs/story/client/x/dkg/types/kernel.pb.go:5752.19,5754.5 1 0
github.com/piplabs/story/client/x/dkg/types/kernel.pb.go:5755.4,5756.21 2 0
github.com/piplabs/story/client/x/dkg/types/kernel.pb.go:5756.21,5758.5 1 0
github.com/piplabs/story/client/x/dkg/types/kernel.pb.go:5759.4,5759.21 1 0
github.com/piplabs/story/client/x/dkg/types/kernel.pb.go:5759.21,5761.5 1 0
github.com/piplabs/story/client/x/dkg/types/kernel.pb.go:5762.4,5763.26 2 0
github.com/piplabs/story/client/x/dkg/types/kernel.pb.go:5763.26,5765.5 1 0
github.com/piplabs/story/client/x/dkg/types/kernel.pb.go:5766.4,5766.21 1 0
github.com/piplabs/story/client/x/dkg/types/kernel.pb.go:5767.10,5768.21 1 0
github.com/piplabs/story/client/x/dkg/types/kernel.pb.go:5768.21,5770.5 1 0
github.com/piplabs/story/client/x/dkg/types/kernel.pb.go:5771.4,5772.39 2 0
github.com/piplabs/story/client/x/dkg/types/kernel.pb.go:5772.39,5773.20 1 0
github.com/piplabs/story/client/x/dkg/types/kernel.pb.go:5773.20,5775.6 1 0
github.com/piplabs/story/client/x/dkg/types/kernel.pb.go:5776.5,5776.19 1 0
github.com/piplabs/story/client/x/dkg/types/kernel.pb.go:5776.19,5778.6 1 0
github.com/piplabs/story/client/x/dkg/types/kernel.pb.go:5779.5,5782.17 4 0
github.com/piplabs/story/client/x/dkg/types/kernel.pb.go:5782.17,5783.11 1 0
github.com/piplabs/story/client/x/dkg/types/kernel.pb.go:5786.10,5787.21 1 0
github.com/piplabs/story/client/x/dkg/types/kernel.pb.go:5787.21,5789.5 1 0
github.com/piplabs/story/client/x/dkg/types/kernel.pb.go:5790.4,5791.39 2 0
github.com/piplabs/story/client/x/dkg/types/kernel.pb.go:5791.39,5792.20 1 0
github.com/piplabs/story/client/x/dkg/types/kernel.pb.go:5792.20,5794.6 1 0
github.com/piplabs/story/client/x/dkg/types/kernel.pb.go:5795.5,5795.19 1 0
github.com/piplabs/story/client/x/dkg/types/kernel.pb.go:5795.19,5797.6 1 0
github.com/piplabs/story/client/x/dkg/types/kernel.pb.go:5798.5,5801.17 4 0
github.com/piplabs/story/client/x/dkg/types/kernel.pb.go:5801.17,5802.11 1 0
github.com/piplabs/story/client/x/dkg/types/kernel.pb.go:5805.4,5805.18 1 0
github.com/piplabs/story/client/x/dkg/types/kernel.pb.go:5805.18,5807.5 1 0
github.com/piplabs/story/client/x/dkg/types/kernel.pb.go:5808.4,5809.21 2 0
github.com/piplabs/story/client/x/dkg/types/kernel.pb.go:5809.21,5811.5 1 0
github.com/piplabs/story/client/x/dkg/types/kernel.pb.go:5812.4,5812.21 1 0
github.com/piplabs/story/client/x/dkg/types/kernel.pb.go:5812.21,5814.5 1 0
github.com/piplabs/story/client/x/dkg/types/kernel.pb.go:5815.4,5815.26 1 0
github.com/piplabs/story/client/x/dkg/types/kernel.pb.go:5815.26,5817.5 1 0
github.com/piplabs/story/client/x/dkg/types/kernel.pb.go:5818.4,5818.71 1 0
github.com/piplabs/story/client/x/dkg/types/kernel.pb.go:5818.71,5820.5 1 0
github.com/piplabs/story/client/x/dkg/types/kernel.pb.go:5821.4,5821.21 1 0
github.com/piplabs/story/client/x/dkg/types/kernel.pb.go:5822.10,5823.21 1 0
github.com/piplabs/story/client/x/dkg/types/kernel.pb.go:5823.21,5825.5 1 0
github.com/piplabs/story/client/x/dkg/types/kernel.pb.go:5826.4,5827.39 2 0
github.com/piplabs/story/client/x/dkg/types/kernel.pb.go:5827.39,5828.20 1 0
github.com/piplabs/story/client/x/dkg/types/kernel.pb.go:5828.20,5830.6 1 0
github.com/piplabs/story/client/x/dkg/types/kernel.pb.go:5831.5,5831.19 1 0
github.com/piplabs/story/client/x/dkg/types/kernel.pb.go:5831.19,5833.6 1 0
github.com/piplabs/story/client/x/dkg/types/kernel.pb.go:5834.5,5837.17 4 0
github.com/piplabs/story/client/x/dkg/types/kernel.pb.go:5837.17,5838.11 1 0
github.com/piplabs/story/client/x/dkg/types/kernel.pb.go:5841.4,5841.19 1 0
github.com/piplabs/story/client/x/dkg/types/kernel.pb.go:5841.19,5843.5 1 0
github.com/piplabs/story/client/x/dkg/types/kernel.pb.go:5844.4,5845.21 2 0
github.com/piplabs/story/client/x/dkg/types/kernel.pb.go:5845.21,5847.5 1 0
github.com/piplabs/story/client/x/dkg/types/kernel.pb.go:5848.4,5848.21 1 0
github.com/piplabs/story/client/x/dkg/types/kernel.pb.go:5848.21,5850.5 1 0
github.com/piplabs/story/client/x/dkg/types/kernel.pb.go:5851.4,5852.26 2 0
github.com/piplabs/story/client/x/dkg/types/kernel.pb.go:5852.26,5854.5 1 0
github.com/piplabs/story/client/x/dkg/types/kernel.pb.go:5855.4,5855.21 1 0
github.com/piplabs/story/client/x/dkg/types/kernel.pb.go:5856.11,5859.18 3 0
github.com/piplabs/story/client/x/dkg/types/kernel.pb.go:5859.18,5861.5 1 0
github.com/piplabs/story/client/x/dkg/types/kernel.pb.go:5862.4,5862.42 1 0
github.com/piplabs/story/client/x/dkg/types/kernel.pb.go:5862.42,5864.5 1 0
github.com/piplabs/story/client/x/dkg/types/kernel.pb.go:5865.4,5865.28 1 0
github.com/piplabs/story/client/x/dkg/types/kernel.pb.go:5865.28,5867.5 1 0
github.com/piplabs/story/client/x/dkg/types/kernel.pb.go:5868.4,5868.19 1 0
github.com/piplabs/story/client/x/dkg/types/kernel.pb.go:5872.2,5872.15 1 0
github.com/piplabs/story/client/x/dkg/types/kernel.pb.go:5872.15,5874.3 1 0
github.com/piplabs/story/client/x/dkg/types/kernel.pb.go:5875.2,5875.12 1 0
github.com/piplabs/story/client/x/dkg/types/kernel.pb.go:5877.50,5880.16 3 0
github.com/piplabs/story/client/x/dkg/types/kernel.pb.go:5880.16,5883.38 3 0
github.com/piplabs/story/client/x/dkg/types/kernel.pb.go:5883.38,5884.19 1 0
github.com/piplabs/story/client/x/dkg/types/kernel.pb.go:5884.19,5886.5 1 0
github.com/piplabs/story/client/x/dkg/types/kernel.pb.go:5887.4,5887.18 1 0
github.com/piplabs/story/client/x/dkg/types/kernel.pb.go:5887.18,5889.5 1 0
github.com/piplabs/story/client/x/dkg/types/kernel.pb.go:5890.4,5893.16 4 0
github.com/piplabs/story/client/x/dkg/types/kernel.pb.go:5893.16,5894.10 1 0
github.com/piplabs/story/client/x/dkg/types/kernel.pb.go:5897.3,5899.20 3 0
github.com/piplabs/story/client/x/dkg/types/kernel.pb.go:5899.20,5901.4 1 0
github.com/piplabs/story/client/x/dkg/types/kernel.pb.go:5902.3,5902.20 1 0
github.com/piplabs/story/client/x/dkg/types/kernel.pb.go:5902.20,5904.4 1 0
github.com/piplabs/story/client/x/dkg/types/kernel.pb.go:5905.3,5905.19 1 0
github.com/piplabs/story/client/x/dkg/types/kernel.pb.go:5906.10,5907.21 1 0
github.com/piplabs/story/client/x/dkg/types/kernel.pb.go:5907.21,5909.5 1 0
github.com/piplabs/story/client/x/dkg/types/kernel.pb.go:5910.4,5911.39 2 0
github.com/piplabs/story/client/x/dkg/types/kernel.pb.go:5911.39,5912.20 1 0
github.com/piplabs/story/client/x/dkg/types/kernel.pb.go:5912.20,5914.6 1 0
github.com/piplabs/story/client/x/dkg/types/kernel.pb.go:5915.5,5915.19 1 0
github.com/piplabs/story/client/x/dkg/types/kernel.pb.go:5915.19,5917.6 1 0
github.com/piplabs/story/client/x/dkg/types/kernel.pb.go:5918.5,5921.17 4 0
github.com/piplabs/story/client/x/dkg/types/kernel.pb.go:5921.17,5922.11 1 0
github.com/piplabs/story/client/x/dkg/types/kernel.pb.go:5925.4,5925.19 1 0
github.com/piplabs/story/client/x/dkg/types/kernel.pb.go:5925.19,5927.5 1 0
github.com/piplabs/story/client/x/dkg/types/kernel.pb.go:5928.4,5929.21 2 0
github.com/piplabs/story/client/x/dkg/types/kernel.pb.go:5929.21,5931.5 1 0
github.com/piplabs/story/client/x/dkg/types/kernel.pb.go:5932.4,5932.21 1 0
github.com/piplabs/story/client/x/dkg/types/kernel.pb.go:5932.21,5934.5 1 0
github.com/piplabs/story/client/x/dkg/types/kernel.pb.go:5935.4,5936.26 2 0
github.com/piplabs/story/client/x/dkg/types/kernel.pb.go:5936.26,5938.5 1 0
github.com/piplabs/story/client/x/dkg/types/kernel.pb.go:5939.4,5939.21 1 0
github.com/piplabs/story/client/x/dkg/types/kernel.pb.go:5940.10,5941.21 1 0
github.com/piplabs/story/client/x/dkg/types/kernel.pb.go:5941.21,5943.5 1 0
github.com/piplabs/story/client/x/dkg/types/kernel.pb.go:5944.4,5945.39 2 0
github.com/piplabs/story/client/x/dkg/types/kernel.pb.go:5945.39,5946.20 1 0
github.com/piplabs/story/client/x/dkg/types/kernel.pb.go:5946.20,5948.6 1 0
github.com/piplabs/story/client/x/dkg/types/kernel.pb.go:5949.5,5949.19 1 0
github.com/piplabs/story/client/x/dkg/types/kernel.pb.go:5949.19,5951.6 1 0
github.com/piplabs/story/client/x/dkg/types/kernel.pb.go:5952.5,5955.17 4 0
github.com/piplabs/story/client/x/dkg/types/kernel.pb.go:5955.17,5956.11 1 0
github.com/piplabs/story/client/x/dkg/types/kernel.pb.go:5959.4,5959.18 1 0
github.com/piplabs/story/client/x/dkg/types/kernel.pb.go:5959.18,5961.5 1 0
github.com/piplabs/story/client/x/dkg/types/kernel.pb.go:5962.4,5963.21 2 0
github.com/piplabs/story/client/x/dkg/types/kernel.pb.go:5963.21,5965.5 1 0
github.com/piplabs/story/client/x/dkg/types/kernel.pb.go:5966.4,5966.21 1 0
github.com/piplabs/story/client/x/dkg/types/kernel.pb.go:5966.21,5968.5 1 0
github.com/piplabs/story/client/x/dkg/types/kernel.pb.go:5969.4,5969.25 1 0
github.com/piplabs/story/client/x/dkg/types/kernel.pb.go:5969.25,5971.5 1 0
github.com/piplabs/story/client/x/dkg/types/kernel.pb.go:5972.4,5972.70 1 0
github.com/piplabs/story/client/x/dkg/types/kernel.pb.go:5972.70,5974.5 1 0
github.com/piplabs/story/client/x/dkg/types/kernel.pb.go:5975.4,5975.21 1 0
github.com/piplabs/story/client/x/dkg/types/kernel.pb.go:5976.10,5977.21 1 0
github.com/piplabs/story/client/x/dkg/types/kernel.pb.go:5977.21,5979.5 1 0
github.com/piplabs/story/client/x/dkg/types/kernel.pb.go:5980.4,5981.39 2 0
github.com/piplabs/story/client/x/dkg/types/kernel.pb.go:5981.39,5982.20 1 0
github.com/piplabs/story/client/x/dkg/types/kernel.pb.go:5982.20,5984.6 1 0
github.com/piplabs/story/client/x/dkg/types/kernel.pb.go:5985.5,5985.19 1 0
github.com/piplabs/story/client/x/dkg/types/kernel.pb.go:5985.19,5987.6 1 0
github.com/piplabs/story/client/x/dkg/types/kernel.pb.go:5988.5,5991.17 4 0
github.com/piplabs/story/client/x/dkg/types/kernel.pb.go:5991.17,5992.11 1 0
github.com/piplabs/story/client/x/dkg/types/kernel.pb.go:5995.10,5996.21 1 0
github.com/piplabs/story/client/x/dkg/types/kernel.pb.go:5996.21,5998.5 1 0
github.com/piplabs/story/client/x/dkg/types/kernel.pb.go:5999.4,6000.39 2 0
github.com/piplabs/story/client/x/dkg/types/kernel.pb.go:6000.39,6001.20 1 0
github.com/piplabs/story/client/x/dkg/types/kernel.pb.go:6001.20,6003.6 1 0
github.com/piplabs/story/client/x/dkg/types/kernel.pb.go:6004.5,6004.19 1 0
github.com/piplabs/story/client/x/dkg/types/kernel.pb.go:6004.19,6006.6 1 0
github.com/piplabs/story/client/x/dkg/types/kernel.pb.go:6007.5,6010.17 4 0
github.com/piplabs/story/client/x/dkg/types/kernel.pb.go:6010.17,6011.11 1 0
github.com/piplabs/story/client/x/dkg/types/kernel.pb.go:6014.4,6014.18 1 0
github.com/piplabs/story/client/x/dkg/types/kernel.pb.go:6014.18,6016.5 1 0
github.com/piplabs/story/client/x/dkg/types/kernel.pb.go:6017.4,6018.21 2 0
github.com/piplabs/story/client/x/dkg/types/kernel.pb.go:6018.21,6020.5 1 0
github.com/piplabs/story/client/x/dkg/types/kernel.pb.go:6021.4,6021.21 1 0
github.com/piplabs/story/client/x/dkg/types/kernel.pb.go:6021.21,6023.5 1 0
github.com/piplabs/story/client/x/dkg/types/kernel.pb.go:6024.4,6025.95 2 0
github.com/piplabs/story/client/x/dkg/types/kernel.pb.go:6025.95,6027.5 1 0
github.com/piplabs/story/client/x/dkg/types/kernel.pb.go:6028.4,6028.21 1 0
github.com/piplabs/story/client/x/dkg/types/kernel.pb.go:6029.11,6032.18 3 0
github.com/piplabs/story/client/x/dkg/types/kernel.pb.go:6032.18,6034.5 1 0
github.com/piplabs/story/client/x/dkg/types/kernel.pb.go:6035.4,6035.42 1 0
github.com/piplabs/story/client/x/dkg/types/kernel.pb.go:6035.42,6037.5 1 0
github.com/piplabs/story/client/x/dkg/types/kernel.pb.go:6038.4,6038.28 1 0
github.com/piplabs/story/client/x/dkg/types/kernel.pb.go:6038.28,6040.5 1 0
github.com/piplabs/story/client/x/dkg/types/kernel.pb.go:6041.4,6041.19 1 0
github.com/piplabs/story/client/x/dkg/types/kernel.pb.go:6045.2,6045.15 1 0
github.com/piplabs/story/client/x/dkg/types/kernel.pb.go:6045.15,6047.3 1 0
github.com/piplabs/story/client/x/dkg/types/kernel.pb.go:6048.2,6048.12 1 0
github.com/piplabs/story/client/x/dkg/types/kernel.pb.go:6050.49,6053.16 3 0
github.com/piplabs/story/client/x/dkg/types/kernel.pb.go:6053.16,6056.38 3 0
github.com/piplabs/story/client/x/dkg/types/kernel.pb.go:6056.38,6057.19 1 0
github.com/piplabs/story/client/x/dkg/types/kernel.pb.go:6057.19,6059.5 1 0
github.com/piplabs/story/client/x/dkg/types/kernel.pb.go:6060.4,6060.18 1 0
github.com/piplabs/story/client/x/dkg/types/kernel.pb.go:6060.18,6062.5 1 0
github.com/piplabs/story/client/x/dkg/types/kernel.pb.go:6063.4,6066.16 4 0
github.com/piplabs/story/client/x/dkg/types/kernel.pb.go:6066.16,6067.10 1 0
github.com/piplabs/story/client/x/dkg/types/kernel.pb.go:6070.3,6072.20 3 0
github.com/piplabs/story/client/x/dkg/types/kernel.pb.go:6072.20,6074.4 1 0
github.com/piplabs/story/client/x/dkg/types/kernel.pb.go:6075.3,6075.20 1 0
github.com/piplabs/story/client/x/dkg/types/kernel.pb.go:6075.20,6077.4 1 0
github.com/piplabs/story/client/x/dkg/types/kernel.pb.go:6078.3,6078.19 1 0
github.com/piplabs/story/client/x/dkg/types/kernel.pb.go:6079.10,6080.21 1 0
github.com/piplabs/story/client/x/dkg/types/kernel.pb.go:6080.21,6082.5 1 0
github.com/piplabs/story/client/x/dkg/types/kernel.pb.go:6083.4,6084.39 2 0
github.com/piplabs/story/client/x/dkg/types/kernel.pb.go:6084.39,6085.20 1 0
github.com/piplabs/story/client/x/dkg/types/kernel.pb.go:6085.20,6087.6 1 0
github.com/piplabs/story/client/x/dkg/types/kernel.pb.go:6088.5,6088.19 1 0
github.com/piplabs/story/client/x/dkg/types/kernel.pb.go:6088.19,6090.6 1 0
github.com/piplabs/story/client/x/dkg/types/kernel.pb.go:6091.5,6094.17 4 0
github.com/piplabs/story/client/x/dkg/types/kernel.pb.go:6094.17,6095.11 1 0
github.com/piplabs/story/client/x/dkg/types/kernel.pb.go:6098.10,6099.21 1 0
github.com/piplabs/story/client/x/dkg/types/kernel.pb.go:6099.21,6101.5 1 0
github.com/piplabs/story/client/x/dkg/types/kernel.pb.go:6102.4,6103.39 2 0
github.com/piplabs/story/client/x/dkg/types/kernel.pb.go:6103.39,6104.20 1 0
github.com/piplabs/story/client/x/dkg/types/kernel.pb.go:6104.20,6106.6 1 0
github.com/piplabs/story/client/x/dkg/types/kernel.pb.go:6107.5,6107.19 1 0
github.com/piplabs/story/client/x/dkg/types/kernel.pb.go:6107.19,6109.6 1 0
github.com/piplabs/story/client/x/dkg/types/kernel.pb.go:6110.5,6113.17 4 0
github.com/piplabs/story/client/x/dkg/types/kernel.pb.go:6113.17,6114.11 1 0
github.com/piplabs/story/client/x/dkg/types/kernel.pb.go:6117.4,6117.18 1 0
github.com/piplabs/story/client/x/dkg/types/kernel.pb.go:6117.18,6119.5 1 0
github.com/piplabs/story/client/x/dkg/types/kernel.pb.go:6120.4,6121.21 2 0
github.com/piplabs/story/client/x/dkg/types/kernel.pb.go:6121.21,6123.5 1 0
github.com/piplabs/story/client/x/dkg/types/kernel.pb.go:6124.4,6124.21 1 0
github.com/piplabs/story/client/x/dkg/types/kernel.pb.go:6124.21,6126.5 1 0
github.com/piplabs/story/client/x/dkg/types/kernel.pb.go:6127.4,6127.18 1 0
github.com/piplabs/story/client/x/dkg/types/kernel.pb.go:6127.18,6129.5 1 0
github.com/piplabs/story/client/x/dkg/types/kernel.pb.go:6130.4,6130.63 1 0
github.com/piplabs/story/client/x/dkg/types/kernel.pb.go:6130.63,6132.5 1 0
github.com/piplabs/story/client/x/dkg/types/kernel.pb.go:6133.4,6133.21 1 0
github.com/piplabs/story/client/x/dkg/types/kernel.pb.go:6134.11,6137.18 3 0
github.com/piplabs/story/client/x/dkg/types/kernel.pb.go:6137.18,6139.5 1 0
github.com/piplabs/story/client/x/dkg/types/kernel.pb.go:6140.4,6140.42 1 0
github.com/piplabs/story/client/x/dkg/types/kernel.pb.go:6140.42,6142.5 1 0
github.com/piplabs/story/client/x/dkg/types/kernel.pb.go:6143.4,6143.28 1 0
github.com/piplabs/story/client/x/dkg/types/kernel.pb.go:6143.28,6145.5 1 0
github.com/piplabs/story/client/x/dkg/types/kernel.pb.go:6146.4,6146.19 1 0
github.com/piplabs/story/client/x/dkg/types/kernel.pb.go:6150.2,6150.15 1 0
github.com/piplabs/story/client/x/dkg/types/kernel.pb.go:6150.15,6152.3 1 0
github.com/piplabs/story/client/x/dkg/types/kernel.pb.go:6153.2,6153.12 1 0
github.com/piplabs/story/client/x/dkg/types/kernel.pb.go:6155.49,6159.16 4 0
github.com/piplabs/story/client/x/dkg/types/kernel.pb.go:6159.16,6161.38 2 0
github.com/piplabs/story/client/x/dkg/types/kernel.pb.go:6161.38,6162.19 1 0
github.com/piplabs/story/client/x/dkg/types/kernel.pb.go:6162.19,6164.5 1 0
github.com/piplabs/story/client/x/dkg/types/kernel.pb.go:6165.4,6165.18 1 0
github.com/piplabs/story/client/x/dkg/types/kernel.pb.go:6165.18,6167.5 1 0
github.com/piplabs/story/client/x/dkg/types/kernel.pb.go:6168.4,6171.16 4 0
github.com/piplabs/story/client/x/dkg/types/kernel.pb.go:6171.16,6172.10 1 0
github.com/piplabs/story/client/x/dkg/types/kernel.pb.go:6175.3,6176.19 2 0
github.com/piplabs/story/client/x/dkg/types/kernel.pb.go:6177.10,6178.39 1 0
github.com/piplabs/story/client/x/dkg/types/kernel.pb.go:6178.39,6179.20 1 0
github.com/piplabs/story/client/x/dkg/types/kernel.pb.go:6179.20,6181.6 1 0
github.com/piplabs/story/client/x/dkg/types/kernel.pb.go:6182.5,6182.19 1 0
github.com/piplabs/story/client/x/dkg/types/kernel.pb.go:6182.19,6184.6 1 0
github.com/piplabs/story/client/x/dkg/types/kernel.pb.go:6185.5,6186.29 2 0
github.com/piplabs/story/client/x/dkg/types/kernel.pb.go:6186.29,6187.11 1 0
github.com/piplabs/story/client/x/dkg/types/kernel.pb.go:6190.10,6191.14 1 0
github.com/piplabs/story/client/x/dkg/types/kernel.pb.go:6192.10,6194.39 2 0
github.com/piplabs/story/client/x/dkg/types/kernel.pb.go:6194.39,6195.20 1 0
github.com/piplabs/story/client/x/dkg/types/kernel.pb.go:6195.20,6197.6 1 0
github.com/piplabs/story/client/x/dkg/types/kernel.pb.go:6198.5,6198.19 1 0
github.com/piplabs/story/client/x/dkg/types/kernel.pb.go:6198.19,6200.6 1 0
github.com/piplabs/story/client/x/dkg/types/kernel.pb.go:6201.5,6204.17 4 0
github.com/piplabs/story/client/x/dkg/types/kernel.pb.go:6204.17,6205.11 1 0
github.com/piplabs/story/client/x/dkg/types/kernel.pb.go:6208.4,6208.18 1 0
github.com/piplabs/story/client/x/dkg/types/kernel.pb.go:6208.18,6210.5 1 0
github.com/piplabs/story/client/x/dkg/types/kernel.pb.go:6211.4,6211.19 1 0
github.com/piplabs/story/client/x/dkg/types/kernel.pb.go:6212.10,6213.11 1 0
github.com/piplabs/story/client/x/dkg/types/kernel.pb.go:6214.10,6215.18 1 0
github.com/piplabs/story/client/x/dkg/types/kernel.pb.go:6215.18,6217.5 1 0
github.com/piplabs/story/client/x/dkg/types/kernel.pb.go:6218.4,6218.11 1 0
github.com/piplabs/story/client/x/dkg/types/kernel.pb.go:6219.10,6220.14 1 0
github.com/piplabs/story/client/x/dkg/types/kernel.pb.go:6221.11,6222.64 1 0
github.com/piplabs/story/client/x/dkg/types/kernel.pb.go:6224.3,6224.16 1 0
github.com/piplabs/story/client/x/dkg/types/kernel.pb.go:6224.16,6226.4 1 0
github.com/piplabs/story/client/x/dkg/types/kernel.pb.go:6227.3,6227.17 1 0
github.com/piplabs/story/client/x/dkg/types/kernel.pb.go:6227.17,6229.4 1 0
github.com/piplabs/story/client/x/dkg/types/kernel.pb.go:6231.2,6231.31 1 0
github.com/piplabs/story/client/x/dkg/types/params.go:40.10,51.2 1 1
github.com/piplabs/story/client/x/dkg/types/params.go:54.29,66.2 1 1
github.com/piplabs/story/client/x/dkg/types/params.go:68.34,69.73 1 1
github.com/piplabs/story/client/x/dkg/types/params.go:69.73,71.3 1 0
github.com/piplabs/story/client/x/dkg/types/params.go:73.2,73.63 1 1
github.com/piplabs/story/client/x/dkg/types/params.go:73.63,75.3 1 0
github.com/piplabs/story/client/x/dkg/types/params.go:77.2,77.73 1 1
github.com/piplabs/story/client/x/dkg/types/params.go:77.73,79.3 1 0
github.com/piplabs/story/client/x/dkg/types/params.go:81.2,81.61 1 1
github.com/piplabs/story/client/x/dkg/types/params.go:81.61,83.3 1 0
github.com/piplabs/story/client/x/dkg/types/params.go:85.2,85.87 1 1
github.com/piplabs/story/client/x/dkg/types/params.go:85.87,87.3 1 1
github.com/piplabs/story/client/x/dkg/types/params.go:89.2,89.93 1 1
github.com/piplabs/story/client/x/dkg/types/params.go:89.93,91.3 1 1
github.com/piplabs/story/client/x/dkg/types/params.go:93.2,93.91 1 1
github.com/piplabs/story/client/x/dkg/types/params.go:93.91,95.3 1 1
github.com/piplabs/story/client/x/dkg/types/params.go:97.2,97.77 1 1
github.com/piplabs/story/client/x/dkg/types/params.go:97.77,99.3 1 1
github.com/piplabs/story/client/x/dkg/types/params.go:101.2,101.12 1 1
github.com/piplabs/story/client/x/dkg/types/params.go:104.66,105.29 1 1
github.com/piplabs/story/client/x/dkg/types/params.go:105.29,107.3 1 0
github.com/piplabs/story/client/x/dkg/types/params.go:109.2,109.44 1 1
github.com/piplabs/story/client/x/dkg/types/params.go:109.44,111.3 1 0
github.com/piplabs/story/client/x/dkg/types/params.go:113.2,113.12 1 1
github.com/piplabs/story/client/x/dkg/types/params.go:116.56,117.24 1 1
github.com/piplabs/story/client/x/dkg/types/params.go:117.24,119.3 1 0
github.com/piplabs/story/client/x/dkg/types/params.go:121.2,121.39 1 1
github.com/piplabs/story/client/x/dkg/types/params.go:121.39,123.3 1 0
github.com/piplabs/story/client/x/dkg/types/params.go:125.2,125.12 1 1
github.com/piplabs/story/client/x/dkg/types/params.go:128.66,129.29 1 1
github.com/piplabs/story/client/x/dkg/types/params.go:129.29,131.3 1 0
github.com/piplabs/story/client/x/dkg/types/params.go:133.2,133.44 1 1
github.com/piplabs/story/client/x/dkg/types/params.go:133.44,135.3 1 0
github.com/piplabs/story/client/x/dkg/types/params.go:137.2,137.12 1 1
github.com/piplabs/story/client/x/dkg/types/params.go:140.54,141.23 1 1
github.com/piplabs/story/client/x/dkg/types/params.go:141.23,143.3 1 0
github.com/piplabs/story/client/x/dkg/types/params.go:145.2,145.38 1 1
github.com/piplabs/story/client/x/dkg/types/params.go:145.38,147.3 1 0
github.com/piplabs/story/client/x/dkg/types/params.go:149.2,149.12 1 1
github.com/piplabs/story/client/x/dkg/types/params.go:152.60,153.26 1 0
github.com/piplabs/story/client/x/dkg/types/params.go:153.26,155.3 1 0
github.com/piplabs/story/client/x/dkg/types/params.go:159.2,159.12 1 0
github.com/piplabs/story/client/x/dkg/types/params.go:162.59,163.12 1 1
github.com/piplabs/story/client/x/dkg/types/params.go:163.12,165.3 1 1
github.com/piplabs/story/client/x/dkg/types/params.go:167.2,167.12 1 1
github.com/piplabs/story/client/x/dkg/types/params.go:170.58,171.12 1 1
github.com/piplabs/story/client/x/dkg/types/params.go:171.12,173.3 1 1
github.com/piplabs/story/client/x/dkg/types/params.go:175.2,175.12 1 1
github.com/piplabs/story/client/x/dkg/types/params.go:178.51,179.12 1 1
github.com/piplabs/story/client/x/dkg/types/params.go:179.12,181.3 1 1
github.com/piplabs/story/client/x/dkg/types/params.go:183.2,183.35 1 1
github.com/piplabs/story/client/x/dkg/types/params.go:183.35,185.3 1 1
github.com/piplabs/story/client/x/dkg/types/params.go:187.2,187.12 1 1
github.com/piplabs/story/client/x/dkg/types/params.go:190.70,191.26 1 1
github.com/piplabs/story/client/x/dkg/types/params.go:191.26,193.3 1 1
github.com/piplabs/story/client/x/dkg/types/params.go:195.2,195.37 1 1
github.com/piplabs/story/client/x/dkg/types/params.go:195.37,197.3 1 1
github.com/piplabs/story/client/x/dkg/types/params.go:199.2,199.12 1 1
github.com/piplabs/story/client/x/dkg/types/params.go:205.71,206.48 1 1
github.com/piplabs/story/client/x/dkg/types/params.go:206.48,208.3 1 1
github.com/piplabs/story/client/x/dkg/types/params.go:211.2,215.52 3 1
github.com/piplabs/story/client/x/dkg/types/params.go:215.52,217.3 1 1
github.com/piplabs/story/client/x/dkg/types/params.go:219.2,219.18 1 1
github.com/piplabs/story/client/x/dkg/types/params.go:222.58,223.55 1 0
github.com/piplabs/story/client/x/dkg/types/params.go:223.55,227.3 1 0
github.com/piplabs/story/client/x/dkg/types/params.go:229.2,229.12 1 0
github.com/piplabs/story/client/x/dkg/types/params.pb.go:46.34,46.51 1 0
github.com/piplabs/story/client/x/dkg/types/params.pb.go:47.34,47.71 1 0
github.com/piplabs/story/client/x/dkg/types/params.pb.go:48.35,48.36 0 0
github.com/piplabs/story/client/x/dkg/types/params.pb.go:49.45,51.2 1 0
github.com/piplabs/story/client/x/dkg/types/params.pb.go:52.48,54.2 1 0
github.com/piplabs/story/client/x/dkg/types/params.pb.go:55.76,56.19 1 0
github.com/piplabs/story/client/x/dkg/types/params.pb.go:56.19,58.3 1 0
github.com/piplabs/story/client/x/dkg/types/params.pb.go:58.8,61.17 3 0
github.com/piplabs/story/client/x/dkg/types/params.pb.go:61.17,63.4 1 0
github.com/piplabs/story/client/x/dkg/types/params.pb.go:64.3,64.20 1 0
github.com/piplabs/story/client/x/dkg/types/params.pb.go:67.47,69.2 1 0
github.com/piplabs/story/client/x/dkg/types/params.pb.go:70.33,72.2 1 0
github.com/piplabs/story/client/x/dkg/types/params.pb.go:73.39,75.2 1 0
github.com/piplabs/story/client/x/dkg/types/params.pb.go:79.49,80.14 1 0
github.com/piplabs/story/client/x/dkg/types/params.pb.go:80.14,82.3 1 0
github.com/piplabs/story/client/x/dkg/types/params.pb.go:83.2,83.10 1 0
github.com/piplabs/story/client/x/dkg/types/params.pb.go:86.44,87.14 1 0
github.com/piplabs/story/client/x/dkg/types/params.pb.go:87.14,89.3 1 0
github.com/piplabs/story/client/x/dkg/types/params.pb.go:90.2,90.10 1 0
github.com/piplabs/story/client/x/dkg/types/params.pb.go:93.49,94.14 1 0
github.com/piplabs/story/client/x/dkg/types/params.pb.go:94.14,96.3 1 0
github.com/piplabs/story/client/x/dkg/types/params.pb.go:97.2,97.10 1 0
github.com/piplabs/story/client/x/dkg/types/params.pb.go:100.43,101.14 1 0
github.com/piplabs/story/client/x/dkg/types/params.pb.go:101.14,103.3 1 0
github.com/piplabs/story/client/x/dkg/types/params.pb.go:104.2,104.10 1 0
github.com/piplabs/story/client/x/dkg/types/params.pb.go:107.59,108.14 1 0
github.com/piplabs/story/client/x/dkg/types/params.pb.go:108.14,110.3 1 0
github.com/piplabs/story/client/x/dkg/types/params.pb.go:111.2,111.10 1 0
github.com/piplabs/story/client/x/dkg/types/params.pb.go:114.58,115.14 1 0
github.com/piplabs/story/client/x/dkg/types/params.pb.go:115.14,117.3 1 0
github.com/piplabs/story/client/x/dkg/types/params.pb.go:118.2,118.10 1 0
github.com/piplabs/story/client/x/dkg/types/params.pb.go:121.51,122.14 1 0
github.com/piplabs/story/client/x/dkg/types/params.pb.go:122.14,124.3 1 0
github.com/piplabs/story/client/x/dkg/types/params.pb.go:125.2,125.10 1 0
github.com/piplabs/story/client/x/dkg/types/params.pb.go:128.13,130.2 1 1
github.com/piplabs/story/client/x/dkg/types/params.pb.go:132.13,132.103 1 1
github.com/piplabs/story/client/x/dkg/types/params.pb.go:171.53,175.16 4 0
github.com/piplabs/story/client/x/dkg/types/params.pb.go:175.16,177.3 1 0
github.com/piplabs/story/client/x/dkg/types/params.pb.go:178.2,178.22 1 0
github.com/piplabs/story/client/x/dkg/types/params.pb.go:181.54,184.2 2 0
github.com/piplabs/story/client/x/dkg/types/params.pb.go:186.65,191.33 5 0
github.com/piplabs/story/client/x/dkg/types/params.pb.go:191.33,195.3 3 0
github.com/piplabs/story/client/x/dkg/types/params.pb.go:196.2,196.40 1 0
github.com/piplabs/story/client/x/dkg/types/params.pb.go:196.40,200.3 3 0
github.com/piplabs/story/client/x/dkg/types/params.pb.go:201.2,201.41 1 0
github.com/piplabs/story/client/x/dkg/types/params.pb.go:201.41,205.3 3 0
github.com/piplabs/story/client/x/dkg/types/params.pb.go:206.2,209.76 3 0
github.com/piplabs/story/client/x/dkg/types/params.pb.go:209.76,211.4 1 0
github.com/piplabs/story/client/x/dkg/types/params.pb.go:212.3,212.48 1 0
github.com/piplabs/story/client/x/dkg/types/params.pb.go:214.2,216.25 3 0
github.com/piplabs/story/client/x/dkg/types/params.pb.go:216.25,220.3 3 0
github.com/piplabs/story/client/x/dkg/types/params.pb.go:221.2,221.31 1 0
github.com/piplabs/story/client/x/dkg/types/params.pb.go:221.31,225.3 3 0
github.com/piplabs/story/client/x/dkg/types/params.pb.go:226.2,226.26 1 0
github.com/piplabs/story/client/x/dkg/types/params.pb.go:226.26,230.3 3 0
github.com/piplabs/story/client/x/dkg/types/params.pb.go:231.2,231.31 1 0
github.com/piplabs/story/client/x/dkg/types/params.pb.go:231.31,235.3 3 0
github.com/piplabs/story/client/x/dkg/types/params.pb.go:236.2,236.27 1 0
github.com/piplabs/story/client/x/dkg/types/params.pb.go:239.64,242.16 3 0
github.com/piplabs/story/client/x/dkg/types/params.pb.go:242.16,246.3 3 0
github.com/piplabs/story/client/x/dkg/types/params.pb.go:247.2,248.13 2 0
github.com/piplabs/story/client/x/dkg/types/params.pb.go:250.33,251.14 1 0
github.com/piplabs/story/client/x/dkg/types/params.pb.go:251.14,253.3 1 0
github.com/piplabs/story/client/x/dkg/types/params.pb.go:254.2,256.31 3 0
github.com/piplabs/story/client/x/dkg/types/params.pb.go:256.31,258.3 1 0
github.com/piplabs/story/client/x/dkg/types/params.pb.go:259.2,259.26 1 0
github.com/piplabs/story/client/x/dkg/types/params.pb.go:259.26,261.3 1 0
github.com/piplabs/story/client/x/dkg/types/params.pb.go:262.2,262.31 1 0
github.com/piplabs/story/client/x/dkg/types/params.pb.go:262.31,264.3 1 0
github.com/piplabs/story/client/x/dkg/types/params.pb.go:265.2,265.25 1 0
github.com/piplabs/story/client/x/dkg/types/params.pb.go:265.25,267.3 1 0
github.com/piplabs/story/client/x/dkg/types/params.pb.go:268.2,270.41 3 0
github.com/piplabs/story/client/x/dkg/types/params.pb.go:270.41,272.3 1 0
github.com/piplabs/story/client/x/dkg/types/params.pb.go:273.2,273.40 1 0
github.com/piplabs/story/client/x/dkg/types/params.pb.go:273.40,275.3 1 0
github.com/piplabs/story/client/x/dkg/types/params.pb.go:276.2,276.33 1 0
github.com/piplabs/story/client/x/dkg/types/params.pb.go:276.33,278.3 1 0
github.com/piplabs/story/client/x/dkg/types/params.pb.go:279.2,279.10 1 0
github.com/piplabs/story/client/x/dkg/types/params.pb.go:282.34,284.2 1 0
github.com/piplabs/story/client/x/dkg/types/params.pb.go:285.34,287.2 1 0
github.com/piplabs/story/client/x/dkg/types/params.pb.go:288.47,291.16 3 0
github.com/piplabs/story/client/x/dkg/types/params.pb.go:291.16,294.38 3 0
github.com/piplabs/story/client/x/dkg/types/params.pb.go:294.38,295.19 1 0
github.com/piplabs/story/client/x/dkg/types/params.pb.go:295.19,297.5 1 0
github.com/piplabs/story/client/x/dkg/types/params.pb.go:298.4,298.18 1 0
github.com/piplabs/story/client/x/dkg/types/params.pb.go:298.18,300.5 1 0
github.com/piplabs/story/client/x/dkg/types/params.pb.go:301.4,304.16 4 0
github.com/piplabs/story/client/x/dkg/types/params.pb.go:304.16,305.10 1 0
github.com/piplabs/story/client/x/dkg/types/params.pb.go:308.3,310.20 3 0
github.com/piplabs/story/client/x/dkg/types/params.pb.go:310.20,312.4 1 0
github.com/piplabs/story/client/x/dkg/types/params.pb.go:313.3,313.20 1 0
github.com/piplabs/story/client/x/dkg/types/params.pb.go:313.20,315.4 1 0
github.com/piplabs/story/client/x/dkg/types/params.pb.go:316.3,316.19 1 0
github.com/piplabs/story/client/x/dkg/types/params.pb.go:317.10,318.21 1 0
github.com/piplabs/story/client/x/dkg/types/params.pb.go:318.21,320.5 1 0
github.com/piplabs/story/client/x/dkg/types/params.pb.go:321.4,322.39 2 0
github.com/piplabs/story/client/x/dkg/types/params.pb.go:322.39,323.20 1 0
github.com/piplabs/story/client/x/dkg/types/params.pb.go:323.20,325.6 1 0
github.com/piplabs/story/client/x/dkg/types/params.pb.go:326.5,326.19 1 0
github.com/piplabs/story/client/x/dkg/types/params.pb.go:326.19,328.6 1 0
github.com/piplabs/story/client/x/dkg/types/params.pb.go:329.5,332.17 4 0
github.com/piplabs/story/client/x/dkg/types/params.pb.go:332.17,333.11 1 0
github.com/piplabs/story/client/x/dkg/types/params.pb.go:336.10,337.21 1 0
github.com/piplabs/story/client/x/dkg/types/params.pb.go:337.21,339.5 1 0
github.com/piplabs/story/client/x/dkg/types/params.pb.go:340.4,341.39 2 0
github.com/piplabs/story/client/x/dkg/types/params.pb.go:341.39,342.20 1 0
github.com/piplabs/story/client/x/dkg/types/params.pb.go:342.20,344.6 1 0
github.com/piplabs/story/client/x/dkg/types/params.pb.go:345.5,345.19 1 0
github.com/piplabs/story/client/x/dkg/types/params.pb.go:345.19,347.6 1 0
github.com/piplabs/story/client/x/dkg/types/params.pb.go:348.5,351.17 4 0
github.com/piplabs/story/client/x/dkg/types/params.pb.go:351.17,352.11 1 0
github.com/piplabs/story/client/x/dkg/types/params.pb.go:355.10,356.21 1 0
github.com/piplabs/story/client/x/dkg/types/params.pb.go:356.21,358.5 1 0
github.com/piplabs/story/client/x/dkg/types/params.pb.go:359.4,360.39 2 0
github.com/piplabs/story/client/x/dkg/types/params.pb.go:360.39,361.20 1 0
github.com/piplabs/story/client/x/dkg/types/params.pb.go:361.20,363.6 1 0
github.com/piplabs/story/client/x/dkg/types/params.pb.go:364.5,364.19 1 0
github.com/piplabs/story/client/x/dkg/types/params.pb.go:364.19,366.6 1 0
github.com/piplabs/story/client/x/dkg/types/params.pb.go:367.5,370.17 4 0
github.com/piplabs/story/client/x/dkg/types/params.pb.go:370.17,371.11 1 0
github.com/piplabs/story/client/x/dkg/types/params.pb.go:374.10,375.21 1 0
github.com/piplabs/story/client/x/dkg/types/params.pb.go:375.21,377.5 1 0
github.com/piplabs/story/client/x/dkg/types/params.pb.go:378.4,379.39 2 0
github.com/piplabs/story/client/x/dkg/types/params.pb.go:379.39,380.20 1 0
github.com/piplabs/story/client/x/dkg/types/params.pb.go:380.20,382.6 1 0
github.com/piplabs/story/client/x/dkg/types/params.pb.go:383.5,383.19 1 0
github.com/piplabs/story/client/x/dkg/types/params.pb.go:383.19,385.6 1 0
github.com/piplabs/story/client/x/dkg/types/params.pb.go:386.5,389.17 4 0
github.com/piplabs/story/client/x/dkg/types/params.pb.go:389.17,390.11 1 0
github.com/piplabs/story/client/x/dkg/types/params.pb.go:393.10,394.21 1 0
github.com/piplabs/story/client/x/dkg/types/params.pb.go:394.21,396.5 1 0
github.com/piplabs/story/client/x/dkg/types/params.pb.go:397.4,398.39 2 0
github.com/piplabs/story/client/x/dkg/types/params.pb.go:398.39,399.20 1 0
github.com/piplabs/story/client/x/dkg/types/params.pb.go:399.20,401.6 1 0
github.com/piplabs/story/client/x/dkg/types/params.pb.go:402.5,402.19 1 0
github.com/piplabs/story/client/x/dkg/types/params.pb.go:402.19,404.6 1 0
github.com/piplabs/story/client/x/dkg/types/params.pb.go:405.5,408.17 4 0
github.com/piplabs/story/client/x/dkg/types/params.pb.go:408.17,409.11 1 0
github.com/piplabs/story/client/x/dkg/types/params.pb.go:412.4,413.24 2 0
github.com/piplabs/story/client/x/dkg/types/params.pb.go:413.24,415.5 1 0
github.com/piplabs/story/client/x/dkg/types/params.pb.go:416.4,417.21 2 0
github.com/piplabs/story/client/x/dkg/types/params.pb.go:417.21,419.5 1 0
github.com/piplabs/story/client/x/dkg/types/params.pb.go:420.4,420.21 1 0
github.com/piplabs/story/client/x/dkg/types/params.pb.go:420.21,422.5 1 0
github.com/piplabs/story/client/x/dkg/types/params.pb.go:423.4,423.87 1 0
github.com/piplabs/story/client/x/dkg/types/params.pb.go:423.87,425.5 1 0
github.com/piplabs/story/client/x/dkg/types/params.pb.go:426.4,426.21 1 0
github.com/piplabs/story/client/x/dkg/types/params.pb.go:427.10,428.21 1 0
github.com/piplabs/story/client/x/dkg/types/params.pb.go:428.21,430.5 1 0
github.com/piplabs/story/client/x/dkg/types/params.pb.go:431.4,432.39 2 0
github.com/piplabs/story/client/x/dkg/types/params.pb.go:432.39,433.20 1 0
github.com/piplabs/story/client/x/dkg/types/params.pb.go:433.20,435.6 1 0
github.com/piplabs/story/client/x/dkg/types/params.pb.go:436.5,436.19 1 0
github.com/piplabs/story/client/x/dkg/types/params.pb.go:436.19,438.6 1 0
github.com/piplabs/story/client/x/dkg/types/params.pb.go:439.5,442.17 4 0
github.com/piplabs/story/client/x/dkg/types/params.pb.go:442.17,443.11 1 0
github.com/piplabs/story/client/x/dkg/types/params.pb.go:446.10,447.21 1 0
github.com/piplabs/story/client/x/dkg/types/params.pb.go:447.21,449.5 1 0
github.com/piplabs/story/client/x/dkg/types/params.pb.go:450.4,451.39 2 0
github.com/piplabs/story/client/x/dkg/types/params.pb.go:451.39,452.20 1 0
github.com/piplabs/story/client/x/dkg/types/params.pb.go:452.20,454.6 1 0
github.com/piplabs/story/client/x/dkg/types/params.pb.go:455.5,455.19 1 0
github.com/piplabs/story/client/x/dkg/types/params.pb.go:455.19,457.6 1 0
github.com/piplabs/story/client/x/dkg/types/params.pb.go:458.5,461.17 4 0
github.com/piplabs/story/client/x/dkg/types/params.pb.go:461.17,462.11 1 0
github.com/piplabs/story/client/x/dkg/types/params.pb.go:465.10,466.21 1 0
github.com/piplabs/story/client/x/dkg/types/params.pb.go:466.21,468.5 1 0
github.com/piplabs/story/client/x/dkg/types/params.pb.go:469.4,470.39 2 0
github.com/piplabs/story/client/x/dkg/types/params.pb.go:470.39,471.20 1 0
github.com/piplabs/story/client/x/dkg/types/params.pb.go:471.20,473.6 1 0
github.com/piplabs/story/client/x/dkg/types/params.pb.go:474.5,474.19 1 0
github.com/piplabs/story/client/x/dkg/types/params.pb.go:474.19,476.6 1 0
github.com/piplabs/story/client/x/dkg/types/params.pb.go:477.5,480.17 4 0
github.com/piplabs/story/client/x/dkg/types/params.pb.go:480.17,481.11 1 0
github.com/piplabs/story/client/x/dkg/types/params.pb.go:484.11,487.18 3 0
github.com/piplabs/story/client/x/dkg/types/params.pb.go:487.18,489.5 1 0
github.com/piplabs/story/client/x/dkg/types/params.pb.go:490.4,490.42 1 0
github.com/piplabs/story/client/x/dkg/types/params.pb.go:490.42,492.5 1 0
github.com/piplabs/story/client/x/dkg/types/params.pb.go:493.4,493.28 1 0
github.com/piplabs/story/client/x/dkg/types/params.pb.go:493.28,495.5 1 0
github.com/piplabs/story/client/x/dkg/types/params.pb.go:496.4,496.19 1 0
github.com/piplabs/story/client/x/dkg/types/params.pb.go:500.2,500.15 1 0
github.com/piplabs/story/client/x/dkg/types/params.pb.go:500.15,502.3 1 0
github.com/piplabs/story/client/x/dkg/types/params.pb.go:503.2,503.12 1 0
github.com/piplabs/story/client/x/dkg/types/params.pb.go:505.49,509.16 4 0
github.com/piplabs/story/client/x/dkg/types/params.pb.go:509.16,511.38 2 0
github.com/piplabs/story/client/x/dkg/types/params.pb.go:511.38,512.19 1 0
github.com/piplabs/story/client/x/dkg/types/params.pb.go:512.19,514.5 1 0
github.com/piplabs/story/client/x/dkg/types/params.pb.go:515.4,515.18 1 0
github.com/piplabs/story/client/x/dkg/types/params.pb.go:515.18,517.5 1 0
github.com/piplabs/story/client/x/dkg/types/params.pb.go:518.4,521.16 4 0
github.com/piplabs/story/client/x/dkg/types/params.pb.go:521.16,522.10 1 0
github.com/piplabs/story/client/x/dkg/types/params.pb.go:525.3,526.19 2 0
github.com/piplabs/story/client/x/dkg/types/params.pb.go:527.10,528.39 1 0
github.com/piplabs/story/client/x/dkg/types/params.pb.go:528.39,529.20 1 0
github.com/piplabs/story/client/x/dkg/types/params.pb.go:529.20,531.6 1 0
github.com/piplabs/story/client/x/dkg/types/params.pb.go:532.5,532.19 1 0
github.com/piplabs/story/client/x/dkg/types/params.pb.go:532.19,534.6 1 0
github.com/piplabs/story/client/x/dkg/types/params.pb.go:535.5,536.29 2 0
github.com/piplabs/story/client/x/dkg/types/params.pb.go:536.29,537.11 1 0
github.com/piplabs/story/client/x/dkg/types/params.pb.go:540.10,541.14 1 0
github.com/piplabs/story/client/x/dkg/types/params.pb.go:542.10,544.39 2 0
github.com/piplabs/story/client/x/dkg/types/params.pb.go:544.39,545.20 1 0
github.com/piplabs/story/client/x/dkg/types/params.pb.go:545.20,547.6 1 0
github.com/piplabs/story/client/x/dkg/types/params.pb.go:548.5,548.19 1 0
github.com/piplabs/story/client/x/dkg/types/params.pb.go:548.19,550.6 1 0
github.com/piplabs/story/client/x/dkg/types/params.pb.go:551.5,554.17 4 0
github.com/piplabs/story/client/x/dkg/types/params.pb.go:554.17,555.11 1 0
github.com/piplabs/story/client/x/dkg/types/params.pb.go:558.4,558.18 1 0
github.com/piplabs/story/client/x/dkg/types/params.pb.go:558.18,560.5 1 0
github.com/piplabs/story/client/x/dkg/types/params.pb.go:561.4,561.19 1 0
github.com/piplabs/story/client/x/dkg/types/params.pb.go:562.10,563.11 1 0
github.com/piplabs/story/client/x/dkg/types/params.pb.go:564.10,565.18 1 0
github.com/piplabs/story/client/x/dkg/types/params.pb.go:565.18,567.5 1 0
github.com/piplabs/story/client/x/dkg/types/params.pb.go:568.4,568.11 1 0
github.com/piplabs/story/client/x/dkg/types/params.pb.go:569.10,570.14 1 0
github.com/piplabs/story/client/x/dkg/types/params.pb.go:571.11,572.64 1 0
github.com/piplabs/story/client/x/dkg/types/params.pb.go:574.3,574.16 1 0
github.com/piplabs/story/client/x/dkg/types/params.pb.go:574.16,576.4 1 0
github.com/piplabs/story/client/x/dkg/types/params.pb.go:577.3,577.17 1 0
github.com/piplabs/story/client/x/dkg/types/params.pb.go:577.17,579.4 1 0
github.com/piplabs/story/client/x/dkg/types/params.pb.go:581.2,581.31 1 0
github.com/piplabs/story/client/x/dkg/types/query.pb.go:36.46,36.75 1 0
github.com/piplabs/story/client/x/dkg/types/query.pb.go:37.46,37.83 1 0
github.com/piplabs/story/client/x/dkg/types/query.pb.go:38.47,38.48 0 0
github.com/piplabs/story/client/x/dkg/types/query.pb.go:39.57,41.2 1 0
github.com/piplabs/story/client/x/dkg/types/query.pb.go:42.60,44.2 1 0
github.com/piplabs/story/client/x/dkg/types/query.pb.go:45.88,46.19 1 0
github.com/piplabs/story/client/x/dkg/types/query.pb.go:46.19,48.3 1 0
github.com/piplabs/story/client/x/dkg/types/query.pb.go:48.8,51.17 3 0
github.com/piplabs/story/client/x/dkg/types/query.pb.go:51.17,53.4 1 0
github.com/piplabs/story/client/x/dkg/types/query.pb.go:54.3,54.20 1 0
github.com/piplabs/story/client/x/dkg/types/query.pb.go:57.59,59.2 1 0
github.com/piplabs/story/client/x/dkg/types/query.pb.go:60.45,62.2 1 0
github.com/piplabs/story/client/x/dkg/types/query.pb.go:63.51,65.2 1 0
github.com/piplabs/story/client/x/dkg/types/query.pb.go:73.47,73.77 1 0
github.com/piplabs/story/client/x/dkg/types/query.pb.go:74.47,74.84 1 0
github.com/piplabs/story/client/x/dkg/types/query.pb.go:75.48,75.49 0 0
github.com/piplabs/story/client/x/dkg/types/query.pb.go:76.58,78.2 1 0
github.com/piplabs/story/client/x/dkg/types/query.pb.go:79.61,81.2 1 0
github.com/piplabs/story/client/x/dkg/types/query.pb.go:82.89,83.19 1 0
github.com/piplabs/story/client/x/dkg/types/query.pb.go:83.19,85.3 1 0
github.com/piplabs/story/client/x/dkg/types/query.pb.go:85.8,88.17 3 0
github.com/piplabs/story/client/x/dkg/types/query.pb.go:88.17,90.4 1 0
github.com/piplabs/story/client/x/dkg/types/query.pb.go:91.3,91.20 1 0
github.com/piplabs/story/client/x/dkg/types/query.pb.go:94.60,96.2 1 0
github.com/piplabs/story/client/x/dkg/types/query.pb.go:97.46,99.2 1 0
github.com/piplabs/story/client/x/dkg/types/query.pb.go:100.52,102.2 1 0
github.com/piplabs/story/client/x/dkg/types/query.pb.go:106.50,107.14 1 0
github.com/piplabs/story/client/x/dkg/types/query.pb.go:107.14,109.3 1 0
github.com/piplabs/story/client/x/dkg/types/query.pb.go:110.2,110.17 1 0
github.com/piplabs/story/client/x/dkg/types/query.pb.go:118.53,118.89 1 0
github.com/piplabs/story/client/x/dkg/types/query.pb.go:119.53,119.90 1 0
github.com/piplabs/story/client/x/dkg/types/query.pb.go:120.54,120.55 0 0
github.com/piplabs/story/client/x/dkg/types/query.pb.go:121.64,123.2 1 0
github.com/piplabs/story/client/x/dkg/types/query.pb.go:124.67,126.2 1 0
github.com/piplabs/story/client/x/dkg/types/query.pb.go:127.95,128.19 1 0
github.com/piplabs/story/client/x/dkg/types/query.pb.go:128.19,130.3 1 0
github.com/piplabs/story/client/x/dkg/types/query.pb.go:130.8,133.17 3 0
github.com/piplabs/story/client/x/dkg/types/query.pb.go:133.17,135.4 1 0
github.com/piplabs/story/client/x/dkg/types/query.pb.go:136.3,136.20 1 0
github.com/piplabs/story/client/x/dkg/types/query.pb.go:139.66,141.2 1 0
github.com/piplabs/story/client/x/dkg/types/query.pb.go:142.52,144.2 1 0
github.com/piplabs/story/client/x/dkg/types/query.pb.go:145.58,147.2 1 0
github.com/piplabs/story/client/x/dkg/types/query.pb.go:151.55,152.14 1 0
github.com/piplabs/story/client/x/dkg/types/query.pb.go:152.14,154.3 1 0
github.com/piplabs/story/client/x/dkg/types/query.pb.go:155.2,155.10 1 0
github.com/piplabs/story/client/x/dkg/types/query.pb.go:158.67,159.14 1 0
github.com/piplabs/story/client/x/dkg/types/query.pb.go:159.14,161.3 1 0
github.com/piplabs/story/client/x/dkg/types/query.pb.go:162.2,162.11 1 0
github.com/piplabs/story/client/x/dkg/types/query.pb.go:169.54,169.91 1 0
github.com/piplabs/story/client/x/dkg/types/query.pb.go:170.54,170.91 1 0
github.com/piplabs/story/client/x/dkg/types/query.pb.go:171.55,171.56 0 0
github.com/piplabs/story/client/x/dkg/types/query.pb.go:172.65,174.2 1 0
github.com/piplabs/story/client/x/dkg/types/query.pb.go:175.68,177.2 1 0
github.com/piplabs/story/client/x/dkg/types/query.pb.go:178.96,179.19 1 0
github.com/piplabs/story/client/x/dkg/types/query.pb.go:179.19,181.3 1 0
github.com/piplabs/story/client/x/dkg/types/query.pb.go:181.8,184.17 3 0
github.com/piplabs/story/client/x/dkg/types/query.pb.go:184.17,186.4 1 0
github.com/piplabs/story/client/x/dkg/types/query.pb.go:187.3,187.20 1 0
github.com/piplabs/story/client/x/dkg/types/query.pb.go:190.67,192.2 1 0
github.com/piplabs/story/client/x/dkg/types/query.pb.go:193.53,195.2 1 0
github.com/piplabs/story/client/x/dkg/types/query.pb.go:196.59,198.2 1 0
github.com/piplabs/story/client/x/dkg/types/query.pb.go:202.62,203.14 1 0
github.com/piplabs/story/client/x/dkg/types/query.pb.go:203.14,205.3 1 0
github.com/piplabs/story/client/x/dkg/types/query.pb.go:206.2,206.21 1 0
github.com/piplabs/story/client/x/dkg/types/query.pb.go:212.59,212.101 1 0
github.com/piplabs/story/client/x/dkg/types/query.pb.go:213.59,213.96 1 0
github.com/piplabs/story/client/x/dkg/types/query.pb.go:214.60,214.61 0 0
github.com/piplabs/story/client/x/dkg/types/query.pb.go:215.70,217.2 1 0
github.com/piplabs/story/client/x/dkg/types/query.pb.go:218.73,220.2 1 0
github.com/piplabs/story/client/x/dkg/types/query.pb.go:221.101,222.19 1 0
github.com/piplabs/story/client/x/dkg/types/query.pb.go:222.19,224.3 1 0
github.com/piplabs/story/client/x/dkg/types/query.pb.go:224.8,227.17 3 0
github.com/piplabs/story/client/x/dkg/types/query.pb.go:227.17,229.4 1 0
github.com/piplabs/story/client/x/dkg/types/query.pb.go:230.3,230.20 1 0
github.com/piplabs/story/client/x/dkg/types/query.pb.go:233.72,235.2 1 0
github.com/piplabs/story/client/x/dkg/types/query.pb.go:236.58,238.2 1 0
github.com/piplabs/story/client/x/dkg/types/query.pb.go:239.64,241.2 1 0
github.com/piplabs/story/client/x/dkg/types/query.pb.go:249.60,249.103 1 0
github.com/piplabs/story/client/x/dkg/types/query.pb.go:250.60,250.97 1 0
github.com/piplabs/story/client/x/dkg/types/query.pb.go:251.61,251.62 0 0
github.com/piplabs/story/client/x/dkg/types/query.pb.go:252.71,254.2 1 0
github.com/piplabs/story/client/x/dkg/types/query.pb.go:255.74,257.2 1 0
github.com/piplabs/story/client/x/dkg/types/query.pb.go:258.102,259.19 1 0
github.com/piplabs/story/client/x/dkg/types/query.pb.go:259.19,261.3 1 0
github.com/piplabs/story/client/x/dkg/types/query.pb.go:261.8,264.17 3 0
github.com/piplabs/story/client/x/dkg/types/query.pb.go:264.17,266.4 1 0
github.com/piplabs/story/client/x/dkg/types/query.pb.go:267.3,267.20 1 0
github.com/piplabs/story/client/x/dkg/types/query.pb.go:270.73,272.2 1 0
github.com/piplabs/story/client/x/dkg/types/query.pb.go:273.59,275.2 1 0
github.com/piplabs/story/client/x/dkg/types/query.pb.go:276.65,278.2 1 0
github.com/piplabs/story/client/x/dkg/types/query.pb.go:282.68,283.14 1 0
github.com/piplabs/story/client/x/dkg/types/query.pb.go:283.14,285.3 1 0
github.com/piplabs/story/client/x/dkg/types/query.pb.go:286.2,286.21 1 0
github.com/piplabs/story/client/x/dkg/types/query.pb.go:293.57,293.97 1 0
github.com/piplabs/story/client/x/dkg/types/query.pb.go:294.57,294.94 1 0
github.com/piplabs/story/client/x/dkg/types/query.pb.go:295.58,295.59 0 0
github.com/piplabs/story/client/x/dkg/types/query.pb.go:296.68,298.2 1 0
github.com/piplabs/story/client/x/dkg/types/query.pb.go:299.71,301.2 1 0
github.com/piplabs/story/client/x/dkg/types/query.pb.go:302.99,303.19 1 0
github.com/piplabs/story/client/x/dkg/types/query.pb.go:303.19,305.3 1 0
github.com/piplabs/story/client/x/dkg/types/query.pb.go:305.8,308.17 3 0
github.com/piplabs/story/client/x/dkg/types/query.pb.go:308.17,310.4 1 0
github.com/piplabs/story/client/x/dkg/types/query.pb.go:311.3,311.20 1 0
github.com/piplabs/story/client/x/dkg/types/query.pb.go:314.70,316.2 1 0
github.com/piplabs/story/client/x/dkg/types/query.pb.go:317.56,319.2 1 0
github.com/piplabs/story/client/x/dkg/types/query.pb.go:320.62,322.2 1 0
github.com/piplabs/story/client/x/dkg/types/query.pb.go:326.76,327.14 1 0
github.com/piplabs/story/client/x/dkg/types/query.pb.go:327.14,329.3 1 0
github.com/piplabs/story/client/x/dkg/types/query.pb.go:330.2,330.12 1 0
github.com/piplabs/story/client/x/dkg/types/query.pb.go:338.58,338.99 1 0
github.com/piplabs/story/client/x/dkg/types/query.pb.go:339.58,339.95 1 0
github.com/piplabs/story/client/x/dkg/types/query.pb.go:340.59,340.60 0 0
github.com/piplabs/story/client/x/dkg/types/query.pb.go:341.69,343.2 1 0
github.com/piplabs/story/client/x/dkg/types/query.pb.go:344.72,346.2 1 0
github.com/piplabs/story/client/x/dkg/types/query.pb.go:347.100,348.19 1 0
github.com/piplabs/story/client/x/dkg/types/query.pb.go:348.19,350.3 1 0
github.com/piplabs/story/client/x/dkg/types/query.pb.go:350.8,353.17 3 0
github.com/piplabs/story/client/x/dkg/types/query.pb.go:353.17,355.4 1 0
github.com/piplabs/story/client/x/dkg/types/query.pb.go:356.3,356.20 1 0
github.com/piplabs/story/client/x/dkg/types/query.pb.go:359.71,361.2 1 0
github.com/piplabs/story/client/x/dkg/types/query.pb.go:362.57,364.2 1 0
github.com/piplabs/story/client/x/dkg/types/query.pb.go:365.63,367.2 1 0
github.com/piplabs/story/client/x/dkg/types/query.pb.go:371.69,372.14 1 0
github.com/piplabs/story/client/x/dkg/types/query.pb.go:372.14,374.3 1 0
github.com/piplabs/story/client/x/dkg/types/query.pb.go:375.2,375.12 1 0
github.com/piplabs/story/client/x/dkg/types/query.pb.go:378.78,379.14 1 0
github.com/piplabs/story/client/x/dkg/types/query.pb.go:379.14,381.3 1 0
github.com/piplabs/story/client/x/dkg/types/query.pb.go:382.2,382.12 1 0
github.com/piplabs/story/client/x/dkg/types/query.pb.go:391.58,391.99 1 0
github.com/piplabs/story/client/x/dkg/types/query.pb.go:392.58,392.95 1 0
github.com/piplabs/story/client/x/dkg/types/query.pb.go:393.59,393.60 0 0
github.com/piplabs/story/client/x/dkg/types/query.pb.go:394.69,396.2 1 0
github.com/piplabs/story/client/x/dkg/types/query.pb.go:397.72,399.2 1 0
github.com/piplabs/story/client/x/dkg/types/query.pb.go:400.100,401.19 1 0
github.com/piplabs/story/client/x/dkg/types/query.pb.go:401.19,403.3 1 0
github.com/piplabs/story/client/x/dkg/types/query.pb.go:403.8,406.17 3 0
github.com/piplabs/story/client/x/dkg/types/query.pb.go:406.17,408.4 1 0
github.com/piplabs/story/client/x/dkg/types/query.pb.go:409.3,409.20 1 0
github.com/piplabs/story/client/x/dkg/types/query.pb.go:412.71,414.2 1 0
github.com/piplabs/story/client/x/dkg/types/query.pb.go:415.57,417.2 1 0
github.com/piplabs/story/client/x/dkg/types/query.pb.go:418.63,420.2 1 0
github.com/piplabs/story/client/x/dkg/types/query.pb.go:424.60,425.14 1 0
github.com/piplabs/story/client/x/dkg/types/query.pb.go:425.14,427.3 1 0
github.com/piplabs/story/client/x/dkg/types/query.pb.go:428.2,428.10 1 0
github.com/piplabs/story/client/x/dkg/types/query.pb.go:431.72,432.14 1 0
github.com/piplabs/story/client/x/dkg/types/query.pb.go:432.14,434.3 1 0
github.com/piplabs/story/client/x/dkg/types/query.pb.go:435.2,435.11 1 0
github.com/piplabs/story/client/x/dkg/types/query.pb.go:438.71,439.14 1 0
github.com/piplabs/story/client/x/dkg/types/query.pb.go:439.14,441.3 1 0
github.com/piplabs/story/client/x/dkg/types/query.pb.go:442.2,442.11 1 0
github.com/piplabs/story/client/x/dkg/types/query.pb.go:449.59,449.101 1 0
github.com/piplabs/story/client/x/dkg/types/query.pb.go:450.59,450.96 1 0
github.com/piplabs/story/client/x/dkg/types/query.pb.go:451.60,451.61 0 0
github.com/piplabs/story/client/x/dkg/types/query.pb.go:452.70,454.2 1 0
github.com/piplabs/story/client/x/dkg/types/query.pb.go:455.73,457.2 1 0
github.com/piplabs/story/client/x/dkg/types/query.pb.go:458.101,459.19 1 0
github.com/piplabs/story/client/x/dkg/types/query.pb.go:459.19,461.3 1 0
github.com/piplabs/story/client/x/dkg/types/query.pb.go:461.8,464.17 3 0
github.com/piplabs/story/client/x/dkg/types/query.pb.go:464.17,466.4 1 0
github.com/piplabs/story/client/x/dkg/types/query.pb.go:467.3,467.20 1 0
github.com/piplabs/story/client/x/dkg/types/query.pb.go:470.72,472.2 1 0
github.com/piplabs/story/client/x/dkg/types/query.pb.go:473.58,475.2 1 0
github.com/piplabs/story/client/x/dkg/types/query.pb.go:476.64,478.2 1 0
github.com/piplabs/story/client/x/dkg/types/query.pb.go:482.77,483.14 1 0
github.com/piplabs/story/client/x/dkg/types/query.pb.go:483.14,485.3 1 0
github.com/piplabs/story/client/x/dkg/types/query.pb.go:486.2,486.26 1 0
github.com/piplabs/story/client/x/dkg/types/query.pb.go:495.62,495.107 1 0
github.com/piplabs/story/client/x/dkg/types/query.pb.go:496.62,496.99 1 0
github.com/piplabs/story/client/x/dkg/types/query.pb.go:497.63,497.64 0 0
github.com/piplabs/story/client/x/dkg/types/query.pb.go:498.73,500.2 1 0
github.com/piplabs/story/client/x/dkg/types/query.pb.go:501.76,503.2 1 0
github.com/piplabs/story/client/x/dkg/types/query.pb.go:504.104,505.19 1 0
github.com/piplabs/story/client/x/dkg/types/query.pb.go:505.19,507.3 1 0
github.com/piplabs/story/client/x/dkg/types/query.pb.go:507.8,510.17 3 0
github.com/piplabs/story/client/x/dkg/types/query.pb.go:510.17,512.4 1 0
github.com/piplabs/story/client/x/dkg/types/query.pb.go:513.3,513.20 1 0
github.com/piplabs/story/client/x/dkg/types/query.pb.go:516.75,518.2 1 0
github.com/piplabs/story/client/x/dkg/types/query.pb.go:519.61,521.2 1 0
github.com/piplabs/story/client/x/dkg/types/query.pb.go:522.67,524.2 1 0
github.com/piplabs/story/client/x/dkg/types/query.pb.go:528.64,529.14 1 0
github.com/piplabs/story/client/x/dkg/types/query.pb.go:529.14,531.3 1 0
github.com/piplabs/story/client/x/dkg/types/query.pb.go:532.2,532.10 1 0
github.com/piplabs/story/client/x/dkg/types/query.pb.go:535.76,536.14 1 0
github.com/piplabs/story/client/x/dkg/types/query.pb.go:536.14,538.3 1 0
github.com/piplabs/story/client/x/dkg/types/query.pb.go:539.2,539.11 1 0
github.com/piplabs/story/client/x/dkg/types/query.pb.go:542.81,543.14 1 0
github.com/piplabs/story/client/x/dkg/types/query.pb.go:543.14,545.3 1 0
github.com/piplabs/story/client/x/dkg/types/query.pb.go:546.2,546.12 1 0
github.com/piplabs/story/client/x/dkg/types/query.pb.go:554.63,554.109 1 0
github.com/piplabs/story/client/x/dkg/types/query.pb.go:555.63,555.100 1 0
github.com/piplabs/story/client/x/dkg/types/query.pb.go:556.64,556.65 0 0
github.com/piplabs/story/client/x/dkg/types/query.pb.go:557.74,559.2 1 0
github.com/piplabs/story/client/x/dkg/types/query.pb.go:560.77,562.2 1 0
github.com/piplabs/story/client/x/dkg/types/query.pb.go:563.105,564.19 1 0
github.com/piplabs/story/client/x/dkg/types/query.pb.go:564.19,566.3 1 0
github.com/piplabs/story/client/x/dkg/types/query.pb.go:566.8,569.17 3 0
github.com/piplabs/story/client/x/dkg/types/query.pb.go:569.17,571.4 1 0
github.com/piplabs/story/client/x/dkg/types/query.pb.go:572.3,572.20 1 0
github.com/piplabs/story/client/x/dkg/types/query.pb.go:575.76,577.2 1 0
github.com/piplabs/story/client/x/dkg/types/query.pb.go:578.62,580.2 1 0
github.com/piplabs/story/client/x/dkg/types/query.pb.go:581.68,583.2 1 0
github.com/piplabs/story/client/x/dkg/types/query.pb.go:587.84,588.14 1 0
github.com/piplabs/story/client/x/dkg/types/query.pb.go:588.14,590.3 1 0
github.com/piplabs/story/client/x/dkg/types/query.pb.go:591.2,591.12 1 0
github.com/piplabs/story/client/x/dkg/types/query.pb.go:594.83,595.14 1 0
github.com/piplabs/story/client/x/dkg/types/query.pb.go:595.14,597.3 1 0
github.com/piplabs/story/client/x/dkg/types/query.pb.go:598.2,598.12 1 0
github.com/piplabs/story/client/x/dkg/types/query.pb.go:606.62,608.2 1 0
github.com/piplabs/story/client/x/dkg/types/query.pb.go:609.70,611.2 1 0
github.com/piplabs/story/client/x/dkg/types/query.pb.go:612.68,612.69 0 0
github.com/piplabs/story/client/x/dkg/types/query.pb.go:613.81,615.2 1 0
github.com/piplabs/story/client/x/dkg/types/query.pb.go:616.84,618.2 1 0
github.com/piplabs/story/client/x/dkg/types/query.pb.go:619.112,620.19 1 0
github.com/piplabs/story/client/x/dkg/types/query.pb.go:620.19,622.3 1 0
github.com/piplabs/story/client/x/dkg/types/query.pb.go:622.8,625.17 3 0
github.com/piplabs/story/client/x/dkg/types/query.pb.go:625.17,627.4 1 0
github.com/piplabs/story/client/x/dkg/types/query.pb.go:628.3,628.20 1 0
github.com/piplabs/story/client/x/dkg/types/query.pb.go:631.83,633.2 1 0
github.com/piplabs/story/client/x/dkg/types/query.pb.go:634.69,636.2 1 0
github.com/piplabs/story/client/x/dkg/types/query.pb.go:637.75,639.2 1 0
github.com/piplabs/story/client/x/dkg/types/query.pb.go:643.72,644.14 1 0
github.com/piplabs/story/client/x/dkg/types/query.pb.go:644.14,646.3 1 0
github.com/piplabs/story/client/x/dkg/types/query.pb.go:647.2,647.10 1 0
github.com/piplabs/story/client/x/dkg/types/query.pb.go:650.84,651.14 1 0
github.com/piplabs/story/client/x/dkg/types/query.pb.go:651.14,653.3 1 0
github.com/piplabs/story/client/x/dkg/types/query.pb.go:654.2,654.11 1 0
github.com/piplabs/story/client/x/dkg/types/query.pb.go:661.63,663.2 1 0
github.com/piplabs/story/client/x/dkg/types/query.pb.go:664.71,666.2 1 0
github.com/piplabs/story/client/x/dkg/types/query.pb.go:667.69,667.70 0 0
github.com/piplabs/story/client/x/dkg/types/query.pb.go:668.82,670.2 1 0
github.com/piplabs/story/client/x/dkg/types/query.pb.go:671.85,673.2 1 0
github.com/piplabs/story/client/x/dkg/types/query.pb.go:674.113,675.19 1 0
github.com/piplabs/story/client/x/dkg/types/query.pb.go:675.19,677.3 1 0
github.com/piplabs/story/client/x/dkg/types/query.pb.go:677.8,680.17 3 0
github.com/piplabs/story/client/x/dkg/types/query.pb.go:680.17,682.4 1 0
github.com/piplabs/story/client/x/dkg/types/query.pb.go:683.3,683.20 1 0
github.com/piplabs/story/client/x/dkg/types/query.pb.go:686.84,688.2 1 0
github.com/piplabs/story/client/x/dkg/types/query.pb.go:689.70,691.2 1 0
github.com/piplabs/story/client/x/dkg/types/query.pb.go:692.76,694.2 1 0
github.com/piplabs/story/client/x/dkg/types/query.pb.go:698.92,699.14 1 0
github.com/piplabs/story/client/x/dkg/types/query.pb.go:699.14,701.3 1 0
github.com/piplabs/story/client/x/dkg/types/query.pb.go:702.2,702.12 1 0
github.com/piplabs/story/client/x/dkg/types/query.pb.go:708.65,708.113 1 0
github.com/piplabs/story/client/x/dkg/types/query.pb.go:709.65,709.102 1 0
github.com/piplabs/story/client/x/dkg/types/query.pb.go:710.66,710.67 0 0
github.com/piplabs/story/client/x/dkg/types/query.pb.go:711.76,713.2 1 0
github.com/piplabs/story/client/x/dkg/types/query.pb.go:714.79,716.2 1 0
github.com/piplabs/story/client/x/dkg/types/query.pb.go:717.107,718.19 1 0
github.com/piplabs/story/client/x/dkg/types/query.pb.go:718.19,720.3 1 0
github.com/piplabs/story/client/x/dkg/types/query.pb.go:720.8,723.17 3 0
github.com/piplabs/story/client/x/dkg/types/query.pb.go:723.17,725.4 1 0
github.com/piplabs/story/client/x/dkg/types/query.pb.go:726.3,726.20 1 0
github.com/piplabs/story/client/x/dkg/types/query.pb.go:729.78,731.2 1 0
github.com/piplabs/story/client/x/dkg/types/query.pb.go:732.64,734.2 1 0
github.com/piplabs/story/client/x/dkg/types/query.pb.go:735.70,737.2 1 0
github.com/piplabs/story/client/x/dkg/types/query.pb.go:745.58,747.2 1 0
github.com/piplabs/story/client/x/dkg/types/query.pb.go:748.66,748.103 1 0
github.com/piplabs/story/client/x/dkg/types/query.pb.go:749.67,749.68 0 0
github.com/piplabs/story/client/x/dkg/types/query.pb.go:750.77,752.2 1 0
github.com/piplabs/story/client/x/dkg/types/query.pb.go:753.80,755.2 1 0
github.com/piplabs/story/client/x/dkg/types/query.pb.go:756.108,757.19 1 0
github.com/piplabs/story/client/x/dkg/types/query.pb.go:757.19,759.3 1 0
github.com/piplabs/story/client/x/dkg/types/query.pb.go:759.8,762.17 3 0
github.com/piplabs/story/client/x/dkg/types/query.pb.go:762.17,764.4 1 0
github.com/piplabs/story/client/x/dkg/types/query.pb.go:765.3,765.20 1 0
github.com/piplabs/story/client/x/dkg/types/query.pb.go:768.79,770.2 1 0
github.com/piplabs/story/client/x/dkg/types/query.pb.go:771.65,773.2 1 0
github.com/piplabs/story/client/x/dkg/types/query.pb.go:774.71,776.2 1 0
github.com/piplabs/story/client/x/dkg/types/query.pb.go:780.74,781.14 1 0
github.com/piplabs/story/client/x/dkg/types/query.pb.go:781.14,783.3 1 0
github.com/piplabs/story/client/x/dkg/types/query.pb.go:784.2,784.21 1 0
github.com/piplabs/story/client/x/dkg/types/query.pb.go:792.54,792.91 1 0
github.com/piplabs/story/client/x/dkg/types/query.pb.go:793.54,793.91 1 0
github.com/piplabs/story/client/x/dkg/types/query.pb.go:794.55,794.56 0 0
github.com/piplabs/story/client/x/dkg/types/query.pb.go:795.65,797.2 1 0
github.com/piplabs/story/client/x/dkg/types/query.pb.go:798.68,800.2 1 0
github.com/piplabs/story/client/x/dkg/types/query.pb.go:801.96,802.19 1 0
github.com/piplabs/story/client/x/dkg/types/query.pb.go:802.19,804.3 1 0
github.com/piplabs/story/client/x/dkg/types/query.pb.go:804.8,807.17 3 0
github.com/piplabs/story/client/x/dkg/types/query.pb.go:807.17,809.4 1 0
github.com/piplabs/story/client/x/dkg/types/query.pb.go:810.3,810.20 1 0
github.com/piplabs/story/client/x/dkg/types/query.pb.go:813.67,815.2 1 0
github.com/piplabs/story/client/x/dkg/types/query.pb.go:816.53,818.2 1 0
github.com/piplabs/story/client/x/dkg/types/query.pb.go:819.59,821.2 1 0
github.com/piplabs/story/client/x/dkg/types/query.pb.go:825.55,826.14 1 0
github.com/piplabs/story/client/x/dkg/types/query.pb.go:826.14,828.3 1 0
github.com/piplabs/story/client/x/dkg/types/query.pb.go:829.2,829.10 1 0
github.com/piplabs/story/client/x/dkg/types/query.pb.go:832.69,833.14 1 0
github.com/piplabs/story/client/x/dkg/types/query.pb.go:833.14,835.3 1 0
github.com/piplabs/story/client/x/dkg/types/query.pb.go:836.2,836.11 1 0
github.com/piplabs/story/client/x/dkg/types/query.pb.go:843.55,843.93 1 0
github.com/piplabs/story/client/x/dkg/types/query.pb.go:844.55,844.92 1 0
github.com/piplabs/story/client/x/dkg/types/query.pb.go:845.56,845.57 0 0
github.com/piplabs/story/client/x/dkg/types/query.pb.go:846.66,848.2 1 0
github.com/piplabs/story/client/x/dkg/types/query.pb.go:849.69,851.2 1 0
github.com/piplabs/story/client/x/dkg/types/query.pb.go:852.97,853.19 1 0
github.com/piplabs/story/client/x/dkg/types/query.pb.go:853.19,855.3 1 0
github.com/piplabs/story/client/x/dkg/types/query.pb.go:855.8,858.17 3 0
github.com/piplabs/story/client/x/dkg/types/query.pb.go:858.17,860.4 1 0
github.com/piplabs/story/client/x/dkg/types/query.pb.go:861.3,861.20 1 0
github.com/piplabs/story/client/x/dkg/types/query.pb.go:864.68,866.2 1 0
github.com/piplabs/story/client/x/dkg/types/query.pb.go:867.54,869.2 1 0
github.com/piplabs/story/client/x/dkg/types/query.pb.go:870.60,872.2 1 0
github.com/piplabs/story/client/x/dkg/types/query.pb.go:876.97,877.14 1 0
github.com/piplabs/story/client/x/dkg/types/query.pb.go:877.14,879.3 1 0
github.com/piplabs/story/client/x/dkg/types/query.pb.go:880.2,880.12 1 0
github.com/piplabs/story/client/x/dkg/types/query.pb.go:883.13,902.2 18 1
github.com/piplabs/story/client/x/dkg/types/query.pb.go:904.13,904.102 1 1
github.com/piplabs/story/client/x/dkg/types/query.pb.go:1010.54,1012.2 1 0
github.com/piplabs/story/client/x/dkg/types/query.pb.go:1014.130,1017.16 3 0
github.com/piplabs/story/client/x/dkg/types/query.pb.go:1017.16,1019.3 1 0
github.com/piplabs/story/client/x/dkg/types/query.pb.go:1020.2,1020.17 1 0
github.com/piplabs/story/client/x/dkg/types/query.pb.go:1023.151,1026.16 3 0
github.com/piplabs/story/client/x/dkg/types/query.pb.go:1026.16,1028.3 1 0
github.com/piplabs/story/client/x/dkg/types/query.pb.go:1029.2,1029.17 1 0
github.com/piplabs/story/client/x/dkg/types/query.pb.go:1032.169,1035.16 3 0
github.com/piplabs/story/client/x/dkg/types/query.pb.go:1035.16,1037.3 1 0
github.com/piplabs/story/client/x/dkg/types/query.pb.go:1038.2,1038.17 1 0
github.com/piplabs/story/client/x/dkg/types/query.pb.go:1041.163,1044.16 3 0
github.com/piplabs/story/client/x/dkg/types/query.pb.go:1044.16,1046.3 1 0
github.com/piplabs/story/client/x/dkg/types/query.pb.go:1047.2,1047.17 1 0
github.com/piplabs/story/client/x/dkg/types/query.pb.go:1050.166,1053.16 3 0
github.com/piplabs/story/client/x/dkg/types/query.pb.go:1053.16,1055.3 1 0
github.com/piplabs/story/client/x/dkg/types/query.pb.go:1056.2,1056.17 1 0
github.com/piplabs/story/client/x/dkg/types/query.pb.go:1059.178,1062.16 3 0
github.com/piplabs/story/client/x/dkg/types/query.pb.go:1062.16,1064.3 1 0
github.com/piplabs/story/client/x/dkg/types/query.pb.go:1065.2,1065.17 1 0
github.com/piplabs/story/client/x/dkg/types/query.pb.go:1068.202,1071.16 3 0
github.com/piplabs/story/client/x/dkg/types/query.pb.go:1071.16,1073.3 1 0
github.com/piplabs/story/client/x/dkg/types/query.pb.go:1074.2,1074.17 1 0
github.com/piplabs/story/client/x/dkg/types/query.pb.go:1077.187,1080.16 3 0
github.com/piplabs/story/client/x/dkg/types/query.pb.go:1080.16,1082.3 1 0
github.com/piplabs/story/client/x/dkg/types/query.pb.go:1083.2,1083.17 1 0
github.com/piplabs/story/client/x/dkg/types/query.pb.go:1086.154,1089.16 3 0
github.com/piplabs/story/client/x/dkg/types/query.pb.go:1089.16,1091.3 1 0
github.com/piplabs/story/client/x/dkg/types/query.pb.go:1092.2,1092.17 1 0
github.com/piplabs/story/client/x/dkg/types/query.pb.go:1112.117,1114.2 1 0
github.com/piplabs/story/client/x/dkg/types/query.pb.go:1115.138,1117.2 1 0
github.com/piplabs/story/client/x/dkg/types/query.pb.go:1118.156,1120.2 1 0
github.com/piplabs/story/client/x/dkg/types/query.pb.go:1121.150,1123.2 1 0
github.com/piplabs/story/client/x/dkg/types/query.pb.go:1124.153,1126.2 1 0
github.com/piplabs/story/client/x/dkg/types/query.pb.go:1127.165,1129.2 1 0
github.com/piplabs/story/client/x/dkg/types/query.pb.go:1130.189,1132.2 1 0
github.com/piplabs/story/client/x/dkg/types/query.pb.go:1133.174,1135.2 1 0
github.com/piplabs/story/client/x/dkg/types/query.pb.go:1136.141,1138.2 1 0
github.com/piplabs/story/client/x/dkg/types/query.pb.go:1140.59,1142.2 1 0
github.com/piplabs/story/client/x/dkg/types/query.pb.go:1144.157,1146.32 2 0
github.com/piplabs/story/client/x/dkg/types/query.pb.go:1146.32,1148.3 1 0
github.com/piplabs/story/client/x/dkg/types/query.pb.go:1149.2,1149.24 1 0
github.com/piplabs/story/client/x/dkg/types/query.pb.go:1149.24,1151.3 1 0
github.com/piplabs/story/client/x/dkg/types/query.pb.go:1152.2,1156.77 2 0
github.com/piplabs/story/client/x/dkg/types/query.pb.go:1156.77,1158.3 1 0
github.com/piplabs/story/client/x/dkg/types/query.pb.go:1159.2,1159.44 1 0
github.com/piplabs/story/client/x/dkg/types/query.pb.go:1162.164,1164.32 2 0
github.com/piplabs/story/client/x/dkg/types/query.pb.go:1164.32,1166.3 1 0
github.com/piplabs/story/client/x/dkg/types/query.pb.go:1167.2,1167.24 1 0
github.com/piplabs/story/client/x/dkg/types/query.pb.go:1167.24,1169.3 1 0
github.com/piplabs/story/client/x/dkg/types/query.pb.go:1170.2,1174.77 2 0
github.com/piplabs/story/client/x/dkg/types/query.pb.go:1174.77,1176.3 1 0
github.com/piplabs/story/client/x/dkg/types/query.pb.go:1177.2,1177.44 1 0
github.com/piplabs/story/client/x/dkg/types/query.pb.go:1180.170,1182.32 2 0
github.com/piplabs/story/client/x/dkg/types/query.pb.go:1182.32,1184.3 1 0
github.com/piplabs/story/client/x/dkg/types/query.pb.go:1185.2,1185.24 1 0
github.com/piplabs/story/client/x/dkg/types/query.pb.go:1185.24,1187.3 1 0
github.com/piplabs/story/client/x/dkg/types/query.pb.go:1188.2,1192.77 2 0
github.com/piplabs/story/client/x/dkg/types/query.pb.go:1192.77,1194.3 1 0
github.com/piplabs/story/client/x/dkg/types/query.pb.go:1195.2,1195.44 1 0
github.com/piplabs/story/client/x/dkg/types/query.pb.go:1198.168,1200.32 2 0
github.com/piplabs/story/client/x/dkg/types/query.pb.go:1200.32,1202.3 1 0
github.com/piplabs/story/client/x/dkg/types/query.pb.go:1203.2,1203.24 1 0
github.com/piplabs/story/client/x/dkg/types/query.pb.go:1203.24,1205.3 1 0
github.com/piplabs/story/client/x/dkg/types/query.pb.go:1206.2,1210.77 2 0
github.com/piplabs/story/client/x/dkg/types/query.pb.go:1210.77,1212.3 1 0
github.com/piplabs/story/client/x/dkg/types/query.pb.go:1213.2,1213.44 1 0
github.com/piplabs/story/client/x/dkg/types/query.pb.go:1216.169,1218.32 2 0
github.com/piplabs/story/client/x/dkg/types/query.pb.go:1218.32,1220.3 1 0
github.com/piplabs/story/client/x/dkg/types/query.pb.go:1221.2,1221.24 1 0
github.com/piplabs/story/client/x/dkg/types/query.pb.go:1221.24,1223.3 1 0
github.com/piplabs/story/client/x/dkg/types/query.pb.go:1224.2,1228.77 2 0
github.com/piplabs/story/client/x/dkg/types/query.pb.go:1228.77,1230.3 1 0
github.com/piplabs/story/client/x/dkg/types/query.pb.go:1231.2,1231.44 1 0
github.com/piplabs/story/client/x/dkg/types/query.pb.go:1234.173,1236.32 2 0
github.com/piplabs/story/client/x/dkg/types/query.pb.go:1236.32,1238.3 1 0
github.com/piplabs/story/client/x/dkg/types/query.pb.go:1239.2,1239.24 1 0
github.com/piplabs/story/client/x/dkg/types/query.pb.go:1239.24,1241.3 1 0
github.com/piplabs/story/client/x/dkg/types/query.pb.go:1242.2,1246.77 2 0
github.com/piplabs/story/client/x/dkg/types/query.pb.go:1246.77,1248.3 1 0
github.com/piplabs/story/client/x/dkg/types/query.pb.go:1249.2,1249.44 1 0
github.com/piplabs/story/client/x/dkg/types/query.pb.go:1252.181,1254.32 2 0
github.com/piplabs/story/client/x/dkg/types/query.pb.go:1254.32,1256.3 1 0
github.com/piplabs/story/client/x/dkg/types/query.pb.go:1257.2,1257.24 1 0
github.com/piplabs/story/client/x/dkg/types/query.pb.go:1257.24,1259.3 1 0
github.com/piplabs/story/client/x/dkg/types/query.pb.go:1260.2,1264.77 2 0
github.com/piplabs/story/client/x/dkg/types/query.pb.go:1264.77,1266.3 1 0
github.com/piplabs/story/client/x/dkg/types/query.pb.go:1267.2,1267.44 1 0
github.com/piplabs/story/client/x/dkg/types/query.pb.go:1270.176,1272.32 2 0
github.com/piplabs/story/client/x/dkg/types/query.pb.go:1272.32,1274.3 1 0
github.com/piplabs/story/client/x/dkg/types/query.pb.go:1275.2,1275.24 1 0
github.com/piplabs/story/client/x/dkg/types/query.pb.go:1275.24,1277.3 1 0
github.com/piplabs/story/client/x/dkg/types/query.pb.go:1278.2,1282.77 2 0
github.com/piplabs/story/client/x/dkg/types/query.pb.go:1282.77,1284.3 1 0
github.com/piplabs/story/client/x/dkg/types/query.pb.go:1285.2,1285.44 1 0
github.com/piplabs/story/client/x/dkg/types/query.pb.go:1288.165,1290.32 2 0
github.com/piplabs/story/client/x/dkg/types/query.pb.go:1290.32,1292.3 1 0
github.com/piplabs/story/client/x/dkg/types/query.pb.go:1293.2,1293.24 1 0
github.com/piplabs/story/client/x/dkg/types/query.pb.go:1293.24,1295.3 1 0
github.com/piplabs/story/client/x/dkg/types/query.pb.go:1296.2,1300.77 2 0
github.com/piplabs/story/client/x/dkg/types/query.pb.go:1300.77,1302.3 1 0
github.com/piplabs/story/client/x/dkg/types/query.pb.go:1303.2,1303.44 1 0
github.com/piplabs/story/client/x/dkg/types/query.pb.go:1352.65,1356.16 4 0
github.com/piplabs/story/client/x/dkg/types/query.pb.go:1356.16,1358.3 1 0
github.com/piplabs/story/client/x/dkg/types/query.pb.go:1359.2,1359.22 1 0
github.com/piplabs/story/client/x/dkg/types/query.pb.go:1362.66,1365.2 2 0
github.com/piplabs/story/client/x/dkg/types/query.pb.go:1367.77,1373.2 5 0
github.com/piplabs/story/client/x/dkg/types/query.pb.go:1375.66,1379.16 4 0
github.com/piplabs/story/client/x/dkg/types/query.pb.go:1379.16,1381.3 1 0
github.com/piplabs/story/client/x/dkg/types/query.pb.go:1382.2,1382.22 1 0
github.com/piplabs/story/client/x/dkg/types/query.pb.go:1385.67,1388.2 2 0
github.com/piplabs/story/client/x/dkg/types/query.pb.go:1390.78,1395.2 5 0
github.com/piplabs/story/client/x/dkg/types/query.pb.go:1395.2,1397.17 2 0
github.com/piplabs/story/client/x/dkg/types/query.pb.go:1397.17,1399.4 1 0
github.com/piplabs/story/client/x/dkg/types/query.pb.go:1400.3,1401.47 2 0
github.com/piplabs/story/client/x/dkg/types/query.pb.go:1403.2,1405.27 3 0
github.com/piplabs/story/client/x/dkg/types/query.pb.go:1408.72,1412.16 4 0
github.com/piplabs/story/client/x/dkg/types/query.pb.go:1412.16,1414.3 1 0
github.com/piplabs/story/client/x/dkg/types/query.pb.go:1415.2,1415.22 1 0
github.com/piplabs/story/client/x/dkg/types/query.pb.go:1418.73,1421.2 2 0
github.com/piplabs/story/client/x/dkg/types/query.pb.go:1423.84,1428.34 5 0
github.com/piplabs/story/client/x/dkg/types/query.pb.go:1428.34,1434.3 5 0
github.com/piplabs/story/client/x/dkg/types/query.pb.go:1435.2,1435.18 1 0
github.com/piplabs/story/client/x/dkg/types/query.pb.go:1435.18,1439.3 3 0
github.com/piplabs/story/client/x/dkg/types/query.pb.go:1440.2,1440.27 1 0
github.com/piplabs/story/client/x/dkg/types/query.pb.go:1443.73,1447.16 4 0
github.com/piplabs/story/client/x/dkg/types/query.pb.go:1447.16,1449.3 1 0
github.com/piplabs/story/client/x/dkg/types/query.pb.go:1450.2,1450.22 1 0
github.com/piplabs/story/client/x/dkg/types/query.pb.go:1453.74,1456.2 2 0
github.com/piplabs/story/client/x/dkg/types/query.pb.go:1458.85,1463.2 5 0
github.com/piplabs/story/client/x/dkg/types/query.pb.go:1463.2,1465.17 2 0
github.com/piplabs/story/client/x/dkg/types/query.pb.go:1465.17,1467.4 1 0
github.com/piplabs/story/client/x/dkg/types/query.pb.go:1468.3,1469.47 2 0
github.com/piplabs/story/client/x/dkg/types/query.pb.go:1471.2,1473.27 3 0
github.com/piplabs/story/client/x/dkg/types/query.pb.go:1476.78,1480.16 4 0
github.com/piplabs/story/client/x/dkg/types/query.pb.go:1480.16,1482.3 1 0
github.com/piplabs/story/client/x/dkg/types/query.pb.go:1483.2,1483.22 1 0
github.com/piplabs/story/client/x/dkg/types/query.pb.go:1486.79,1489.2 2 0
github.com/piplabs/story/client/x/dkg/types/query.pb.go:1491.90,1497.2 5 0
github.com/piplabs/story/client/x/dkg/types/query.pb.go:1499.79,1503.16 4 0
github.com/piplabs/story/client/x/dkg/types/query.pb.go:1503.16,1505.3 1 0
github.com/piplabs/story/client/x/dkg/types/query.pb.go:1506.2,1506.22 1 0
github.com/piplabs/story/client/x/dkg/types/query.pb.go:1509.80,1512.2 2 0
github.com/piplabs/story/client/x/dkg/types/query.pb.go:1514.91,1519.2 5 0
github.com/piplabs/story/client/x/dkg/types/query.pb.go:1519.2,1521.17 2 0
github.com/piplabs/story/client/x/dkg/types/query.pb.go:1521.17,1523.4 1 0
github.com/piplabs/story/client/x/dkg/types/query.pb.go:1524.3,1525.47 2 0
github.com/piplabs/story/client/x/dkg/types/query.pb.go:1527.2,1529.27 3 0
github.com/piplabs/story/client/x/dkg/types/query.pb.go:1532.76,1536.16 4 0
github.com/piplabs/story/client/x/dkg/types/query.pb.go:1536.16,1538.3 1 0
github.com/piplabs/story/client/x/dkg/types/query.pb.go:1539.2,1539.22 1 0
github.com/piplabs/story/client/x/dkg/types/query.pb.go:1542.77,1545.2 2 0
github.com/piplabs/story/client/x/dkg/types/query.pb.go:1547.88,1552.25 5 0
github.com/piplabs/story/client/x/dkg/types/query.pb.go:1552.25,1553.3 1 0
github.com/piplabs/story/client/x/dkg/types/query.pb.go:1553.3,1555.18 2 0
github.com/piplabs/story/client/x/dkg/types/query.pb.go:1555.18,1557.5 1 0
github.com/piplabs/story/client/x/dkg/types/query.pb.go:1558.4,1559.48 2 0
github.com/piplabs/story/client/x/dkg/types/query.pb.go:1561.3,1562.16 2 0
github.com/piplabs/story/client/x/dkg/types/query.pb.go:1564.2,1564.27 1 0
github.com/piplabs/story/client/x/dkg/types/query.pb.go:1567.77,1571.16 4 0
github.com/piplabs/story/client/x/dkg/types/query.pb.go:1571.16,1573.3 1 0
github.com/piplabs/story/client/x/dkg/types/query.pb.go:1574.2,1574.22 1 0
github.com/piplabs/story/client/x/dkg/types/query.pb.go:1577.78,1580.2 2 0
github.com/piplabs/story/client/x/dkg/types/query.pb.go:1582.89,1587.25 5 0
github.com/piplabs/story/client/x/dkg/types/query.pb.go:1587.25,1588.3 1 0
github.com/piplabs/story/client/x/dkg/types/query.pb.go:1588.3,1590.18 2 0
github.com/piplabs/story/client/x/dkg/types/query.pb.go:1590.18,1592.5 1 0
github.com/piplabs/story/client/x/dkg/types/query.pb.go:1593.4,1594.48 2 0
github.com/piplabs/story/client/x/dkg/types/query.pb.go:1596.3,1597.17 2 0
github.com/piplabs/story/client/x/dkg/types/query.pb.go:1599.2,1599.25 1 0
github.com/piplabs/story/client/x/dkg/types/query.pb.go:1599.25,1600.57 1 0
github.com/piplabs/story/client/x/dkg/types/query.pb.go:1600.57,1601.4 1 0
github.com/piplabs/story/client/x/dkg/types/query.pb.go:1601.4,1603.19 2 0
github.com/piplabs/story/client/x/dkg/types/query.pb.go:1603.19,1605.6 1 0
github.com/piplabs/story/client/x/dkg/types/query.pb.go:1606.5,1607.49 2 0
github.com/piplabs/story/client/x/dkg/types/query.pb.go:1609.4,1610.17 2 0
github.com/piplabs/story/client/x/dkg/types/query.pb.go:1613.2,1613.27 1 0
github.com/piplabs/story/client/x/dkg/types/query.pb.go:1616.77,1620.16 4 0
github.com/piplabs/story/client/x/dkg/types/query.pb.go:1620.16,1622.3 1 0
github.com/piplabs/story/client/x/dkg/types/query.pb.go:1623.2,1623.22 1 0
github.com/piplabs/story/client/x/dkg/types/query.pb.go:1626.78,1629.2 2 0
github.com/piplabs/story/client/x/dkg/types/query.pb.go:1631.89,1636.33 5 0
github.com/piplabs/story/client/x/dkg/types/query.pb.go:1636.33,1642.3 5 0
github.com/piplabs/story/client/x/dkg/types/query.pb.go:1643.2,1643.34 1 0
github.com/piplabs/story/client/x/dkg/types/query.pb.go:1643.34,1649.3 5 0
github.com/piplabs/story/client/x/dkg/types/query.pb.go:1650.2,1650.18 1 0
github.com/piplabs/story/client/x/dkg/types/query.pb.go:1650.18,1654.3 3 0
github.com/piplabs/story/client/x/dkg/types/query.pb.go:1655.2,1655.27 1 0
github.com/piplabs/story/client/x/dkg/types/query.pb.go:1658.78,1662.16 4 0
github.com/piplabs/story/client/x/dkg/types/query.pb.go:1662.16,1664.3 1 0
github.com/piplabs/story/client/x/dkg/types/query.pb.go:1665.2,1665.22 1 0
github.com/piplabs/story/client/x/dkg/types/query.pb.go:1668.79,1671.2 2 0
github.com/piplabs/story/client/x/dkg/types/query.pb.go:1673.90,1678.2 5 0
github.com/piplabs/story/client/x/dkg/types/query.pb.go:1678.2,1680.17 2 0
github.com/piplabs/story/client/x/dkg/types/query.pb.go:1680.17,1682.4 1 0
github.com/piplabs/story/client/x/dkg/types/query.pb.go:1683.3,1684.47 2 0
github.com/piplabs/story/client/x/dkg/types/query.pb.go:1686.2,1688.27 3 0
github.com/piplabs/story/client/x/dkg/types/query.pb.go:1691.81,1695.16 4 0
github.com/piplabs/story/client/x/dkg/types/query.pb.go:1695.16,1697.3 1 0
github.com/piplabs/story/client/x/dkg/types/query.pb.go:1698.2,1698.22 1 0
github.com/piplabs/story/client/x/dkg/types/query.pb.go:1701.82,1704.2 2 0
github.com/piplabs/story/client/x/dkg/types/query.pb.go:1706.93,1711.25 5 0
github.com/piplabs/story/client/x/dkg/types/query.pb.go:1711.25,1712.3 1 0
github.com/piplabs/story/client/x/dkg/types/query.pb.go:1712.3,1714.18 2 0
github.com/piplabs/story/client/x/dkg/types/query.pb.go:1714.18,1716.5 1 0
github.com/piplabs/story/client/x/dkg/types/query.pb.go:1717.4,1718.48 2 0
github.com/piplabs/story/client/x/dkg/types/query.pb.go:1720.3,1721.17 2 0
github.com/piplabs/story/client/x/dkg/types/query.pb.go:1723.2,1723.34 1 0
github.com/piplabs/story/client/x/dkg/types/query.pb.go:1723.34,1729.3 5 0
github.com/piplabs/story/client/x/dkg/types/query.pb.go:1730.2,1730.18 1 0
github.com/piplabs/story/client/x/dkg/types/query.pb.go:1730.18,1734.3 3 0
github.com/piplabs/story/client/x/dkg/types/query.pb.go:1735.2,1735.27 1 0
github.com/piplabs/story/client/x/dkg/types/query.pb.go:1738.82,1742.16 4 0
github.com/piplabs/story/client/x/dkg/types/query.pb.go:1742.16,1744.3 1 0
github.com/piplabs/story/client/x/dkg/types/query.pb.go:1745.2,1745.22 1 0
github.com/piplabs/story/client/x/dkg/types/query.pb.go:1748.83,1751.2 2 0
github.com/piplabs/story/client/x/dkg/types/query.pb.go:1753.94,1758.25 5 0
github.com/piplabs/story/client/x/dkg/types/query.pb.go:1758.25,1759.3 1 0
github.com/piplabs/story/client/x/dkg/types/query.pb.go:1759.3,1761.18 2 0
github.com/piplabs/story/client/x/dkg/types/query.pb.go:1761.18,1763.5 1 0
github.com/piplabs/story/client/x/dkg/types/query.pb.go:1764.4,1765.48 2 0
github.com/piplabs/story/client/x/dkg/types/query.pb.go:1767.3,1768.17 2 0
github.com/piplabs/story/client/x/dkg/types/query.pb.go:1770.2,1770.30 1 0
github.com/piplabs/story/client/x/dkg/types/query.pb.go:1770.30,1771.62 1 0
github.com/piplabs/story/client/x/dkg/types/query.pb.go:1771.62,1772.4 1 0
github.com/piplabs/story/client/x/dkg/types/query.pb.go:1772.4,1774.19 2 0
github.com/piplabs/story/client/x/dkg/types/query.pb.go:1774.19,1776.6 1 0
github.com/piplabs/story/client/x/dkg/types/query.pb.go:1777.5,1778.49 2 0
github.com/piplabs/story/client/x/dkg/types/query.pb.go:1780.4,1781.17 2 0
github.com/piplabs/story/client/x/dkg/types/query.pb.go:1784.2,1784.27 1 0
github.com/piplabs/story/client/x/dkg/types/query.pb.go:1787.89,1791.16 4 0
github.com/piplabs/story/client/x/dkg/types/query.pb.go:1791.16,1793.3 1 0
github.com/piplabs/story/client/x/dkg/types/query.pb.go:1794.2,1794.22 1 0
github.com/piplabs/story/client/x/dkg/types/query.pb.go:1797.90,1800.2 2 0
github.com/piplabs/story/client/x/dkg/types/query.pb.go:1802.101,1807.34 5 0
github.com/piplabs/story/client/x/dkg/types/query.pb.go:1807.34,1813.3 5 0
github.com/piplabs/story/client/x/dkg/types/query.pb.go:1814.2,1814.18 1 0
github.com/piplabs/story/client/x/dkg/types/query.pb.go:1814.18,1818.3 3 0
github.com/piplabs/story/client/x/dkg/types/query.pb.go:1819.2,1819.27 1 0
github.com/piplabs/story/client/x/dkg/types/query.pb.go:1822.90,1826.16 4 0
github.com/piplabs/story/client/x/dkg/types/query.pb.go:1826.16,1828.3 1 0
github.com/piplabs/story/client/x/dkg/types/query.pb.go:1829.2,1829.22 1 0
github.com/piplabs/story/client/x/dkg/types/query.pb.go:1832.91,1835.2 2 0
github.com/piplabs/story/client/x/dkg/types/query.pb.go:1837.102,1842.30 5 0
github.com/piplabs/story/client/x/dkg/types/query.pb.go:1842.30,1843.62 1 0
github.com/piplabs/story/client/x/dkg/types/query.pb.go:1843.62,1844.4 1 0
github.com/piplabs/story/client/x/dkg/types/query.pb.go:1844.4,1846.19 2 0
github.com/piplabs/story/client/x/dkg/types/query.pb.go:1846.19,1848.6 1 0
github.com/piplabs/story/client/x/dkg/types/query.pb.go:1849.5,1850.49 2 0
github.com/piplabs/story/client/x/dkg/types/query.pb.go:1852.4,1853.17 2 0
github.com/piplabs/story/client/x/dkg/types/query.pb.go:1856.2,1856.27 1 0
github.com/piplabs/story/client/x/dkg/types/query.pb.go:1859.84,1863.16 4 0
github.com/piplabs/story/client/x/dkg/types/query.pb.go:1863.16,1865.3 1 0
github.com/piplabs/story/client/x/dkg/types/query.pb.go:1866.2,1866.22 1 0
github.com/piplabs/story/client/x/dkg/types/query.pb.go:1869.85,1872.2 2 0
github.com/piplabs/story/client/x/dkg/types/query.pb.go:1874.96,1880.2 5 0
github.com/piplabs/story/client/x/dkg/types/query.pb.go:1882.85,1886.16 4 0
github.com/piplabs/story/client/x/dkg/types/query.pb.go:1886.16,1888.3 1 0
github.com/piplabs/story/client/x/dkg/types/query.pb.go:1889.2,1889.22 1 0
github.com/piplabs/story/client/x/dkg/types/query.pb.go:1892.86,1895.2 2 0
github.com/piplabs/story/client/x/dkg/types/query.pb.go:1897.97,1902.2 5 0
github.com/piplabs/story/client/x/dkg/types/query.pb.go:1902.2,1904.17 2 0
github.com/piplabs/story/client/x/dkg/types/query.pb.go:1904.17,1906.4 1 0
github.com/piplabs/story/client/x/dkg/types/query.pb.go:1907.3,1908.47 2 0
github.com/piplabs/story/client/x/dkg/types/query.pb.go:1910.2,1912.27 3 0
github.com/piplabs/story/client/x/dkg/types/query.pb.go:1915.73,1919.16 4 0
github.com/piplabs/story/client/x/dkg/types/query.pb.go:1919.16,1921.3 1 0
github.com/piplabs/story/client/x/dkg/types/query.pb.go:1922.2,1922.22 1 0
github.com/piplabs/story/client/x/dkg/types/query.pb.go:1925.74,1928.2 2 0
github.com/piplabs/story/client/x/dkg/types/query.pb.go:1930.85,1935.35 5 0
github.com/piplabs/story/client/x/dkg/types/query.pb.go:1935.35,1941.3 5 0
github.com/piplabs/story/client/x/dkg/types/query.pb.go:1942.2,1942.17 1 0
github.com/piplabs/story/client/x/dkg/types/query.pb.go:1942.17,1946.3 3 0
github.com/piplabs/story/client/x/dkg/types/query.pb.go:1947.2,1947.27 1 0
github.com/piplabs/story/client/x/dkg/types/query.pb.go:1950.74,1954.16 4 0
github.com/piplabs/story/client/x/dkg/types/query.pb.go:1954.16,1956.3 1 0
github.com/piplabs/story/client/x/dkg/types/query.pb.go:1957.2,1957.22 1 0
github.com/piplabs/story/client/x/dkg/types/query.pb.go:1960.75,1963.2 2 0
github.com/piplabs/story/client/x/dkg/types/query.pb.go:1965.86,1970.28 5 0
github.com/piplabs/story/client/x/dkg/types/query.pb.go:1970.28,1971.60 1 0
github.com/piplabs/story/client/x/dkg/types/query.pb.go:1971.60,1972.4 1 0
github.com/piplabs/story/client/x/dkg/types/query.pb.go:1972.4,1974.19 2 0
github.com/piplabs/story/client/x/dkg/types/query.pb.go:1974.19,1976.6 1 0
github.com/piplabs/story/client/x/dkg/types/query.pb.go:1977.5,1978.49 2 0
github.com/piplabs/story/client/x/dkg/types/query.pb.go:1980.4,1981.17 2 0
github.com/piplabs/story/client/x/dkg/types/query.pb.go:1984.2,1984.27 1 0
github.com/piplabs/story/client/x/dkg/types/query.pb.go:1987.63,1990.16 3 0
github.com/piplabs/story/client/x/dkg/types/query.pb.go:1990.16,1994.3 3 0
github.com/piplabs/story/client/x/dkg/types/query.pb.go:1995.2,1996.13 2 0
github.com/piplabs/story/client/x/dkg/types/query.pb.go:1998.45,1999.14 1 0
github.com/piplabs/story/client/x/dkg/types/query.pb.go:1999.14,2001.3 1 0
github.com/piplabs/story/client/x/dkg/types/query.pb.go:2002.2,2004.10 3 0
github.com/piplabs/story/client/x/dkg/types/query.pb.go:2007.46,2008.14 1 0
github.com/piplabs/story/client/x/dkg/types/query.pb.go:2008.14,2010.3 1 0
github.com/piplabs/story/client/x/dkg/types/query.pb.go:2011.2,2015.10 5 0
github.com/piplabs/story/client/x/dkg/types/query.pb.go:2018.52,2019.14 1 0
github.com/piplabs/story/client/x/dkg/types/query.pb.go:2019.14,2021.3 1 0
github.com/piplabs/story/client/x/dkg/types/query.pb.go:2022.2,2024.18 3 0
github.com/piplabs/story/client/x/dkg/types/query.pb.go:2024.18,2026.3 1 0
github.com/piplabs/story/client/x/dkg/types/query.pb.go:2027.2,2028.11 2 0
github.com/piplabs/story/client/x/dkg/types/query.pb.go:2028.11,2030.3 1 0
github.com/piplabs/story/client/x/dkg/types/query.pb.go:2031.2,2031.10 1 0
github.com/piplabs/story/client/x/dkg/types/query.pb.go:2034.53,2035.14 1 0
github.com/piplabs/story/client/x/dkg/types/query.pb.go:2035.14,2037.3 1 0
github.com/piplabs/story/client/x/dkg/types/query.pb.go:2038.2,2042.10 5 0
github.com/piplabs/story/client/x/dkg/types/query.pb.go:2045.58,2046.14 1 0
github.com/piplabs/story/client/x/dkg/types/query.pb.go:2046.14,2048.3 1 0
github.com/piplabs/story/client/x/dkg/types/query.pb.go:2049.2,2051.10 3 0
github.com/piplabs/story/client/x/dkg/types/query.pb.go:2054.59,2055.14 1 0
github.com/piplabs/story/client/x/dkg/types/query.pb.go:2055.14,2057.3 1 0
github.com/piplabs/story/client/x/dkg/types/query.pb.go:2058.2,2062.10 5 0
github.com/piplabs/story/client/x/dkg/types/query.pb.go:2065.56,2066.14 1 0
github.com/piplabs/story/client/x/dkg/types/query.pb.go:2066.14,2068.3 1 0
github.com/piplabs/story/client/x/dkg/types/query.pb.go:2069.2,2071.25 3 0
github.com/piplabs/story/client/x/dkg/types/query.pb.go:2071.25,2074.3 2 0
github.com/piplabs/story/client/x/dkg/types/query.pb.go:2075.2,2075.10 1 0
github.com/piplabs/story/client/x/dkg/types/query.pb.go:2078.57,2079.14 1 0
github.com/piplabs/story/client/x/dkg/types/query.pb.go:2079.14,2081.3 1 0
github.com/piplabs/story/client/x/dkg/types/query.pb.go:2082.2,2084.25 3 0
github.com/piplabs/story/client/x/dkg/types/query.pb.go:2084.25,2085.32 1 0
github.com/piplabs/story/client/x/dkg/types/query.pb.go:2085.32,2088.4 2 0
github.com/piplabs/story/client/x/dkg/types/query.pb.go:2090.2,2090.25 1 0
github.com/piplabs/story/client/x/dkg/types/query.pb.go:2090.25,2093.3 2 0
github.com/piplabs/story/client/x/dkg/types/query.pb.go:2094.2,2094.10 1 0
github.com/piplabs/story/client/x/dkg/types/query.pb.go:2097.57,2098.14 1 0
github.com/piplabs/story/client/x/dkg/types/query.pb.go:2098.14,2100.3 1 0
github.com/piplabs/story/client/x/dkg/types/query.pb.go:2101.2,2103.18 3 0
github.com/piplabs/story/client/x/dkg/types/query.pb.go:2103.18,2105.3 1 0
github.com/piplabs/story/client/x/dkg/types/query.pb.go:2106.2,2107.11 2 0
github.com/piplabs/story/client/x/dkg/types/query.pb.go:2107.11,2109.3 1 0
github.com/piplabs/story/client/x/dkg/types/query.pb.go:2110.2,2111.11 2 0
github.com/piplabs/story/client/x/dkg/types/query.pb.go:2111.11,2113.3 1 0
github.com/piplabs/story/client/x/dkg/types/query.pb.go:2114.2,2114.10 1 0
github.com/piplabs/story/client/x/dkg/types/query.pb.go:2117.58,2118.14 1 0
github.com/piplabs/story/client/x/dkg/types/query.pb.go:2118.14,2120.3 1 0
github.com/piplabs/story/client/x/dkg/types/query.pb.go:2121.2,2125.10 5 0
github.com/piplabs/story/client/x/dkg/types/query.pb.go:2128.61,2129.14 1 0
github.com/piplabs/story/client/x/dkg/types/query.pb.go:2129.14,2131.3 1 0
github.com/piplabs/story/client/x/dkg/types/query.pb.go:2132.2,2134.18 3 0
github.com/piplabs/story/client/x/dkg/types/query.pb.go:2134.18,2136.3 1 0
github.com/piplabs/story/client/x/dkg/types/query.pb.go:2137.2,2138.11 2 0
github.com/piplabs/story/client/x/dkg/types/query.pb.go:2138.11,2140.3 1 0
github.com/piplabs/story/client/x/dkg/types/query.pb.go:2141.2,2141.25 1 0
github.com/piplabs/story/client/x/dkg/types/query.pb.go:2141.25,2144.3 2 0
github.com/piplabs/story/client/x/dkg/types/query.pb.go:2145.2,2145.10 1 0
github.com/piplabs/story/client/x/dkg/types/query.pb.go:2148.62,2149.14 1 0
github.com/piplabs/story/client/x/dkg/types/query.pb.go:2149.14,2151.3 1 0
github.com/piplabs/story/client/x/dkg/types/query.pb.go:2152.2,2154.30 3 0
github.com/piplabs/story/client/x/dkg/types/query.pb.go:2154.30,2155.37 1 0
github.com/piplabs/story/client/x/dkg/types/query.pb.go:2155.37,2158.4 2 0
github.com/piplabs/story/client/x/dkg/types/query.pb.go:2160.2,2160.25 1 0
github.com/piplabs/story/client/x/dkg/types/query.pb.go:2160.25,2163.3 2 0
github.com/piplabs/story/client/x/dkg/types/query.pb.go:2164.2,2164.10 1 0
github.com/piplabs/story/client/x/dkg/types/query.pb.go:2167.69,2168.14 1 0
github.com/piplabs/story/client/x/dkg/types/query.pb.go:2168.14,2170.3 1 0
github.com/piplabs/story/client/x/dkg/types/query.pb.go:2171.2,2173.18 3 0
github.com/piplabs/story/client/x/dkg/types/query.pb.go:2173.18,2175.3 1 0
github.com/piplabs/story/client/x/dkg/types/query.pb.go:2176.2,2177.11 2 0
github.com/piplabs/story/client/x/dkg/types/query.pb.go:2177.11,2179.3 1 0
github.com/piplabs/story/client/x/dkg/types/query.pb.go:2180.2,2180.10 1 0
github.com/piplabs/story/client/x/dkg/types/query.pb.go:2183.70,2184.14 1 0
github.com/piplabs/story/client/x/dkg/types/query.pb.go:2184.14,2186.3 1 0
github.com/piplabs/story/client/x/dkg/types/query.pb.go:2187.2,2189.30 3 0
github.com/piplabs/story/client/x/dkg/types/query.pb.go:2189.30,2190.37 1 0
github.com/piplabs/story/client/x/dkg/types/query.pb.go:2190.37,2193.4 2 0
github.com/piplabs/story/client/x/dkg/types/query.pb.go:2195.2,2195.10 1 0
github.com/piplabs/story/client/x/dkg/types/query.pb.go:2198.64,2199.14 1 0
github.com/piplabs/story/client/x/dkg/types/query.pb.go:2199.14,2201.3 1 0
github.com/piplabs/story/client/x/dkg/types/query.pb.go:2202.2,2204.10 3 0
github.com/piplabs/story/client/x/dkg/types/query.pb.go:2207.65,2208.14 1 0
github.com/piplabs/story/client/x/dkg/types/query.pb.go:2208.14,2210.3 1 0
github.com/piplabs/story/client/x/dkg/types/query.pb.go:2211.2,2215.10 5 0
github.com/piplabs/story/client/x/dkg/types/query.pb.go:2218.53,2219.14 1 0
github.com/piplabs/story/client/x/dkg/types/query.pb.go:2219.14,2221.3 1 0
github.com/piplabs/story/client/x/dkg/types/query.pb.go:2222.2,2224.17 3 0
github.com/piplabs/story/client/x/dkg/types/query.pb.go:2224.17,2226.3 1 0
github.com/piplabs/story/client/x/dkg/types/query.pb.go:2227.2,2228.11 2 0
github.com/piplabs/story/client/x/dkg/types/query.pb.go:2228.11,2230.3 1 0
github.com/piplabs/story/client/x/dkg/types/query.pb.go:2231.2,2231.10 1 0
github.com/piplabs/story/client/x/dkg/types/query.pb.go:2234.54,2235.14 1 0
github.com/piplabs/story/client/x/dkg/types/query.pb.go:2235.14,2237.3 1 0
github.com/piplabs/story/client/x/dkg/types/query.pb.go:2238.2,2240.28 3 0
github.com/piplabs/story/client/x/dkg/types/query.pb.go:2240.28,2241.35 1 0
github.com/piplabs/story/client/x/dkg/types/query.pb.go:2241.35,2244.4 2 0
github.com/piplabs/story/client/x/dkg/types/query.pb.go:2246.2,2246.10 1 0
github.com/piplabs/story/client/x/dkg/types/query.pb.go:2249.33,2251.2 1 0
github.com/piplabs/story/client/x/dkg/types/query.pb.go:2252.33,2254.2 1 0
github.com/piplabs/story/client/x/dkg/types/query.pb.go:2255.59,2258.16 3 0
github.com/piplabs/story/client/x/dkg/types/query.pb.go:2258.16,2261.38 3 0
github.com/piplabs/story/client/x/dkg/types/query.pb.go:2261.38,2262.19 1 0
github.com/piplabs/story/client/x/dkg/types/query.pb.go:2262.19,2264.5 1 0
github.com/piplabs/story/client/x/dkg/types/query.pb.go:2265.4,2265.18 1 0
github.com/piplabs/story/client/x/dkg/types/query.pb.go:2265.18,2267.5 1 0
github.com/piplabs/story/client/x/dkg/types/query.pb.go:2268.4,2271.16 4 0
github.com/piplabs/story/client/x/dkg/types/query.pb.go:2271.16,2272.10 1 0
github.com/piplabs/story/client/x/dkg/types/query.pb.go:2275.3,2277.20 3 0
github.com/piplabs/story/client/x/dkg/types/query.pb.go:2277.20,2279.4 1 0
github.com/piplabs/story/client/x/dkg/types/query.pb.go:2280.3,2280.20 1 0
github.com/piplabs/story/client/x/dkg/types/query.pb.go:2280.20,2282.4 1 0
github.com/piplabs/story/client/x/dkg/types/query.pb.go:2283.3,2283.19 1 0
github.com/piplabs/story/client/x/dkg/types/query.pb.go:2284.11,2287.18 3 0
github.com/piplabs/story/client/x/dkg/types/query.pb.go:2287.18,2289.5 1 0
github.com/piplabs/story/client/x/dkg/types/query.pb.go:2290.4,2290.42 1 0
github.com/piplabs/story/client/x/dkg/types/query.pb.go:2290.42,2292.5 1 0
github.com/piplabs/story/client/x/dkg/types/query.pb.go:2293.4,2293.28 1 0
github.com/piplabs/story/client/x/dkg/types/query.pb.go:2293.28,2295.5 1 0
github.com/piplabs/story/client/x/dkg/types/query.pb.go:2296.4,2296.19 1 0
github.com/piplabs/story/client/x/dkg/types/query.pb.go:2300.2,2300.15 1 0
github.com/piplabs/story/client/x/dkg/types/query.pb.go:2300.15,2302.3 1 0
github.com/piplabs/story/client/x/dkg/types/query.pb.go:2303.2,2303.12 1 0
github.com/piplabs/story/client/x/dkg/types/query.pb.go:2305.60,2308.16 3 0
github.com/piplabs/story/client/x/dkg/types/query.pb.go:2308.16,2311.38 3 0
github.com/piplabs/story/client/x/dkg/types/query.pb.go:2311.38,2312.19 1 0
github.com/piplabs/story/client/x/dkg/types/query.pb.go:2312.19,2314.5 1 0
github.com/piplabs/story/client/x/dkg/types/query.pb.go:2315.4,2315.18 1 0
github.com/piplabs/story/client/x/dkg/types/query.pb.go:2315.18,2317.5 1 0
github.com/piplabs/story/client/x/dkg/types/query.pb.go:2318.4,2321.16 4 0
github.com/piplabs/story/client/x/dkg/types/query.pb.go:2321.16,2322.10 1 0
github.com/piplabs/story/client/x/dkg/types/query.pb.go:2325.3,2327.20 3 0
github.com/piplabs/story/client/x/dkg/types/query.pb.go:2327.20,2329.4 1 0
github.com/piplabs/story/client/x/dkg/types/query.pb.go:2330.3,2330.20 1 0
github.com/piplabs/story/client/x/dkg/types/query.pb.go:2330.20,2332.4 1 0
github.com/piplabs/story/client/x/dkg/types/query.pb.go:2333.3,2333.19 1 0
github.com/piplabs/story/client/x/dkg/types/query.pb.go:2334.10,2335.21 1 0
github.com/piplabs/story/client/x/dkg/types/query.pb.go:2335.21,2337.5 1 0
github.com/piplabs/story/client/x/dkg/types/query.pb.go:2338.4,2339.39 2 0
github.com/piplabs/story/client/x/dkg/types/query.pb.go:2339.39,2340.20 1 0
github.com/piplabs/story/client/x/dkg/types/query.pb.go:2340.20,2342.6 1 0
github.com/piplabs/story/client/x/dkg/types/query.pb.go:2343.5,2343.19 1 0
github.com/piplabs/story/client/x/dkg/types/query.pb.go:2343.19,2345.6 1 0
github.com/piplabs/story/client/x/dkg/types/query.pb.go:2346.5,2349.17 4 0
github.com/piplabs/story/client/x/dkg/types/query.pb.go:2349.17,2350.11 1 0
github.com/piplabs/story/client/x/dkg/types/query.pb.go:2353.4,2353.18 1 0
github.com/piplabs/story/client/x/dkg/types/query.pb.go:2353.18,2355.5 1 0
github.com/piplabs/story/client/x/dkg/types/query.pb.go:2356.4,2357.21 2 0
github.com/piplabs/story/client/x/dkg/types/query.pb.go:2357.21,2359.5 1 0
github.com/piplabs/story/client/x/dkg/types/query.pb.go:2360.4,2360.21 1 0
github.com/piplabs/story/client/x/dkg/types/query.pb.go:2360.21,2362.5 1 0
github.com/piplabs/story/client/x/dkg/types/query.pb.go:2363.4,2363.68 1 0
github.com/piplabs/story/client/x/dkg/types/query.pb.go:2363.68,2365.5 1 0
github.com/piplabs/story/client/x/dkg/types/query.pb.go:2366.4,2366.21 1 0
github.com/piplabs/story/client/x/dkg/types/query.pb.go:2367.11,2370.18 3 0
github.com/piplabs/story/client/x/dkg/types/query.pb.go:2370.18,2372.5 1 0
github.com/piplabs/story/client/x/dkg/types/query.pb.go:2373.4,2373.42 1 0
github.com/piplabs/story/client/x/dkg/types/query.pb.go:2373.42,2375.5 1 0
github.com/piplabs/story/client/x/dkg/types/query.pb.go:2376.4,2376.28 1 0
github.com/piplabs/story/client/x/dkg/types/query.pb.go:2376.28,2378.5 1 0
github.com/piplabs/story/client/x/dkg/types/query.pb.go:2379.4,2379.19 1 0
github.com/piplabs/story/client/x/dkg/types/query.pb.go:2383.2,2383.15 1 0
github.com/piplabs/story/client/x/dkg/types/query.pb.go:2383.15,2385.3 1 0
github.com/piplabs/story/client/x/dkg/types/query.pb.go:2386.2,2386.12 1 0
github.com/piplabs/story/client/x/dkg/types/query.pb.go:2388.66,2391.16 3 0
github.com/piplabs/story/client/x/dkg/types/query.pb.go:2391.16,2394.38 3 0
github.com/piplabs/story/client/x/dkg/types/query.pb.go:2394.38,2395.19 1 0
github.com/piplabs/story/client/x/dkg/types/query.pb.go:2395.19,2397.5 1 0
github.com/piplabs/story/client/x/dkg/types/query.pb.go:2398.4,2398.18 1 0
github.com/piplabs/story/client/x/dkg/types/query.pb.go:2398.18,2400.5 1 0
github.com/piplabs/story/client/x/dkg/types/query.pb.go:2401.4,2404.16 4 0
github.com/piplabs/story/client/x/dkg/types/query.pb.go:2404.16,2405.10 1 0
github.com/piplabs/story/client/x/dkg/types/query.pb.go:2408.3,2410.20 3 0
github.com/piplabs/story/client/x/dkg/types/query.pb.go:2410.20,2412.4 1 0
github.com/piplabs/story/client/x/dkg/types/query.pb.go:2413.3,2413.20 1 0
github.com/piplabs/story/client/x/dkg/types/query.pb.go:2413.20,2415.4 1 0
github.com/piplabs/story/client/x/dkg/types/query.pb.go:2416.3,2416.19 1 0
github.com/piplabs/story/client/x/dkg/types/query.pb.go:2417.10,2418.21 1 0
github.com/piplabs/story/client/x/dkg/types/query.pb.go:2418.21,2420.5 1 0
github.com/piplabs/story/client/x/dkg/types/query.pb.go:2421.4,2422.39 2 0
github.com/piplabs/story/client/x/dkg/types/query.pb.go:2422.39,2423.20 1 0
github.com/piplabs/story/client/x/dkg/types/query.pb.go:2423.20,2425.6 1 0
github.com/piplabs/story/client/x/dkg/types/query.pb.go:2426.5,2426.19 1 0
github.com/piplabs/story/client/x/dkg/types/query.pb.go:2426.19,2428.6 1 0
github.com/piplabs/story/client/x/dkg/types/query.pb.go:2429.5,2432.17 4 0
github.com/piplabs/story/client/x/dkg/types/query.pb.go:2432.17,2433.11 1 0
github.com/piplabs/story/client/x/dkg/types/query.pb.go:2436.10,2437.21 1 0
github.com/piplabs/story/client/x/dkg/types/query.pb.go:2437.21,2439.5 1 0
github.com/piplabs/story/client/x/dkg/types/query.pb.go:2440.4,2441.39 2 0
github.com/piplabs/story/client/x/dkg/types/query.pb.go:2441.39,2442.20 1 0
github.com/piplabs/story/client/x/dkg/types/query.pb.go:2442.20,2444.6 1 0
github.com/piplabs/story/client/x/dkg/types/query.pb.go:2445.5,2445.19 1 0
github.com/piplabs/story/client/x/dkg/types/query.pb.go:2445.19,2447.6 1 0
github.com/piplabs/story/client/x/dkg/types/query.pb.go:2448.5,2451.17 4 0
github.com/piplabs/story/client/x/dkg/types/query.pb.go:2451.17,2452.11 1 0
github.com/piplabs/story/client/x/dkg/types/query.pb.go:2455.4,2456.24 2 0
github.com/piplabs/story/client/x/dkg/types/query.pb.go:2456.24,2458.5 1 0
github.com/piplabs/story/client/x/dkg/types/query.pb.go:2459.4,2460.21 2 0
github.com/piplabs/story/client/x/dkg/types/query.pb.go:2460.21,2462.5 1 0
github.com/piplabs/story/client/x/dkg/types/query.pb.go:2463.4,2463.21 1 0
github.com/piplabs/story/client/x/dkg/types/query.pb.go:2463.21,2465.5 1 0
github.com/piplabs/story/client/x/dkg/types/query.pb.go:2466.4,2467.21 2 0
github.com/piplabs/story/client/x/dkg/types/query.pb.go:2468.11,2471.18 3 0
github.com/piplabs/story/client/x/dkg/types/query.pb.go:2471.18,2473.5 1 0
github.com/piplabs/story/client/x/dkg/types/query.pb.go:2474.4,2474.42 1 0
github.com/piplabs/story/client/x/dkg/types/query.pb.go:2474.42,2476.5 1 0
github.com/piplabs/story/client/x/dkg/types/query.pb.go:2477.4,2477.28 1 0
github.com/piplabs/story/client/x/dkg/types/query.pb.go:2477.28,2479.5 1 0
github.com/piplabs/story/client/x/dkg/types/query.pb.go:2480.4,2480.19 1 0
github.com/piplabs/story/client/x/dkg/types/query.pb.go:2484.2,2484.15 1 0
github.com/piplabs/story/client/x/dkg/types/query.pb.go:2484.15,2486.3 1 0
github.com/piplabs/story/client/x/dkg/types/query.pb.go:2487.2,2487.12 1 0
github.com/piplabs/story/client/x/dkg/types/query.pb.go:2489.67,2492.16 3 0
github.com/piplabs/story/client/x/dkg/types/query.pb.go:2492.16,2495.38 3 0
github.com/piplabs/story/client/x/dkg/types/query.pb.go:2495.38,2496.19 1 0
github.com/piplabs/story/client/x/dkg/types/query.pb.go:2496.19,2498.5 1 0
github.com/piplabs/story/client/x/dkg/types/query.pb.go:2499.4,2499.18 1 0
github.com/piplabs/story/client/x/dkg/types/query.pb.go:2499.18,2501.5 1 0
github.com/piplabs/story/client/x/dkg/types/query.pb.go:2502.4,2505.16 4 0
github.com/piplabs/story/client/x/dkg/types/query.pb.go:2505.16,2506.10 1 0
github.com/piplabs/story/client/x/dkg/types/query.pb.go:2509.3,2511.20 3 0
github.com/piplabs/story/client/x/dkg/types/query.pb.go:2511.20,2513.4 1 0
github.com/piplabs/story/client/x/dkg/types/query.pb.go:2514.3,2514.20 1 0
github.com/piplabs/story/client/x/dkg/types/query.pb.go:2514.20,2516.4 1 0
github.com/piplabs/story/client/x/dkg/types/query.pb.go:2517.3,2517.19 1 0
github.com/piplabs/story/client/x/dkg/types/query.pb.go:2518.10,2519.21 1 0
github.com/piplabs/story/client/x/dkg/types/query.pb.go:2519.21,2521.5 1 0
github.com/piplabs/story/client/x/dkg/types/query.pb.go:2522.4,2523.39 2 0
github.com/piplabs/story/client/x/dkg/types/query.pb.go:2523.39,2524.20 1 0
github.com/piplabs/story/client/x/dkg/types/query.pb.go:2524.20,2526.6 1 0
github.com/piplabs/story/client/x/dkg/types/query.pb.go:2527.5,2527.19 1 0
github.com/piplabs/story/client/x/dkg/types/query.pb.go:2527.19,2529.6 1 0
github.com/piplabs/story/client/x/dkg/types/query.pb.go:2530.5,2533.17 4 0
github.com/piplabs/story/client/x/dkg/types/query.pb.go:2533.17,2534.11 1 0
github.com/piplabs/story/client/x/dkg/types/query.pb.go:2537.4,2537.18 1 0
github.com/piplabs/story/client/x/dkg/types/query.pb.go:2537.18,2539.5 1 0
github.com/piplabs/story/client/x/dkg/types/query.pb.go:2540.4,2541.21 2 0
github.com/piplabs/story/client/x/dkg/types/query.pb.go:2541.21,2543.5 1 0
github.com/piplabs/story/client/x/dkg/types/query.pb.go:2544.4,2544.21 1 0
github.com/piplabs/story/client/x/dkg/types/query.pb.go:2544.21,2546.5 1 0
github.com/piplabs/story/client/x/dkg/types/query.pb.go:2547.4,2547.69 1 0
github.com/piplabs/story/client/x/dkg/types/query.pb.go:2547.69,2549.5 1 0
github.com/piplabs/story/client/x/dkg/types/query.pb.go:2550.4,2550.21 1 0
github.com/piplabs/story/client/x/dkg/types/query.pb.go:2551.11,2554.18 3 0
github.com/piplabs/story/client/x/dkg/types/query.pb.go:2554.18,2556.5 1 0
github.com/piplabs/story/client/x/dkg/types/query.pb.go:2557.4,2557.42 1 0
github.com/piplabs/story/client/x/dkg/types/query.pb.go:2557.42,2559.5 1 0
github.com/piplabs/story/client/x/dkg/types/query.pb.go:2560.4,2560.28 1 0
github.com/piplabs/story/client/x/dkg/types/query.pb.go:2560.28,2562.5 1 0
github.com/piplabs/story/client/x/dkg/types/query.pb.go:2563.4,2563.19 1 0
github.com/piplabs/story/client/x/dkg/types/query.pb.go:2567.2,2567.15 1 0
github.com/piplabs/story/client/x/dkg/types/query.pb.go:2567.15,2569.3 1 0
github.com/piplabs/story/client/x/dkg/types/query.pb.go:2570.2,2570.12 1 0
github.com/piplabs/story/client/x/dkg/types/query.pb.go:2572.72,2575.16 3 0
github.com/piplabs/story/client/x/dkg/types/query.pb.go:2575.16,2578.38 3 0
github.com/piplabs/story/client/x/dkg/types/query.pb.go:2578.38,2579.19 1 0
github.com/piplabs/story/client/x/dkg/types/query.pb.go:2579.19,2581.5 1 0
github.com/piplabs/story/client/x/dkg/types/query.pb.go:2582.4,2582.18 1 0
github.com/piplabs/story/client/x/dkg/types/query.pb.go:2582.18,2584.5 1 0
github.com/piplabs/story/client/x/dkg/types/query.pb.go:2585.4,2588.16 4 0
github.com/piplabs/story/client/x/dkg/types/query.pb.go:2588.16,2589.10 1 0
github.com/piplabs/story/client/x/dkg/types/query.pb.go:2592.3,2594.20 3 0
github.com/piplabs/story/client/x/dkg/types/query.pb.go:2594.20,2596.4 1 0
github.com/piplabs/story/client/x/dkg/types/query.pb.go:2597.3,2597.20 1 0
github.com/piplabs/story/client/x/dkg/types/query.pb.go:2597.20,2599.4 1 0
github.com/piplabs/story/client/x/dkg/types/query.pb.go:2600.3,2600.19 1 0
github.com/piplabs/story/client/x/dkg/types/query.pb.go:2601.11,2604.18 3 0
github.com/piplabs/story/client/x/dkg/types/query.pb.go:2604.18,2606.5 1 0
github.com/piplabs/story/client/x/dkg/types/query.pb.go:2607.4,2607.42 1 0
github.com/piplabs/story/client/x/dkg/types/query.pb.go:2607.42,2609.5 1 0
github.com/piplabs/story/client/x/dkg/types/query.pb.go:2610.4,2610.28 1 0
github.com/piplabs/story/client/x/dkg/types/query.pb.go:2610.28,2612.5 1 0
github.com/piplabs/story/client/x/dkg/types/query.pb.go:2613.4,2613.19 1 0
github.com/piplabs/story/client/x/dkg/types/query.pb.go:2617.2,2617.15 1 0
github.com/piplabs/story/client/x/dkg/types/query.pb.go:2617.15,2619.3 1 0
github.com/piplabs/story/client/x/dkg/types/query.pb.go:2620.2,2620.12 1 0
github.com/piplabs/story/client/x/dkg/types/query.pb.go:2622.73,2625.16 3 0
github.com/piplabs/story/client/x/dkg/types/query.pb.go:2625.16,2628.38 3 0
github.com/piplabs/story/client/x/dkg/types/query.pb.go:2628.38,2629.19 1 0
github.com/piplabs/story/client/x/dkg/types/query.pb.go:2629.19,2631.5 1 0
github.com/piplabs/story/client/x/dkg/types/query.pb.go:2632.4,2632.18 1 0
github.com/piplabs/story/client/x/dkg/types/query.pb.go:2632.18,2634.5 1 0
github.com/piplabs/story/client/x/dkg/types/query.pb.go:2635.4,2638.16 4 0
github.com/piplabs/story/client/x/dkg/types/query.pb.go:2638.16,2639.10 1 0
github.com/piplabs/story/client/x/dkg/types/query.pb.go:2642.3,2644.20 3 0
github.com/piplabs/story/client/x/dkg/types/query.pb.go:2644.20,2646.4 1 0
github.com/piplabs/story/client/x/dkg/types/query.pb.go:2647.3,2647.20 1 0
github.com/piplabs/story/client/x/dkg/types/query.pb.go:2647.20,2649.4 1 0
github.com/piplabs/story/client/x/dkg/types/query.pb.go:2650.3,2650.19 1 0
github.com/piplabs/story/client/x/dkg/types/query.pb.go:2651.10,2652.21 1 0
github.com/piplabs/story/client/x/dkg/types/query.pb.go:2652.21,2654.5 1 0
github.com/piplabs/story/client/x/dkg/types/query.pb.go:2655.4,2656.39 2 0
github.com/piplabs/story/client/x/dkg/types/query.pb.go:2656.39,2657.20 1 0
github.com/piplabs/story/client/x/dkg/types/query.pb.go:2657.20,2659.6 1 0
github.com/piplabs/story/client/x/dkg/types/query.pb.go:2660.5,2660.19 1 0
github.com/piplabs/story/client/x/dkg/types/query.pb.go:2660.19,2662.6 1 0
github.com/piplabs/story/client/x/dkg/types/query.pb.go:2663.5,2666.17 4 0
github.com/piplabs/story/client/x/dkg/types/query.pb.go:2666.17,2667.11 1 0
github.com/piplabs/story/client/x/dkg/types/query.pb.go:2670.4,2670.18 1 0
github.com/piplabs/story/client/x/dkg/types/query.pb.go:2670.18,2672.5 1 0
github.com/piplabs/story/client/x/dkg/types/query.pb.go:2673.4,2674.21 2 0
github.com/piplabs/story/client/x/dkg/types/query.pb.go:2674.21,2676.5 1 0
github.com/piplabs/story/client/x/dkg/types/query.pb.go:2677.4,2677.21 1 0
github.com/piplabs/story/client/x/dkg/types/query.pb.go:2677.21,2679.5 1 0
github.com/piplabs/story/client/x/dkg/types/query.pb.go:2680.4,2680.69 1 0
github.com/piplabs/story/client/x/dkg/types/query.pb.go:2680.69,2682.5 1 0
github.com/piplabs/story/client/x/dkg/types/query.pb.go:2683.4,2683.21 1 0
github.com/piplabs/story/client/x/dkg/types/query.pb.go:2684.11,2687.18 3 0
github.com/piplabs/story/client/x/dkg/types/query.pb.go:2687.18,2689.5 1 0
github.com/piplabs/story/client/x/dkg/types/query.pb.go:2690.4,2690.42 1 0
github.com/piplabs/story/client/x/dkg/types/query.pb.go:2690.42,2692.5 1 0
github.com/piplabs/story/client/x/dkg/types/query.pb.go:2693.4,2693.28 1 0
github.com/piplabs/story/client/x/dkg/types/query.pb.go:2693.28,2695.5 1 0
github.com/piplabs/story/client/x/dkg/types/query.pb.go:2696.4,2696.19 1 0
github.com/piplabs/story/client/x/dkg/types/query.pb.go:2700.2,2700.15 1 0
github.com/piplabs/story/client/x/dkg/types/query.pb.go:2700.15,2702.3 1 0
github.com/piplabs/story/client/x/dkg/types/query.pb.go:2703.2,2703.12 1 0
github.com/piplabs/story/client/x/dkg/types/query.pb.go:2705.70,2708.16 3 0
github.com/piplabs/story/client/x/dkg/types/query.pb.go:2708.16,2711.38 3 0
github.com/piplabs/story/client/x/dkg/types/query.pb.go:2711.38,2712.19 1 0
github.com/piplabs/story/client/x/dkg/types/query.pb.go:2712.19,2714.5 1 0
github.com/piplabs/story/client/x/dkg/types/query.pb.go:2715.4,2715.18 1 0
github.com/piplabs/story/client/x/dkg/types/query.pb.go:2715.18,2717.5 1 0
github.com/piplabs/story/client/x/dkg/types/query.pb.go:2718.4,2721.16 4 0
github.com/piplabs/story/client/x/dkg/types/query.pb.go:2721.16,2722.10 1 0
github.com/piplabs/story/client/x/dkg/types/query.pb.go:2725.3,2727.20 3 0
github.com/piplabs/story/client/x/dkg/types/query.pb.go:2727.20,2729.4 1 0
github.com/piplabs/story/client/x/dkg/types/query.pb.go:2730.3,2730.20 1 0
github.com/piplabs/story/client/x/dkg/types/query.pb.go:2730.20,2732.4 1 0
github.com/piplabs/story/client/x/dkg/types/query.pb.go:2733.3,2733.19 1 0
github.com/piplabs/story/client/x/dkg/types/query.pb.go:2734.10,2735.21 1 0
github.com/piplabs/story/client/x/dkg/types/query.pb.go:2735.21,2737.5 1 0
github.com/piplabs/story/client/x/dkg/types/query.pb.go:2738.4,2739.39 2 0
github.com/piplabs/story/client/x/dkg/types/query.pb.go:2739.39,2740.20 1 0
github.com/piplabs/story/client/x/dkg/types/query.pb.go:2740.20,2742.6 1 0
github.com/piplabs/story/client/x/dkg/types/query.pb.go:2743.5,2743.19 1 0
github.com/piplabs/story/client/x/dkg/types/query.pb.go:2743.19,2745.6 1 0
github.com/piplabs/story/client/x/dkg/types/query.pb.go:2746.5,2749.17 4 0
github.com/piplabs/story/client/x/dkg/types/query.pb.go:2749.17,2750.11 1 0
github.com/piplabs/story/client/x/dkg/types/query.pb.go:2753.4,2753.18 1 0
github.com/piplabs/story/client/x/dkg/types/query.pb.go:2753.18,2755.5 1 0
github.com/piplabs/story/client/x/dkg/types/query.pb.go:2756.4,2757.21 2 0
github.com/piplabs/story/client/x/dkg/types/query.pb.go:2757.21,2759.5 1 0
github.com/piplabs/story/client/x/dkg/types/query.pb.go:2760.4,2760.21 1 0
github.com/piplabs/story/client/x/dkg/types/query.pb.go:2760.21,2762.5 1 0
github.com/piplabs/story/client/x/dkg/types/query.pb.go:2763.4,2763.27 1 0
github.com/piplabs/story/client/x/dkg/types/query.pb.go:2763.27,2765.5 1 0
github.com/piplabs/story/client/x/dkg/types/query.pb.go:2766.4,2766.72 1 0
github.com/piplabs/story/client/x/dkg/types/query.pb.go:2766.72,2768.5 1 0
github.com/piplabs/story/client/x/dkg/types/query.pb.go:2769.4,2769.21 1 0
github.com/piplabs/story/client/x/dkg/types/query.pb.go:2770.11,2773.18 3 0
github.com/piplabs/story/client/x/dkg/types/query.pb.go:2773.18,2775.5 1 0
github.com/piplabs/story/client/x/dkg/types/query.pb.go:2776.4,2776.42 1 0
github.com/piplabs/story/client/x/dkg/types/query.pb.go:2776.42,2778.5 1 0
github.com/piplabs/story/client/x/dkg/types/query.pb.go:2779.4,2779.28 1 0
github.com/piplabs/story/client/x/dkg/types/query.pb.go:2779.28,2781.5 1 0
github.com/piplabs/story/client/x/dkg/types/query.pb.go:2782.4,2782.19 1 0
github.com/piplabs/story/client/x/dkg/types/query.pb.go:2786.2,2786.15 1 0
github.com/piplabs/story/client/x/dkg/types/query.pb.go:2786.15,2788.3 1 0
github.com/piplabs/story/client/x/dkg/types/query.pb.go:2789.2,2789.12 1 0
github.com/piplabs/story/client/x/dkg/types/query.pb.go:2791.71,2794.16 3 0
github.com/piplabs/story/client/x/dkg/types/query.pb.go:2794.16,2797.38 3 0
github.com/piplabs/story/client/x/dkg/types/query.pb.go:2797.38,2798.19 1 0
github.com/piplabs/story/client/x/dkg/types/query.pb.go:2798.19,2800.5 1 0
github.com/piplabs/story/client/x/dkg/types/query.pb.go:2801.4,2801.18 1 0
github.com/piplabs/story/client/x/dkg/types/query.pb.go:2801.18,2803.5 1 0
github.com/piplabs/story/client/x/dkg/types/query.pb.go:2804.4,2807.16 4 0
github.com/piplabs/story/client/x/dkg/types/query.pb.go:2807.16,2808.10 1 0
github.com/piplabs/story/client/x/dkg/types/query.pb.go:2811.3,2813.20 3 0
github.com/piplabs/story/client/x/dkg/types/query.pb.go:2813.20,2815.4 1 0
github.com/piplabs/story/client/x/dkg/types/query.pb.go:2816.3,2816.20 1 0
github.com/piplabs/story/client/x/dkg/types/query.pb.go:2816.20,2818.4 1 0
github.com/piplabs/story/client/x/dkg/types/query.pb.go:2819.3,2819.19 1 0
github.com/piplabs/story/client/x/dkg/types/query.pb.go:2820.10,2821.21 1 0
github.com/piplabs/story/client/x/dkg/types/query.pb.go:2821.21,2823.5 1 0
github.com/piplabs/story/client/x/dkg/types/query.pb.go:2824.4,2825.39 2 0
github.com/piplabs/story/client/x/dkg/types/query.pb.go:2825.39,2826.20 1 0
github.com/piplabs/story/client/x/dkg/types/query.pb.go:2826.20,2828.6 1 0
github.com/piplabs/story/client/x/dkg/types/query.pb.go:2829.5,2829.19 1 0
github.com/piplabs/story/client/x/dkg/types/query.pb.go:2829.19,2831.6 1 0
github.com/piplabs/story/client/x/dkg/types/query.pb.go:2832.5,2835.17 4 0
github.com/piplabs/story/client/x/dkg/types/query.pb.go:2835.17,2836.11 1 0
github.com/piplabs/story/client/x/dkg/types/query.pb.go:2839.4,2839.18 1 0
github.com/piplabs/story/client/x/dkg/types/query.pb.go:2839.18,2841.5 1 0
github.com/piplabs/story/client/x/dkg/types/query.pb.go:2842.4,2843.21 2 0
github.com/piplabs/story/client/x/dkg/types/query.pb.go:2843.21,2845.5 1 0
github.com/piplabs/story/client/x/dkg/types/query.pb.go:2846.4,2846.21 1 0
github.com/piplabs/story/client/x/dkg/types/query.pb.go:2846.21,2848.5 1 0
github.com/piplabs/story/client/x/dkg/types/query.pb.go:2849.4,2850.89 2 0
github.com/piplabs/story/client/x/dkg/types/query.pb.go:2850.89,2852.5 1 0
github.com/piplabs/story/client/x/dkg/types/query.pb.go:2853.4,2853.21 1 0
github.com/piplabs/story/client/x/dkg/types/query.pb.go:2854.10,2855.21 1 0
github.com/piplabs/story/client/x/dkg/types/query.pb.go:2855.21,2857.5 1 0
github.com/piplabs/story/client/x/dkg/types/query.pb.go:2858.4,2859.39 2 0
github.com/piplabs/story/client/x/dkg/types/query.pb.go:2859.39,2860.20 1 0
github.com/piplabs/story/client/x/dkg/types/query.pb.go:2860.20,2862.6 1 0
github.com/piplabs/story/client/x/dkg/types/query.pb.go:2863.5,2863.19 1 0
github.com/piplabs/story/client/x/dkg/types/query.pb.go:2863.19,2865.6 1 0
github.com/piplabs/story/client/x/dkg/types/query.pb.go:2866.5,2869.17 4 0
github.com/piplabs/story/client/x/dkg/types/query.pb.go:2869.17,2870.11 1 0
github.com/piplabs/story/client/x/dkg/types/query.pb.go:2873.4,2873.18 1 0
github.com/piplabs/story/client/x/dkg/types/query.pb.go:2873.18,2875.5 1 0
github.com/piplabs/story/client/x/dkg/types/query.pb.go:2876.4,2877.21 2 0
github.com/piplabs/story/client/x/dkg/types/query.pb.go:2877.21,2879.5 1 0
github.com/piplabs/story/client/x/dkg/types/query.pb.go:2880.4,2880.21 1 0
github.com/piplabs/story/client/x/dkg/types/query.pb.go:2880.21,2882.5 1 0
github.com/piplabs/story/client/x/dkg/types/query.pb.go:2883.4,2883.27 1 0
github.com/piplabs/story/client/x/dkg/types/query.pb.go:2883.27,2885.5 1 0
github.com/piplabs/story/client/x/dkg/types/query.pb.go:2886.4,2886.72 1 0
github.com/piplabs/story/client/x/dkg/types/query.pb.go:2886.72,2888.5 1 0
github.com/piplabs/story/client/x/dkg/types/query.pb.go:2889.4,2889.21 1 0
github.com/piplabs/story/client/x/dkg/types/query.pb.go:2890.11,2893.18 3 0
github.com/piplabs/story/client/x/dkg/types/query.pb.go:2893.18,2895.5 1 0
github.com/piplabs/story/client/x/dkg/types/query.pb.go:2896.4,2896.42 1 0
github.com/piplabs/story/client/x/dkg/types/query.pb.go:2896.42,2898.5 1 0
github.com/piplabs/story/client/x/dkg/types/query.pb.go:2899.4,2899.28 1 0
github.com/piplabs/story/client/x/dkg/types/query.pb.go:2899.28,2901.5 1 0
github.com/piplabs/story/client/x/dkg/types/query.pb.go:2902.4,2902.19 1 0
github.com/piplabs/story/client/x/dkg/types/query.pb.go:2906.2,2906.15 1 0
github.com/piplabs/story/client/x/dkg/types/query.pb.go:2906.15,2908.3 1 0
github.com/piplabs/story/client/x/dkg/types/query.pb.go:2909.2,2909.12 1 0
github.com/piplabs/story/client/x/dkg/types/query.pb.go:2911.71,2914.16 3 0
github.com/piplabs/story/client/x/dkg/types/query.pb.go:2914.16,2917.38 3 0
github.com/piplabs/story/client/x/dkg/types/query.pb.go:2917.38,2918.19 1 0
github.com/piplabs/story/client/x/dkg/types/query.pb.go:2918.19,2920.5 1 0
github.com/piplabs/story/client/x/dkg/types/query.pb.go:2921.4,2921.18 1 0
github.com/piplabs/story/client/x/dkg/types/query.pb.go:2921.18,2923.5 1 0
github.com/piplabs/story/client/x/dkg/types/query.pb.go:2924.4,2927.16 4 0
github.com/piplabs/story/client/x/dkg/types/query.pb.go:2927.16,2928.10 1 0
github.com/piplabs/story/client/x/dkg/types/query.pb.go:2931.3,2933.20 3 0
github.com/piplabs/story/client/x/dkg/types/query.pb.go:2933.20,2935.4 1 0
github.com/piplabs/story/client/x/dkg/types/query.pb.go:2936.3,2936.20 1 0
github.com/piplabs/story/client/x/dkg/types/query.pb.go:2936.20,2938.4 1 0
github.com/piplabs/story/client/x/dkg/types/query.pb.go:2939.3,2939.19 1 0
github.com/piplabs/story/client/x/dkg/types/query.pb.go:2940.10,2941.21 1 0
github.com/piplabs/story/client/x/dkg/types/query.pb.go:2941.21,2943.5 1 0
github.com/piplabs/story/client/x/dkg/types/query.pb.go:2944.4,2945.39 2 0
github.com/piplabs/story/client/x/dkg/types/query.pb.go:2945.39,2946.20 1 0
github.com/piplabs/story/client/x/dkg/types/query.pb.go:2946.20,2948.6 1 0
github.com/piplabs/story/client/x/dkg/types/query.pb.go:2949.5,2949.19 1 0
github.com/piplabs/story/client/x/dkg/types/query.pb.go:2949.19,2951.6 1 0
github.com/piplabs/story/client/x/dkg/types/query.pb.go:2952.5,2955.17 4 0
github.com/piplabs/story/client/x/dkg/types/query.pb.go:2955.17,2956.11 1 0
github.com/piplabs/story/client/x/dkg/types/query.pb.go:2959.10,2960.21 1 0
github.com/piplabs/story/client/x/dkg/types/query.pb.go:2960.21,2962.5 1 0
github.com/piplabs/story/client/x/dkg/types/query.pb.go:2963.4,2964.39 2 0
github.com/piplabs/story/client/x/dkg/types/query.pb.go:2964.39,2965.20 1 0
github.com/piplabs/story/client/x/dkg/types/query.pb.go:2965.20,2967.6 1 0
github.com/piplabs/story/client/x/dkg/types/query.pb.go:2968.5,2968.19 1 0
github.com/piplabs/story/client/x/dkg/types/query.pb.go:2968.19,2970.6 1 0
github.com/piplabs/story/client/x/dkg/types/query.pb.go:2971.5,2974.17 4 0
github.com/piplabs/story/client/x/dkg/types/query.pb.go:2974.17,2975.11 1 0
github.com/piplabs/story/client/x/dkg/types/query.pb.go:2978.4,2979.24 2 0
github.com/piplabs/story/client/x/dkg/types/query.pb.go:2979.24,2981.5 1 0
github.com/piplabs/story/client/x/dkg/types/query.pb.go:2982.4,2983.21 2 0
github.com/piplabs/story/client/x/dkg/types/query.pb.go:2983.21,2985.5 1 0
github.com/piplabs/story/client/x/dkg/types/query.pb.go:2986.4,2986.21 1 0
github.com/piplabs/story/client/x/dkg/types/query.pb.go:2986.21,2988.5 1 0
github.com/piplabs/story/client/x/dkg/types/query.pb.go:2989.4,2990.21 2 0
github.com/piplabs/story/client/x/dkg/types/query.pb.go:2991.10,2992.21 1 0
github.com/piplabs/story/client/x/dkg/types/query.pb.go:2992.21,2994.5 1 0
github.com/piplabs/story/client/x/dkg/types/query.pb.go:2995.4,2996.39 2 0
github.com/piplabs/story/client/x/dkg/types/query.pb.go:2996.39,2997.20 1 0
github.com/piplabs/story/client/x/dkg/types/query.pb.go:2997.20,2999.6 1 0
github.com/piplabs/story/client/x/dkg/types/query.pb.go:3000.5,3000.19 1 0
github.com/piplabs/story/client/x/dkg/types/query.pb.go:3000.19,3002.6 1 0
github.com/piplabs/story/client/x/dkg/types/query.pb.go:3003.5,3006.17 4 0
github.com/piplabs/story/client/x/dkg/types/query.pb.go:3006.17,3007.11 1 0
github.com/piplabs/story/client/x/dkg/types/query.pb.go:3010.4,3011.24 2 0
github.com/piplabs/story/client/x/dkg/types/query.pb.go:3011.24,3013.5 1 0
github.com/piplabs/story/client/x/dkg/types/query.pb.go:3014.4,3015.21 2 0
github.com/piplabs/story/client/x/dkg/types/query.pb.go:3015.21,3017.5 1 0
github.com/piplabs/story/client/x/dkg/types/query.pb.go:3018.4,3018.21 1 0
github.com/piplabs/story/client/x/dkg/types/query.pb.go:3018.21,3020.5 1 0
github.com/piplabs/story/client/x/dkg/types/query.pb.go:3021.4,3022.21 2 0
github.com/piplabs/story/client/x/dkg/types/query.pb.go:3023.11,3026.18 3 0
github.com/piplabs/story/client/x/dkg/types/query.pb.go:3026.18,3028.5 1 0
github.com/piplabs/story/client/x/dkg/types/query.pb.go:3029.4,3029.42 1 0
github.com/piplabs/story/client/x/dkg/types/query.pb.go:3029.42,3031.5 1 0
github.com/piplabs/story/client/x/dkg/types/query.pb.go:3032.4,3032.28 1 0
github.com/piplabs/story/client/x/dkg/types/query.pb.go:3032.28,3034.5 1 0
github.com/piplabs/story/client/x/dkg/types/query.pb.go:3035.4,3035.19 1 0
github.com/piplabs/story/client/x/dkg/types/query.pb.go:3039.2,3039.15 1 0
github.com/piplabs/story/client/x/dkg/types/query.pb.go:3039.15,3041.3 1 0
github.com/piplabs/story/client/x/dkg/types/query.pb.go:3042.2,3042.12 1 0
github.com/piplabs/story/client/x/dkg/types/query.pb.go:3044.72,3047.16 3 0
github.com/piplabs/story/client/x/dkg/types/query.pb.go:3047.16,3050.38 3 0
github.com/piplabs/story/client/x/dkg/types/query.pb.go:3050.38,3051.19 1 0
github.com/piplabs/story/client/x/dkg/types/query.pb.go:3051.19,3053.5 1 0
github.com/piplabs/story/client/x/dkg/types/query.pb.go:3054.4,3054.18 1 0
github.com/piplabs/story/client/x/dkg/types/query.pb.go:3054.18,3056.5 1 0
github.com/piplabs/story/client/x/dkg/types/query.pb.go:3057.4,3060.16 4 0
github.com/piplabs/story/client/x/dkg/types/query.pb.go:3060.16,3061.10 1 0
github.com/piplabs/story/client/x/dkg/types/query.pb.go:3064.3,3066.20 3 0
github.com/piplabs/story/client/x/dkg/types/query.pb.go:3066.20,3068.4 1 0
github.com/piplabs/story/client/x/dkg/types/query.pb.go:3069.3,3069.20 1 0
github.com/piplabs/story/client/x/dkg/types/query.pb.go:3069.20,3071.4 1 0
github.com/piplabs/story/client/x/dkg/types/query.pb.go:3072.3,3072.19 1 0
github.com/piplabs/story/client/x/dkg/types/query.pb.go:3073.10,3074.21 1 0
github.com/piplabs/story/client/x/dkg/types/query.pb.go:3074.21,3076.5 1 0
github.com/piplabs/story/client/x/dkg/types/query.pb.go:3077.4,3078.39 2 0
github.com/piplabs/story/client/x/dkg/types/query.pb.go:3078.39,3079.20 1 0
github.com/piplabs/story/client/x/dkg/types/query.pb.go:3079.20,3081.6 1 0
github.com/piplabs/story/client/x/dkg/types/query.pb.go:3082.5,3082.19 1 0
github.com/piplabs/story/client/x/dkg/types/query.pb.go:3082.19,3084.6 1 0
github.com/piplabs/story/client/x/dkg/types/query.pb.go:3085.5,3088.17 4 0
github.com/piplabs/story/client/x/dkg/types/query.pb.go:3088.17,3089.11 1 0
github.com/piplabs/story/client/x/dkg/types/query.pb.go:3092.4,3092.18 1 0
github.com/piplabs/story/client/x/dkg/types/query.pb.go:3092.18,3094.5 1 0
github.com/piplabs/story/client/x/dkg/types/query.pb.go:3095.4,3096.21 2 0
github.com/piplabs/story/client/x/dkg/types/query.pb.go:3096.21,3098.5 1 0
github.com/piplabs/story/client/x/dkg/types/query.pb.go:3099.4,3099.21 1 0
github.com/piplabs/story/client/x/dkg/types/query.pb.go:3099.21,3101.5 1 0
github.com/piplabs/story/client/x/dkg/types/query.pb.go:3102.4,3102.74 1 0
github.com/piplabs/story/client/x/dkg/types/query.pb.go:3102.74,3104.5 1 0
github.com/piplabs/story/client/x/dkg/types/query.pb.go:3105.4,3105.21 1 0
github.com/piplabs/story/client/x/dkg/types/query.pb.go:3106.11,3109.18 3 0
github.com/piplabs/story/client/x/dkg/types/query.pb.go:3109.18,3111.5 1 0
github.com/piplabs/story/client/x/dkg/types/query.pb.go:3112.4,3112.42 1 0
github.com/piplabs/story/client/x/dkg/types/query.pb.go:3112.42,3114.5 1 0
github.com/piplabs/story/client/x/dkg/types/query.pb.go:3115.4,3115.28 1 0
github.com/piplabs/story/client/x/dkg/types/query.pb.go:3115.28,3117.5 1 0
github.com/piplabs/story/client/x/dkg/types/query.pb.go:3118.4,3118.19 1 0
github.com/piplabs/story/client/x/dkg/types/query.pb.go:3122.2,3122.15 1 0
github.com/piplabs/story/client/x/dkg/types/query.pb.go:3122.15,3124.3 1 0
github.com/piplabs/story/client/x/dkg/types/query.pb.go:3125.2,3125.12 1 0
github.com/piplabs/story/client/x/dkg/types/query.pb.go:3127.75,3130.16 3 0
github.com/piplabs/story/client/x/dkg/types/query.pb.go:3130.16,3133.38 3 0
github.com/piplabs/story/client/x/dkg/types/query.pb.go:3133.38,3134.19 1 0
github.com/piplabs/story/client/x/dkg/types/query.pb.go:3134.19,3136.5 1 0
github.com/piplabs/story/client/x/dkg/types/query.pb.go:3137.4,3137.18 1 0
github.com/piplabs/story/client/x/dkg/types/query.pb.go:3137.18,3139.5 1 0
github.com/piplabs/story/client/x/dkg/types/query.pb.go:3140.4,3143.16 4 0
github.com/piplabs/story/client/x/dkg/types/query.pb.go:3143.16,3144.10 1 0
github.com/piplabs/story/client/x/dkg/types/query.pb.go:3147.3,3149.20 3 0
github.com/piplabs/story/client/x/dkg/types/query.pb.go:3149.20,3151.4 1 0
github.com/piplabs/story/client/x/dkg/types/query.pb.go:3152.3,3152.20 1 0
github.com/piplabs/story/client/x/dkg/types/query.pb.go:3152.20,3154.4 1 0
github.com/piplabs/story/client/x/dkg/types/query.pb.go:3155.3,3155.19 1 0
github.com/piplabs/story/client/x/dkg/types/query.pb.go:3156.10,3157.21 1 0
github.com/piplabs/story/client/x/dkg/types/query.pb.go:3157.21,3159.5 1 0
github.com/piplabs/story/client/x/dkg/types/query.pb.go:3160.4,3161.39 2 0
github.com/piplabs/story/client/x/dkg/types/query.pb.go:3161.39,3162.20 1 0
github.com/piplabs/story/client/x/dkg/types/query.pb.go:3162.20,3164.6 1 0
github.com/piplabs/story/client/x/dkg/types/query.pb.go:3165.5,3165.19 1 0
github.com/piplabs/story/client/x/dkg/types/query.pb.go:3165.19,3167.6 1 0
github.com/piplabs/story/client/x/dkg/types/query.pb.go:3168.5,3171.17 4 0
github.com/piplabs/story/client/x/dkg/types/query.pb.go:3171.17,3172.11 1 0
github.com/piplabs/story/client/x/dkg/types/query.pb.go:3175.10,3176.21 1 0
github.com/piplabs/story/client/x/dkg/types/query.pb.go:3176.21,3178.5 1 0
github.com/piplabs/story/client/x/dkg/types/query.pb.go:3179.4,3180.39 2 0
github.com/piplabs/story/client/x/dkg/types/query.pb.go:3180.39,3181.20 1 0
github.com/piplabs/story/client/x/dkg/types/query.pb.go:3181.20,3183.6 1 0
github.com/piplabs/story/client/x/dkg/types/query.pb.go:3184.5,3184.19 1 0
github.com/piplabs/story/client/x/dkg/types/query.pb.go:3184.19,3186.6 1 0
github.com/piplabs/story/client/x/dkg/types/query.pb.go:3187.5,3190.17 4 0
github.com/piplabs/story/client/x/dkg/types/query.pb.go:3190.17,3191.11 1 0
github.com/piplabs/story/client/x/dkg/types/query.pb.go:3194.4,3195.24 2 0
github.com/piplabs/story/client/x/dkg/types/query.pb.go:3195.24,3197.5 1 0
github.com/piplabs/story/client/x/dkg/types/query.pb.go:3198.4,3199.21 2 0
github.com/piplabs/story/client/x/dkg/types/query.pb.go:3199.21,3201.5 1 0
github.com/piplabs/story/client/x/dkg/types/query.pb.go:3202.4,3202.21 1 0
github.com/piplabs/story/client/x/dkg/types/query.pb.go:3202.21,3204.5 1 0
github.com/piplabs/story/client/x/dkg/types/query.pb.go:3205.4,3206.21 2 0
github.com/piplabs/story/client/x/dkg/types/query.pb.go:3207.10,3208.21 1 0
github.com/piplabs/story/client/x/dkg/types/query.pb.go:3208.21,3210.5 1 0
github.com/piplabs/story/client/x/dkg/types/query.pb.go:3211.4,3212.39 2 0
github.com/piplabs/story/client/x/dkg/types/query.pb.go:3212.39,3213.20 1 0
github.com/piplabs/story/client/x/dkg/types/query.pb.go:3213.20,3215.6 1 0
github.com/piplabs/story/client/x/dkg/types/query.pb.go:3216.5,3216.19 1 0
github.com/piplabs/story/client/x/dkg/types/query.pb.go:3216.19,3218.6 1 0
github.com/piplabs/story/client/x/dkg/types/query.pb.go:3219.5,3222.17 4 0
github.com/piplabs/story/client/x/dkg/types/query.pb.go:3222.17,3223.11 1 0
github.com/piplabs/story/client/x/dkg/types/query.pb.go:3226.4,3226.18 1 0
github.com/piplabs/story/client/x/dkg/types/query.pb.go:3226.18,3228.5 1 0
github.com/piplabs/story/client/x/dkg/types/query.pb.go:3229.4,3230.21 2 0
github.com/piplabs/story/client/x/dkg/types/query.pb.go:3230.21,3232.5 1 0
github.com/piplabs/story/client/x/dkg/types/query.pb.go:3233.4,3233.21 1 0
github.com/piplabs/story/client/x/dkg/types/query.pb.go:3233.21,3235.5 1 0
github.com/piplabs/story/client/x/dkg/types/query.pb.go:3236.4,3236.27 1 0
github.com/piplabs/story/client/x/dkg/types/query.pb.go:3236.27,3238.5 1 0
github.com/piplabs/story/client/x/dkg/types/query.pb.go:3239.4,3239.72 1 0
github.com/piplabs/story/client/x/dkg/types/query.pb.go:3239.72,3241.5 1 0
github.com/piplabs/story/client/x/dkg/types/query.pb.go:3242.4,3242.21 1 0
github.com/piplabs/story/client/x/dkg/types/query.pb.go:3243.11,3246.18 3 0
github.com/piplabs/story/client/x/dkg/types/query.pb.go:3246.18,3248.5 1 0
github.com/piplabs/story/client/x/dkg/types/query.pb.go:3249.4,3249.42 1 0
github.com/piplabs/story/client/x/dkg/types/query.pb.go:3249.42,3251.5 1 0
github.com/piplabs/story/client/x/dkg/types/query.pb.go:3252.4,3252.28 1 0
github.com/piplabs/story/client/x/dkg/types/query.pb.go:3252.28,3254.5 1 0
github.com/piplabs/story/client/x/dkg/types/query.pb.go:3255.4,3255.19 1 0
github.com/piplabs/story/client/x/dkg/types/query.pb.go:3259.2,3259.15 1 0
github.com/piplabs/story/client/x/dkg/types/query.pb.go:3259.15,3261.3 1 0
github.com/piplabs/story/client/x/dkg/types/query.pb.go:3262.2,3262.12 1 0
github.com/piplabs/story/client/x/dkg/types/query.pb.go:3264.76,3267.16 3 0
github.com/piplabs/story/client/x/dkg/types/query.pb.go:3267.16,3270.38 3 0
github.com/piplabs/story/client/x/dkg/types/query.pb.go:3270.38,3271.19 1 0
github.com/piplabs/story/client/x/dkg/types/query.pb.go:3271.19,3273.5 1 0
github.com/piplabs/story/client/x/dkg/types/query.pb.go:3274.4,3274.18 1 0
github.com/piplabs/story/client/x/dkg/types/query.pb.go:3274.18,3276.5 1 0
github.com/piplabs/story/client/x/dkg/types/query.pb.go:3277.4,3280.16 4 0
github.com/piplabs/story/client/x/dkg/types/query.pb.go:3280.16,3281.10 1 0
github.com/piplabs/story/client/x/dkg/types/query.pb.go:3284.3,3286.20 3 0
github.com/piplabs/story/client/x/dkg/types/query.pb.go:3286.20,3288.4 1 0
github.com/piplabs/story/client/x/dkg/types/query.pb.go:3289.3,3289.20 1 0
github.com/piplabs/story/client/x/dkg/types/query.pb.go:3289.20,3291.4 1 0
github.com/piplabs/story/client/x/dkg/types/query.pb.go:3292.3,3292.19 1 0
github.com/piplabs/story/client/x/dkg/types/query.pb.go:3293.10,3294.21 1 0
github.com/piplabs/story/client/x/dkg/types/query.pb.go:3294.21,3296.5 1 0
github.com/piplabs/story/client/x/dkg/types/query.pb.go:3297.4,3298.39 2 0
github.com/piplabs/story/client/x/dkg/types/query.pb.go:3298.39,3299.20 1 0
github.com/piplabs/story/client/x/dkg/types/query.pb.go:3299.20,3301.6 1 0
github.com/piplabs/story/client/x/dkg/types/query.pb.go:3302.5,3302.19 1 0
github.com/piplabs/story/client/x/dkg/types/query.pb.go:3302.19,3304.6 1 0
github.com/piplabs/story/client/x/dkg/types/query.pb.go:3305.5,3308.17 4 0
github.com/piplabs/story/client/x/dkg/types/query.pb.go:3308.17,3309.11 1 0
github.com/piplabs/story/client/x/dkg/types/query.pb.go:3312.4,3312.18 1 0
github.com/piplabs/story/client/x/dkg/types/query.pb.go:3312.18,3314.5 1 0
github.com/piplabs/story/client/x/dkg/types/query.pb.go:3315.4,3316.21 2 0
github.com/piplabs/story/client/x/dkg/types/query.pb.go:3316.21,3318.5 1 0
github.com/piplabs/story/client/x/dkg/types/query.pb.go:3319.4,3319.21 1 0
github.com/piplabs/story/client/x/dkg/types/query.pb.go:3319.21,3321.5 1 0
github.com/piplabs/story/client/x/dkg/types/query.pb.go:3322.4,3323.99 2 0
github.com/piplabs/story/client/x/dkg/types/query.pb.go:3323.99,3325.5 1 0
github.com/piplabs/story/client/x/dkg/types/query.pb.go:3326.4,3326.21 1 0
github.com/piplabs/story/client/x/dkg/types/query.pb.go:3327.10,3328.21 1 0
github.com/piplabs/story/client/x/dkg/types/query.pb.go:3328.21,3330.5 1 0
github.com/piplabs/story/client/x/dkg/types/query.pb.go:3331.4,3332.39 2 0
github.com/piplabs/story/client/x/dkg/types/query.pb.go:3332.39,3333.20 1 0
github.com/piplabs/story/client/x/dkg/types/query.pb.go:3333.20,3335.6 1 0
github.com/piplabs/story/client/x/dkg/types/query.pb.go:3336.5,3336.19 1 0
github.com/piplabs/story/client/x/dkg/types/query.pb.go:3336.19,3338.6 1 0
github.com/piplabs/story/client/x/dkg/types/query.pb.go:3339.5,3342.17 4 0
github.com/piplabs/story/client/x/dkg/types/query.pb.go:3342.17,3343.11 1 0
github.com/piplabs/story/client/x/dkg/types/query.pb.go:3346.4,3346.18 1 0
github.com/piplabs/story/client/x/dkg/types/query.pb.go:3346.18,3348.5 1 0
github.com/piplabs/story/client/x/dkg/types/query.pb.go:3349.4,3350.21 2 0
github.com/piplabs/story/client/x/dkg/types/query.pb.go:3350.21,3352.5 1 0
github.com/piplabs/story/client/x/dkg/types/query.pb.go:3353.4,3353.21 1 0
github.com/piplabs/story/client/x/dkg/types/query.pb.go:3353.21,3355.5 1 0
github.com/piplabs/story/client/x/dkg/types/query.pb.go:3356.4,3356.27 1 0
github.com/piplabs/story/client/x/dkg/types/query.pb.go:3356.27,3358.5 1 0
github.com/piplabs/story/client/x/dkg/types/query.pb.go:3359.4,3359.72 1 0
github.com/piplabs/story/client/x/dkg/types/query.pb.go:3359.72,3361.5 1 0
github.com/piplabs/story/client/x/dkg/types/query.pb.go:3362.4,3362.21 1 0
github.com/piplabs/story/client/x/dkg/types/query.pb.go:3363.11,3366.18 3 0
github.com/piplabs/story/client/x/dkg/types/query.pb.go:3366.18,3368.5 1 0
github.com/piplabs/story/client/x/dkg/types/query.pb.go:3369.4,3369.42 1 0
github.com/piplabs/story/client/x/dkg/types/query.pb.go:3369.42,3371.5 1 0
github.com/piplabs/story/client/x/dkg/types/query.pb.go:3372.4,3372.28 1 0
github.com/piplabs/story/client/x/dkg/types/query.pb.go:3372.28,3374.5 1 0
github.com/piplabs/story/client/x/dkg/types/query.pb.go:3375.4,3375.19 1 0
github.com/piplabs/story/client/x/dkg/types/query.pb.go:3379.2,3379.15 1 0
github.com/piplabs/story/client/x/dkg/types/query.pb.go:3379.15,3381.3 1 0
github.com/piplabs/story/client/x/dkg/types/query.pb.go:3382.2,3382.12 1 0
github.com/piplabs/story/client/x/dkg/types/query.pb.go:3384.83,3387.16 3 0
github.com/piplabs/story/client/x/dkg/types/query.pb.go:3387.16,3390.38 3 0
github.com/piplabs/story/client/x/dkg/types/query.pb.go:3390.38,3391.19 1 0
github.com/piplabs/story/client/x/dkg/types/query.pb.go:3391.19,3393.5 1 0
github.com/piplabs/story/client/x/dkg/types/query.pb.go:3394.4,3394.18 1 0
github.com/piplabs/story/client/x/dkg/types/query.pb.go:3394.18,3396.5 1 0
github.com/piplabs/story/client/x/dkg/types/query.pb.go:3397.4,3400.16 4 0
github.com/piplabs/story/client/x/dkg/types/query.pb.go:3400.16,3401.10 1 0
github.com/piplabs/story/client/x/dkg/types/query.pb.go:3404.3,3406.20 3 0
github.com/piplabs/story/client/x/dkg/types/query.pb.go:3406.20,3408.4 1 0
github.com/piplabs/story/client/x/dkg/types/query.pb.go:3409.3,3409.20 1 0
github.com/piplabs/story/client/x/dkg/types/query.pb.go:3409.20,3411.4 1 0
github.com/piplabs/story/client/x/dkg/types/query.pb.go:3412.3,3412.19 1 0
github.com/piplabs/story/client/x/dkg/types/query.pb.go:3413.10,3414.21 1 0
github.com/piplabs/story/client/x/dkg/types/query.pb.go:3414.21,3416.5 1 0
github.com/piplabs/story/client/x/dkg/types/query.pb.go:3417.4,3418.39 2 0
github.com/piplabs/story/client/x/dkg/types/query.pb.go:3418.39,3419.20 1 0
github.com/piplabs/story/client/x/dkg/types/query.pb.go:3419.20,3421.6 1 0
github.com/piplabs/story/client/x/dkg/types/query.pb.go:3422.5,3422.19 1 0
github.com/piplabs/story/client/x/dkg/types/query.pb.go:3422.19,3424.6 1 0
github.com/piplabs/story/client/x/dkg/types/query.pb.go:3425.5,3428.17 4 0
github.com/piplabs/story/client/x/dkg/types/query.pb.go:3428.17,3429.11 1 0
github.com/piplabs/story/client/x/dkg/types/query.pb.go:3432.10,3433.21 1 0
github.com/piplabs/story/client/x/dkg/types/query.pb.go:3433.21,3435.5 1 0
github.com/piplabs/story/client/x/dkg/types/query.pb.go:3436.4,3437.39 2 0
github.com/piplabs/story/client/x/dkg/types/query.pb.go:3437.39,3438.20 1 0
github.com/piplabs/story/client/x/dkg/types/query.pb.go:3438.20,3440.6 1 0
github.com/piplabs/story/client/x/dkg/types/query.pb.go:3441.5,3441.19 1 0
github.com/piplabs/story/client/x/dkg/types/query.pb.go:3441.19,3443.6 1 0
github.com/piplabs/story/client/x/dkg/types/query.pb.go:3444.5,3447.17 4 0
github.com/piplabs/story/client/x/dkg/types/query.pb.go:3447.17,3448.11 1 0
github.com/piplabs/story/client/x/dkg/types/query.pb.go:3451.4,3452.24 2 0
github.com/piplabs/story/client/x/dkg/types/query.pb.go:3452.24,3454.5 1 0
github.com/piplabs/story/client/x/dkg/types/query.pb.go:3455.4,3456.21 2 0
github.com/piplabs/story/client/x/dkg/types/query.pb.go:3456.21,3458.5 1 0
github.com/piplabs/story/client/x/dkg/types/query.pb.go:3459.4,3459.21 1 0
github.com/piplabs/story/client/x/dkg/types/query.pb.go:3459.21,3461.5 1 0
github.com/piplabs/story/client/x/dkg/types/query.pb.go:3462.4,3463.21 2 0
github.com/piplabs/story/client/x/dkg/types/query.pb.go:3464.11,3467.18 3 0
github.com/piplabs/story/client/x/dkg/types/query.pb.go:3467.18,3469.5 1 0
github.com/piplabs/story/client/x/dkg/types/query.pb.go:3470.4,3470.42 1 0
github.com/piplabs/story/client/x/dkg/types/query.pb.go:3470.42,3472.5 1 0
github.com/piplabs/story/client/x/dkg/types/query.pb.go:3473.4,3473.28 1 0
github.com/piplabs/story/client/x/dkg/types/query.pb.go:3473.28,3475.5 1 0
github.com/piplabs/story/client/x/dkg/types/query.pb.go:3476.4,3476.19 1 0
github.com/piplabs/story/client/x/dkg/types/query.pb.go:3480.2,3480.15 1 0
github.com/piplabs/story/client/x/dkg/types/query.pb.go:3480.15,3482.3 1 0
github.com/piplabs/story/client/x/dkg/types/query.pb.go:3483.2,3483.12 1 0
github.com/piplabs/story/client/x/dkg/types/query.pb.go:3485.84,3488.16 3 0
github.com/piplabs/story/client/x/dkg/types/query.pb.go:3488.16,3491.38 3 0
github.com/piplabs/story/client/x/dkg/types/query.pb.go:3491.38,3492.19 1 0
github.com/piplabs/story/client/x/dkg/types/query.pb.go:3492.19,3494.5 1 0
github.com/piplabs/story/client/x/dkg/types/query.pb.go:3495.4,3495.18 1 0
github.com/piplabs/story/client/x/dkg/types/query.pb.go:3495.18,3497.5 1 0
github.com/piplabs/story/client/x/dkg/types/query.pb.go:3498.4,3501.16 4 0
github.com/piplabs/story/client/x/dkg/types/query.pb.go:3501.16,3502.10 1 0
github.com/piplabs/story/client/x/dkg/types/query.pb.go:3505.3,3507.20 3 0
github.com/piplabs/story/client/x/dkg/types/query.pb.go:3507.20,3509.4 1 0
github.com/piplabs/story/client/x/dkg/types/query.pb.go:3510.3,3510.20 1 0
github.com/piplabs/story/client/x/dkg/types/query.pb.go:3510.20,3512.4 1 0
github.com/piplabs/story/client/x/dkg/types/query.pb.go:3513.3,3513.19 1 0
github.com/piplabs/story/client/x/dkg/types/query.pb.go:3514.10,3515.21 1 0
github.com/piplabs/story/client/x/dkg/types/query.pb.go:3515.21,3517.5 1 0
github.com/piplabs/story/client/x/dkg/types/query.pb.go:3518.4,3519.39 2 0
github.com/piplabs/story/client/x/dkg/types/query.pb.go:3519.39,3520.20 1 0
github.com/piplabs/story/client/x/dkg/types/query.pb.go:3520.20,3522.6 1 0
github.com/piplabs/story/client/x/dkg/types/query.pb.go:3523.5,3523.19 1 0
github.com/piplabs/story/client/x/dkg/types/query.pb.go:3523.19,3525.6 1 0
github.com/piplabs/story/client/x/dkg/types/query.pb.go:3526.5,3529.17 4 0
github.com/piplabs/story/client/x/dkg/types/query.pb.go:3529.17,3530.11 1 0
github.com/piplabs/story/client/x/dkg/types/query.pb.go:3533.4,3533.18 1 0
github.com/piplabs/story/client/x/dkg/types/query.pb.go:3533.18,3535.5 1 0
github.com/piplabs/story/client/x/dkg/types/query.pb.go:3536.4,3537.21 2 0
github.com/piplabs/story/client/x/dkg/types/query.pb.go:3537.21,3539.5 1 0
github.com/piplabs/story/client/x/dkg/types/query.pb.go:3540.4,3540.21 1 0
github.com/piplabs/story/client/x/dkg/types/query.pb.go:3540.21,3542.5 1 0
github.com/piplabs/story/client/x/dkg/types/query.pb.go:3543.4,3544.99 2 0
github.com/piplabs/story/client/x/dkg/types/query.pb.go:3544.99,3546.5 1 0
github.com/piplabs/story/client/x/dkg/types/query.pb.go:3547.4,3547.21 1 0
github.com/piplabs/story/client/x/dkg/types/query.pb.go:3548.11,3551.18 3 0
github.com/piplabs/story/client/x/dkg/types/query.pb.go:3551.18,3553.5 1 0
github.com/piplabs/story/client/x/dkg/types/query.pb.go:3554.4,3554.42 1 0
github.com/piplabs/story/client/x/dkg/types/query.pb.go:3554.42,3556.5 1 0
github.com/piplabs/story/client/x/dkg/types/query.pb.go:3557.4,3557.28 1 0
github.com/piplabs/story/client/x/dkg/types/query.pb.go:3557.28,3559.5 1 0
github.com/piplabs/story/client/x/dkg/types/query.pb.go:3560.4,3560.19 1 0
github.com/piplabs/story/client/x/dkg/types/query.pb.go:3564.2,3564.15 1 0
github.com/piplabs/story/client/x/dkg/types/query.pb.go:3564.15,3566.3 1 0
github.com/piplabs/story/client/x/dkg/types/query.pb.go:3567.2,3567.12 1 0
github.com/piplabs/story/client/x/dkg/types/query.pb.go:3569.78,3572.16 3 0
github.com/piplabs/story/client/x/dkg/types/query.pb.go:3572.16,3575.38 3 0
github.com/piplabs/story/client/x/dkg/types/query.pb.go:3575.38,3576.19 1 0
github.com/piplabs/story/client/x/dkg/types/query.pb.go:3576.19,3578.5 1 0
github.com/piplabs/story/client/x/dkg/types/query.pb.go:3579.4,3579.18 1 0
github.com/piplabs/story/client/x/dkg/types/query.pb.go:3579.18,3581.5 1 0
github.com/piplabs/story/client/x/dkg/types/query.pb.go:3582.4,3585.16 4 0
github.com/piplabs/story/client/x/dkg/types/query.pb.go:3585.16,3586.10 1 0
github.com/piplabs/story/client/x/dkg/types/query.pb.go:3589.3,3591.20 3 0
github.com/piplabs/story/client/x/dkg/types/query.pb.go:3591.20,3593.4 1 0
github.com/piplabs/story/client/x/dkg/types/query.pb.go:3594.3,3594.20 1 0
github.com/piplabs/story/client/x/dkg/types/query.pb.go:3594.20,3596.4 1 0
github.com/piplabs/story/client/x/dkg/types/query.pb.go:3597.3,3597.19 1 0
github.com/piplabs/story/client/x/dkg/types/query.pb.go:3598.11,3601.18 3 0
github.com/piplabs/story/client/x/dkg/types/query.pb.go:3601.18,3603.5 1 0
github.com/piplabs/story/client/x/dkg/types/query.pb.go:3604.4,3604.42 1 0
github.com/piplabs/story/client/x/dkg/types/query.pb.go:3604.42,3606.5 1 0
github.com/piplabs/story/client/x/dkg/types/query.pb.go:3607.4,3607.28 1 0
github.com/piplabs/story/client/x/dkg/types/query.pb.go:3607.28,3609.5 1 0
github.com/piplabs/story/client/x/dkg/types/query.pb.go:3610.4,3610.19 1 0
github.com/piplabs/story/client/x/dkg/types/query.pb.go:3614.2,3614.15 1 0
github.com/piplabs/story/client/x/dkg/types/query.pb.go:3614.15,3616.3 1 0
github.com/piplabs/story/client/x/dkg/types/query.pb.go:3617.2,3617.12 1 0
github.com/piplabs/story/client/x/dkg/types/query.pb.go:3619.79,3622.16 3 0
github.com/piplabs/story/client/x/dkg/types/query.pb.go:3622.16,3625.38 3 0
github.com/piplabs/story/client/x/dkg/types/query.pb.go:3625.38,3626.19 1 0
github.com/piplabs/story/client/x/dkg/types/query.pb.go:3626.19,3628.5 1 0
github.com/piplabs/story/client/x/dkg/types/query.pb.go:3629.4,3629.18 1 0
github.com/piplabs/story/client/x/dkg/types/query.pb.go:3629.18,3631.5 1 0
github.com/piplabs/story/client/x/dkg/types/query.pb.go:3632.4,3635.16 4 0
github.com/piplabs/story/client/x/dkg/types/query.pb.go:3635.16,3636.10 1 0
github.com/piplabs/story/client/x/dkg/types/query.pb.go:3639.3,3641.20 3 0
github.com/piplabs/story/client/x/dkg/types/query.pb.go:3641.20,3643.4 1 0
github.com/piplabs/story/client/x/dkg/types/query.pb.go:3644.3,3644.20 1 0
github.com/piplabs/story/client/x/dkg/types/query.pb.go:3644.20,3646.4 1 0
github.com/piplabs/story/client/x/dkg/types/query.pb.go:3647.3,3647.19 1 0
github.com/piplabs/story/client/x/dkg/types/query.pb.go:3648.10,3649.21 1 0
github.com/piplabs/story/client/x/dkg/types/query.pb.go:3649.21,3651.5 1 0
github.com/piplabs/story/client/x/dkg/types/query.pb.go:3652.4,3653.39 2 0
github.com/piplabs/story/client/x/dkg/types/query.pb.go:3653.39,3654.20 1 0
github.com/piplabs/story/client/x/dkg/types/query.pb.go:3654.20,3656.6 1 0
github.com/piplabs/story/client/x/dkg/types/query.pb.go:3657.5,3657.19 1 0
github.com/piplabs/story/client/x/dkg/types/query.pb.go:3657.19,3659.6 1 0
github.com/piplabs/story/client/x/dkg/types/query.pb.go:3660.5,3663.17 4 0
github.com/piplabs/story/client/x/dkg/types/query.pb.go:3663.17,3664.11 1 0
github.com/piplabs/story/client/x/dkg/types/query.pb.go:3667.4,3667.18 1 0
github.com/piplabs/story/client/x/dkg/types/query.pb.go:3667.18,3669.5 1 0
github.com/piplabs/story/client/x/dkg/types/query.pb.go:3670.4,3671.21 2 0
github.com/piplabs/story/client/x/dkg/types/query.pb.go:3671.21,3673.5 1 0
github.com/piplabs/story/client/x/dkg/types/query.pb.go:3674.4,3674.21 1 0
github.com/piplabs/story/client/x/dkg/types/query.pb.go:3674.21,3676.5 1 0
github.com/piplabs/story/client/x/dkg/types/query.pb.go:3677.4,3677.69 1 0
github.com/piplabs/story/client/x/dkg/types/query.pb.go:3677.69,3679.5 1 0
github.com/piplabs/story/client/x/dkg/types/query.pb.go:3680.4,3680.21 1 0
github.com/piplabs/story/client/x/dkg/types/query.pb.go:3681.11,3684.18 3 0
github.com/piplabs/story/client/x/dkg/types/query.pb.go:3684.18,3686.5 1 0
github.com/piplabs/story/client/x/dkg/types/query.pb.go:3687.4,3687.42 1 0
github.com/piplabs/story/client/x/dkg/types/query.pb.go:3687.42,3689.5 1 0
github.com/piplabs/story/client/x/dkg/types/query.pb.go:3690.4,3690.28 1 0
github.com/piplabs/story/client/x/dkg/types/query.pb.go:3690.28,3692.5 1 0
github.com/piplabs/story/client/x/dkg/types/query.pb.go:3693.4,3693.19 1 0
github.com/piplabs/story/client/x/dkg/types/query.pb.go:3697.2,3697.15 1 0
github.com/piplabs/story/client/x/dkg/types/query.pb.go:3697.15,3699.3 1 0
github.com/piplabs/story/client/x/dkg/types/query.pb.go:3700.2,3700.12 1 0
github.com/piplabs/story/client/x/dkg/types/query.pb.go:3702.67,3705.16 3 0
github.com/piplabs/story/client/x/dkg/types/query.pb.go:3705.16,3708.38 3 0
github.com/piplabs/story/client/x/dkg/types/query.pb.go:3708.38,3709.19 1 0
github.com/piplabs/story/client/x/dkg/types/query.pb.go:3709.19,3711.5 1 0
github.com/piplabs/story/client/x/dkg/types/query.pb.go:3712.4,3712.18 1 0
github.com/piplabs/story/client/x/dkg/types/query.pb.go:3712.18,3714.5 1 0
github.com/piplabs/story/client/x/dkg/types/query.pb.go:3715.4,3718.16 4 0
github.com/piplabs/story/client/x/dkg/types/query.pb.go:3718.16,3719.10 1 0
github.com/piplabs/story/client/x/dkg/types/query.pb.go:3722.3,3724.20 3 0
github.com/piplabs/story/client/x/dkg/types/query.pb.go:3724.20,3726.4 1 0
github.com/piplabs/story/client/x/dkg/types/query.pb.go:3727.3,3727.20 1 0
github.com/piplabs/story/client/x/dkg/types/query.pb.go:3727.20,3729.4 1 0
github.com/piplabs/story/client/x/dkg/types/query.pb.go:3730.3,3730.19 1 0
github.com/piplabs/story/client/x/dkg/types/query.pb.go:3731.10,3732.21 1 0
github.com/piplabs/story/client/x/dkg/types/query.pb.go:3732.21,3734.5 1 0
github.com/piplabs/story/client/x/dkg/types/query.pb.go:3735.4,3736.39 2 0
github.com/piplabs/story/client/x/dkg/types/query.pb.go:3736.39,3737.20 1 0
github.com/piplabs/story/client/x/dkg/types/query.pb.go:3737.20,3739.6 1 0
github.com/piplabs/story/client/x/dkg/types/query.pb.go:3740.5,3740.19 1 0
github.com/piplabs/story/client/x/dkg/types/query.pb.go:3740.19,3742.6 1 0
github.com/piplabs/story/client/x/dkg/types/query.pb.go:3743.5,3746.17 4 0
github.com/piplabs/story/client/x/dkg/types/query.pb.go:3746.17,3747.11 1 0
github.com/piplabs/story/client/x/dkg/types/query.pb.go:3750.10,3751.21 1 0
github.com/piplabs/story/client/x/dkg/types/query.pb.go:3751.21,3753.5 1 0
github.com/piplabs/story/client/x/dkg/types/query.pb.go:3754.4,3755.39 2 0
github.com/piplabs/story/client/x/dkg/types/query.pb.go:3755.39,3756.20 1 0
github.com/piplabs/story/client/x/dkg/types/query.pb.go:3756.20,3758.6 1 0
github.com/piplabs/story/client/x/dkg/types/query.pb.go:3759.5,3759.19 1 0
github.com/piplabs/story/client/x/dkg/types/query.pb.go:3759.19,3761.6 1 0
github.com/piplabs/story/client/x/dkg/types/query.pb.go:3762.5,3765.17 4 0
github.com/piplabs/story/client/x/dkg/types/query.pb.go:3765.17,3766.11 1 0
github.com/piplabs/story/client/x/dkg/types/query.pb.go:3769.4,3770.24 2 0
github.com/piplabs/story/client/x/dkg/types/query.pb.go:3770.24,3772.5 1 0
github.com/piplabs/story/client/x/dkg/types/query.pb.go:3773.4,3774.21 2 0
github.com/piplabs/story/client/x/dkg/types/query.pb.go:3774.21,3776.5 1 0
github.com/piplabs/story/client/x/dkg/types/query.pb.go:3777.4,3777.21 1 0
github.com/piplabs/story/client/x/dkg/types/query.pb.go:3777.21,3779.5 1 0
github.com/piplabs/story/client/x/dkg/types/query.pb.go:3780.4,3781.21 2 0
github.com/piplabs/story/client/x/dkg/types/query.pb.go:3782.11,3785.18 3 0
github.com/piplabs/story/client/x/dkg/types/query.pb.go:3785.18,3787.5 1 0
github.com/piplabs/story/client/x/dkg/types/query.pb.go:3788.4,3788.42 1 0
github.com/piplabs/story/client/x/dkg/types/query.pb.go:3788.42,3790.5 1 0
github.com/piplabs/story/client/x/dkg/types/query.pb.go:3791.4,3791.28 1 0
github.com/piplabs/story/client/x/dkg/types/query.pb.go:3791.28,3793.5 1 0
github.com/piplabs/story/client/x/dkg/types/query.pb.go:3794.4,3794.19 1 0
github.com/piplabs/story/client/x/dkg/types/query.pb.go:3798.2,3798.15 1 0
github.com/piplabs/story/client/x/dkg/types/query.pb.go:3798.15,3800.3 1 0
github.com/piplabs/story/client/x/dkg/types/query.pb.go:3801.2,3801.12 1 0
github.com/piplabs/story/client/x/dkg/types/query.pb.go:3803.68,3806.16 3 0
github.com/piplabs/story/client/x/dkg/types/query.pb.go:3806.16,3809.38 3 0
github.com/piplabs/story/client/x/dkg/types/query.pb.go:3809.38,3810.19 1 0
github.com/piplabs/story/client/x/dkg/types/query.pb.go:3810.19,3812.5 1 0
github.com/piplabs/story/client/x/dkg/types/query.pb.go:3813.4,3813.18 1 0
github.com/piplabs/story/client/x/dkg/types/query.pb.go:3813.18,3815.5 1 0
github.com/piplabs/story/client/x/dkg/types/query.pb.go:3816.4,3819.16 4 0
github.com/piplabs/story/client/x/dkg/types/query.pb.go:3819.16,3820.10 1 0
github.com/piplabs/story/client/x/dkg/types/query.pb.go:3823.3,3825.20 3 0
github.com/piplabs/story/client/x/dkg/types/query.pb.go:3825.20,3827.4 1 0
github.com/piplabs/story/client/x/dkg/types/query.pb.go:3828.3,3828.20 1 0
github.com/piplabs/story/client/x/dkg/types/query.pb.go:3828.20,3830.4 1 0
github.com/piplabs/story/client/x/dkg/types/query.pb.go:3831.3,3831.19 1 0
github.com/piplabs/story/client/x/dkg/types/query.pb.go:3832.10,3833.21 1 0
github.com/piplabs/story/client/x/dkg/types/query.pb.go:3833.21,3835.5 1 0
github.com/piplabs/story/client/x/dkg/types/query.pb.go:3836.4,3837.39 2 0
github.com/piplabs/story/client/x/dkg/types/query.pb.go:3837.39,3838.20 1 0
github.com/piplabs/story/client/x/dkg/types/query.pb.go:3838.20,3840.6 1 0
github.com/piplabs/story/client/x/dkg/types/query.pb.go:3841.5,3841.19 1 0
github.com/piplabs/story/client/x/dkg/types/query.pb.go:3841.19,3843.6 1 0
github.com/piplabs/story/client/x/dkg/types/query.pb.go:3844.5,3847.17 4 0
github.com/piplabs/story/client/x/dkg/types/query.pb.go:3847.17,3848.11 1 0
github.com/piplabs/story/client/x/dkg/types/query.pb.go:3851.4,3851.18 1 0
github.com/piplabs/story/client/x/dkg/types/query.pb.go:3851.18,3853.5 1 0
github.com/piplabs/story/client/x/dkg/types/query.pb.go:3854.4,3855.21 2 0
github.com/piplabs/story/client/x/dkg/types/query.pb.go:3855.21,3857.5 1 0
github.com/piplabs/story/client/x/dkg/types/query.pb.go:3858.4,3858.21 1 0
github.com/piplabs/story/client/x/dkg/types/query.pb.go:3858.21,3860.5 1 0
github.com/piplabs/story/client/x/dkg/types/query.pb.go:3861.4,3862.95 2 0
github.com/piplabs/story/client/x/dkg/types/query.pb.go:3862.95,3864.5 1 0
github.com/piplabs/story/client/x/dkg/types/query.pb.go:3865.4,3865.21 1 0
github.com/piplabs/story/client/x/dkg/types/query.pb.go:3866.11,3869.18 3 0
github.com/piplabs/story/client/x/dkg/types/query.pb.go:3869.18,3871.5 1 0
github.com/piplabs/story/client/x/dkg/types/query.pb.go:3872.4,3872.42 1 0
github.com/piplabs/story/client/x/dkg/types/query.pb.go:3872.42,3874.5 1 0
github.com/piplabs/story/client/x/dkg/types/query.pb.go:3875.4,3875.28 1 0
github.com/piplabs/story/client/x/dkg/types/query.pb.go:3875.28,3877.5 1 0
github.com/piplabs/story/client/x/dkg/types/query.pb.go:3878.4,3878.19 1 0
github.com/piplabs/story/client/x/dkg/types/query.pb.go:3882.2,3882.15 1 0
github.com/piplabs/story/client/x/dkg/types/query.pb.go:3882.15,3884.3 1 0
github.com/piplabs/story/client/x/dkg/types/query.pb.go:3885.2,3885.12 1 0
github.com/piplabs/story/client/x/dkg/types/query.pb.go:3887.48,3891.16 4 0
github.com/piplabs/story/client/x/dkg/types/query.pb.go:3891.16,3893.38 2 0
github.com/piplabs/story/client/x/dkg/types/query.pb.go:3893.38,3894.19 1 0
github.com/piplabs/story/client/x/dkg/types/query.pb.go:3894.19,3896.5 1 0
github.com/piplabs/story/client/x/dkg/types/query.pb.go:3897.4,3897.18 1 0
github.com/piplabs/story/client/x/dkg/types/query.pb.go:3897.18,3899.5 1 0
github.com/piplabs/story/client/x/dkg/types/query.pb.go:3900.4,3903.16 4 0
github.com/piplabs/story/client/x/dkg/types/query.pb.go:3903.16,3904.10 1 0
github.com/piplabs/story/client/x/dkg/types/query.pb.go:3907.3,3908.19 2 0
github.com/piplabs/story/client/x/dkg/types/query.pb.go:3909.10,3910.39 1 0
github.com/piplabs/story/client/x/dkg/types/query.pb.go:3910.39,3911.20 1 0
github.com/piplabs/story/client/x/dkg/types/query.pb.go:3911.20,3913.6 1 0
github.com/piplabs/story/client/x/dkg/types/query.pb.go:3914.5,3914.19 1 0
github.com/piplabs/story/client/x/dkg/types/query.pb.go:3914.19,3916.6 1 0
github.com/piplabs/story/client/x/dkg/types/query.pb.go:3917.5,3918.29 2 0
github.com/piplabs/story/client/x/dkg/types/query.pb.go:3918.29,3919.11 1 0
github.com/piplabs/story/client/x/dkg/types/query.pb.go:3922.10,3923.14 1 0
github.com/piplabs/story/client/x/dkg/types/query.pb.go:3924.10,3926.39 2 0
github.com/piplabs/story/client/x/dkg/types/query.pb.go:3926.39,3927.20 1 0
github.com/piplabs/story/client/x/dkg/types/query.pb.go:3927.20,3929.6 1 0
github.com/piplabs/story/client/x/dkg/types/query.pb.go:3930.5,3930.19 1 0
github.com/piplabs/story/client/x/dkg/types/query.pb.go:3930.19,3932.6 1 0
github.com/piplabs/story/client/x/dkg/types/query.pb.go:3933.5,3936.17 4 0
github.com/piplabs/story/client/x/dkg/types/query.pb.go:3936.17,3937.11 1 0
github.com/piplabs/story/client/x/dkg/types/query.pb.go:3940.4,3940.18 1 0
github.com/piplabs/story/client/x/dkg/types/query.pb.go:3940.18,3942.5 1 0
github.com/piplabs/story/client/x/dkg/types/query.pb.go:3943.4,3943.19 1 0
github.com/piplabs/story/client/x/dkg/types/query.pb.go:3944.10,3945.11 1 0
github.com/piplabs/story/client/x/dkg/types/query.pb.go:3946.10,3947.18 1 0
github.com/piplabs/story/client/x/dkg/types/query.pb.go:3947.18,3949.5 1 0
github.com/piplabs/story/client/x/dkg/types/query.pb.go:3950.4,3950.11 1 0
github.com/piplabs/story/client/x/dkg/types/query.pb.go:3951.10,3952.14 1 0
github.com/piplabs/story/client/x/dkg/types/query.pb.go:3953.11,3954.64 1 0
github.com/piplabs/story/client/x/dkg/types/query.pb.go:3956.3,3956.16 1 0
github.com/piplabs/story/client/x/dkg/types/query.pb.go:3956.16,3958.4 1 0
github.com/piplabs/story/client/x/dkg/types/query.pb.go:3959.3,3959.17 1 0
github.com/piplabs/story/client/x/dkg/types/query.pb.go:3959.17,3961.4 1 0
github.com/piplabs/story/client/x/dkg/types/query.pb.go:3963.2,3963.31 1 0
github.com/piplabs/story/client/x/dkg/types/types.pb.go:49.39,51.2 1 0
github.com/piplabs/story/client/x/dkg/types/types.pb.go:53.54,55.2 1 0
github.com/piplabs/story/client/x/dkg/types/types.pb.go:89.35,91.2 1 0
github.com/piplabs/story/client/x/dkg/types/types.pb.go:93.50,95.2 1 0
github.com/piplabs/story/client/x/dkg/types/types.pb.go:112.38,112.59 1 0
github.com/piplabs/story/client/x/dkg/types/types.pb.go:113.38,113.75 1 0
github.com/piplabs/story/client/x/dkg/types/types.pb.go:114.39,114.40 0 0
github.com/piplabs/story/client/x/dkg/types/types.pb.go:115.49,117.2 1 0
github.com/piplabs/story/client/x/dkg/types/types.pb.go:118.52,120.2 1 0
github.com/piplabs/story/client/x/dkg/types/types.pb.go:121.80,122.19 1 0
github.com/piplabs/story/client/x/dkg/types/types.pb.go:122.19,124.3 1 0
github.com/piplabs/story/client/x/dkg/types/types.pb.go:124.8,127.17 3 0
github.com/piplabs/story/client/x/dkg/types/types.pb.go:127.17,129.4 1 0
github.com/piplabs/story/client/x/dkg/types/types.pb.go:130.3,130.20 1 0
github.com/piplabs/story/client/x/dkg/types/types.pb.go:133.51,135.2 1 0
github.com/piplabs/story/client/x/dkg/types/types.pb.go:136.37,138.2 1 0
github.com/piplabs/story/client/x/dkg/types/types.pb.go:139.43,141.2 1 0
github.com/piplabs/story/client/x/dkg/types/types.pb.go:145.40,146.14 1 0
github.com/piplabs/story/client/x/dkg/types/types.pb.go:146.14,148.3 1 0
github.com/piplabs/story/client/x/dkg/types/types.pb.go:149.2,149.10 1 0
github.com/piplabs/story/client/x/dkg/types/types.pb.go:152.50,153.14 1 0
github.com/piplabs/story/client/x/dkg/types/types.pb.go:153.14,155.3 1 0
github.com/piplabs/story/client/x/dkg/types/types.pb.go:156.2,156.10 1 0
github.com/piplabs/story/client/x/dkg/types/types.pb.go:159.49,160.14 1 0
github.com/piplabs/story/client/x/dkg/types/types.pb.go:160.14,162.3 1 0
github.com/piplabs/story/client/x/dkg/types/types.pb.go:163.2,163.12 1 0
github.com/piplabs/story/client/x/dkg/types/types.pb.go:166.49,167.14 1 0
github.com/piplabs/story/client/x/dkg/types/types.pb.go:167.14,169.3 1 0
github.com/piplabs/story/client/x/dkg/types/types.pb.go:170.2,170.12 1 0
github.com/piplabs/story/client/x/dkg/types/types.pb.go:173.40,174.14 1 0
github.com/piplabs/story/client/x/dkg/types/types.pb.go:174.14,176.3 1 0
github.com/piplabs/story/client/x/dkg/types/types.pb.go:177.2,177.10 1 0
github.com/piplabs/story/client/x/dkg/types/types.pb.go:180.44,181.14 1 0
github.com/piplabs/story/client/x/dkg/types/types.pb.go:181.14,183.3 1 0
github.com/piplabs/story/client/x/dkg/types/types.pb.go:184.2,184.10 1 0
github.com/piplabs/story/client/x/dkg/types/types.pb.go:187.42,188.14 1 0
github.com/piplabs/story/client/x/dkg/types/types.pb.go:188.14,190.3 1 0
github.com/piplabs/story/client/x/dkg/types/types.pb.go:191.2,191.28 1 0
github.com/piplabs/story/client/x/dkg/types/types.pb.go:194.44,195.14 1 0
github.com/piplabs/story/client/x/dkg/types/types.pb.go:195.14,197.3 1 0
github.com/piplabs/story/client/x/dkg/types/types.pb.go:198.2,198.14 1 0
github.com/piplabs/story/client/x/dkg/types/types.pb.go:201.50,202.14 1 0
github.com/piplabs/story/client/x/dkg/types/types.pb.go:202.14,204.3 1 0
github.com/piplabs/story/client/x/dkg/types/types.pb.go:205.2,205.12 1 0
github.com/piplabs/story/client/x/dkg/types/types.pb.go:208.49,209.14 1 0
github.com/piplabs/story/client/x/dkg/types/types.pb.go:209.14,211.3 1 0
github.com/piplabs/story/client/x/dkg/types/types.pb.go:212.2,212.12 1 0
github.com/piplabs/story/client/x/dkg/types/types.pb.go:215.42,216.14 1 0
github.com/piplabs/story/client/x/dkg/types/types.pb.go:216.14,218.3 1 0
github.com/piplabs/story/client/x/dkg/types/types.pb.go:219.2,219.14 1 0
github.com/piplabs/story/client/x/dkg/types/types.pb.go:235.43,235.69 1 0
github.com/piplabs/story/client/x/dkg/types/types.pb.go:236.43,236.80 1 0
github.com/piplabs/story/client/x/dkg/types/types.pb.go:237.44,237.45 0 0
github.com/piplabs/story/client/x/dkg/types/types.pb.go:238.54,240.2 1 0
github.com/piplabs/story/client/x/dkg/types/types.pb.go:241.57,243.2 1 0
github.com/piplabs/story/client/x/dkg/types/types.pb.go:244.85,245.19 1 0
github.com/piplabs/story/client/x/dkg/types/types.pb.go:245.19,247.3 1 0
github.com/piplabs/story/client/x/dkg/types/types.pb.go:247.8,250.17 3 0
github.com/piplabs/story/client/x/dkg/types/types.pb.go:250.17,252.4 1 0
github.com/piplabs/story/client/x/dkg/types/types.pb.go:253.3,253.20 1 0
github.com/piplabs/story/client/x/dkg/types/types.pb.go:256.56,258.2 1 0
github.com/piplabs/story/client/x/dkg/types/types.pb.go:259.42,261.2 1 0
github.com/piplabs/story/client/x/dkg/types/types.pb.go:262.48,264.2 1 0
github.com/piplabs/story/client/x/dkg/types/types.pb.go:268.45,269.14 1 0
github.com/piplabs/story/client/x/dkg/types/types.pb.go:269.14,271.3 1 0
github.com/piplabs/story/client/x/dkg/types/types.pb.go:272.2,272.10 1 0
github.com/piplabs/story/client/x/dkg/types/types.pb.go:275.53,276.14 1 0
github.com/piplabs/story/client/x/dkg/types/types.pb.go:276.14,278.3 1 0
github.com/piplabs/story/client/x/dkg/types/types.pb.go:279.2,279.11 1 0
github.com/piplabs/story/client/x/dkg/types/types.pb.go:282.45,283.14 1 0
github.com/piplabs/story/client/x/dkg/types/types.pb.go:283.14,285.3 1 0
github.com/piplabs/story/client/x/dkg/types/types.pb.go:286.2,286.10 1 0
github.com/piplabs/story/client/x/dkg/types/types.pb.go:289.49,290.14 1 0
github.com/piplabs/story/client/x/dkg/types/types.pb.go:290.14,292.3 1 0
github.com/piplabs/story/client/x/dkg/types/types.pb.go:293.2,293.12 1 0
github.com/piplabs/story/client/x/dkg/types/types.pb.go:296.50,297.14 1 0
github.com/piplabs/story/client/x/dkg/types/types.pb.go:297.14,299.3 1 0
github.com/piplabs/story/client/x/dkg/types/types.pb.go:300.2,300.12 1 0
github.com/piplabs/story/client/x/dkg/types/types.pb.go:303.51,304.14 1 0
github.com/piplabs/story/client/x/dkg/types/types.pb.go:304.14,306.3 1 0
github.com/piplabs/story/client/x/dkg/types/types.pb.go:307.2,307.12 1 0
github.com/piplabs/story/client/x/dkg/types/types.pb.go:310.53,311.14 1 0
github.com/piplabs/story/client/x/dkg/types/types.pb.go:311.14,313.3 1 0
github.com/piplabs/story/client/x/dkg/types/types.pb.go:314.2,314.12 1 0
github.com/piplabs/story/client/x/dkg/types/types.pb.go:317.52,318.14 1 0
github.com/piplabs/story/client/x/dkg/types/types.pb.go:318.14,320.3 1 0
github.com/piplabs/story/client/x/dkg/types/types.pb.go:321.2,321.32 1 0
github.com/piplabs/story/client/x/dkg/types/types.pb.go:324.54,325.14 1 0
github.com/piplabs/story/client/x/dkg/types/types.pb.go:325.14,327.3 1 0
github.com/piplabs/story/client/x/dkg/types/types.pb.go:328.2,328.12 1 0
github.com/piplabs/story/client/x/dkg/types/types.pb.go:331.51,332.14 1 0
github.com/piplabs/story/client/x/dkg/types/types.pb.go:332.14,334.3 1 0
github.com/piplabs/story/client/x/dkg/types/types.pb.go:335.2,335.12 1 0
github.com/piplabs/story/client/x/dkg/types/types.pb.go:344.45,344.73 1 0
github.com/piplabs/story/client/x/dkg/types/types.pb.go:345.45,345.82 1 0
github.com/piplabs/story/client/x/dkg/types/types.pb.go:346.46,346.47 0 0
github.com/piplabs/story/client/x/dkg/types/types.pb.go:347.56,349.2 1 0
github.com/piplabs/story/client/x/dkg/types/types.pb.go:350.59,352.2 1 0
github.com/piplabs/story/client/x/dkg/types/types.pb.go:353.87,354.19 1 0
github.com/piplabs/story/client/x/dkg/types/types.pb.go:354.19,356.3 1 0
github.com/piplabs/story/client/x/dkg/types/types.pb.go:356.8,359.17 3 0
github.com/piplabs/story/client/x/dkg/types/types.pb.go:359.17,361.4 1 0
github.com/piplabs/story/client/x/dkg/types/types.pb.go:362.3,362.20 1 0
github.com/piplabs/story/client/x/dkg/types/types.pb.go:365.58,367.2 1 0
github.com/piplabs/story/client/x/dkg/types/types.pb.go:368.44,370.2 1 0
github.com/piplabs/story/client/x/dkg/types/types.pb.go:371.50,373.2 1 0
github.com/piplabs/story/client/x/dkg/types/types.pb.go:377.56,378.14 1 0
github.com/piplabs/story/client/x/dkg/types/types.pb.go:378.14,380.3 1 0
github.com/piplabs/story/client/x/dkg/types/types.pb.go:381.2,381.11 1 0
github.com/piplabs/story/client/x/dkg/types/types.pb.go:384.57,385.14 1 0
github.com/piplabs/story/client/x/dkg/types/types.pb.go:385.14,387.3 1 0
github.com/piplabs/story/client/x/dkg/types/types.pb.go:388.2,388.10 1 0
github.com/piplabs/story/client/x/dkg/types/types.pb.go:391.51,392.14 1 0
github.com/piplabs/story/client/x/dkg/types/types.pb.go:392.14,394.3 1 0
github.com/piplabs/story/client/x/dkg/types/types.pb.go:395.2,395.14 1 0
github.com/piplabs/story/client/x/dkg/types/types.pb.go:405.41,405.65 1 0
github.com/piplabs/story/client/x/dkg/types/types.pb.go:406.41,406.78 1 0
github.com/piplabs/story/client/x/dkg/types/types.pb.go:407.42,407.43 0 0
github.com/piplabs/story/client/x/dkg/types/types.pb.go:408.52,410.2 1 0
github.com/piplabs/story/client/x/dkg/types/types.pb.go:411.55,413.2 1 0
github.com/piplabs/story/client/x/dkg/types/types.pb.go:414.83,415.19 1 0
github.com/piplabs/story/client/x/dkg/types/types.pb.go:415.19,417.3 1 0
github.com/piplabs/story/client/x/dkg/types/types.pb.go:417.8,420.17 3 0
github.com/piplabs/story/client/x/dkg/types/types.pb.go:420.17,422.4 1 0
github.com/piplabs/story/client/x/dkg/types/types.pb.go:423.3,423.20 1 0
github.com/piplabs/story/client/x/dkg/types/types.pb.go:426.54,428.2 1 0
github.com/piplabs/story/client/x/dkg/types/types.pb.go:429.40,431.2 1 0
github.com/piplabs/story/client/x/dkg/types/types.pb.go:432.46,434.2 1 0
github.com/piplabs/story/client/x/dkg/types/types.pb.go:438.43,439.14 1 0
github.com/piplabs/story/client/x/dkg/types/types.pb.go:439.14,441.3 1 0
github.com/piplabs/story/client/x/dkg/types/types.pb.go:442.2,442.12 1 0
github.com/piplabs/story/client/x/dkg/types/types.pb.go:445.47,446.14 1 0
github.com/piplabs/story/client/x/dkg/types/types.pb.go:446.14,448.3 1 0
github.com/piplabs/story/client/x/dkg/types/types.pb.go:449.2,449.12 1 0
github.com/piplabs/story/client/x/dkg/types/types.pb.go:452.43,453.14 1 0
github.com/piplabs/story/client/x/dkg/types/types.pb.go:453.14,455.3 1 0
github.com/piplabs/story/client/x/dkg/types/types.pb.go:456.2,456.12 1 0
github.com/piplabs/story/client/x/dkg/types/types.pb.go:459.44,460.14 1 0
github.com/piplabs/story/client/x/dkg/types/types.pb.go:460.14,462.3 1 0
github.com/piplabs/story/client/x/dkg/types/types.pb.go:463.2,463.12 1 0
github.com/piplabs/story/client/x/dkg/types/types.pb.go:473.32,473.47 1 0
github.com/piplabs/story/client/x/dkg/types/types.pb.go:474.32,474.69 1 0
github.com/piplabs/story/client/x/dkg/types/types.pb.go:475.33,475.34 0 0
github.com/piplabs/story/client/x/dkg/types/types.pb.go:476.43,478.2 1 0
github.com/piplabs/story/client/x/dkg/types/types.pb.go:479.46,481.2 1 0
github.com/piplabs/story/client/x/dkg/types/types.pb.go:482.74,483.19 1 0
github.com/piplabs/story/client/x/dkg/types/types.pb.go:483.19,485.3 1 0
github.com/piplabs/story/client/x/dkg/types/types.pb.go:485.8,488.17 3 0
github.com/piplabs/story/client/x/dkg/types/types.pb.go:488.17,490.4 1 0
github.com/piplabs/story/client/x/dkg/types/types.pb.go:491.3,491.20 1 0
github.com/piplabs/story/client/x/dkg/types/types.pb.go:494.45,496.2 1 0
github.com/piplabs/story/client/x/dkg/types/types.pb.go:497.31,499.2 1 0
github.com/piplabs/story/client/x/dkg/types/types.pb.go:500.37,502.2 1 0
github.com/piplabs/story/client/x/dkg/types/types.pb.go:506.34,507.14 1 0
github.com/piplabs/story/client/x/dkg/types/types.pb.go:507.14,509.3 1 0
github.com/piplabs/story/client/x/dkg/types/types.pb.go:510.2,510.10 1 0
github.com/piplabs/story/client/x/dkg/types/types.pb.go:513.43,514.14 1 0
github.com/piplabs/story/client/x/dkg/types/types.pb.go:514.14,516.3 1 0
github.com/piplabs/story/client/x/dkg/types/types.pb.go:517.2,517.10 1 0
github.com/piplabs/story/client/x/dkg/types/types.pb.go:520.40,521.14 1 0
github.com/piplabs/story/client/x/dkg/types/types.pb.go:521.14,523.3 1 0
github.com/piplabs/story/client/x/dkg/types/types.pb.go:524.2,524.24 1 0
github.com/piplabs/story/client/x/dkg/types/types.pb.go:527.38,528.14 1 0
github.com/piplabs/story/client/x/dkg/types/types.pb.go:528.14,530.3 1 0
github.com/piplabs/story/client/x/dkg/types/types.pb.go:531.2,531.12 1 0
github.com/piplabs/story/client/x/dkg/types/types.pb.go:539.37,539.57 1 0
github.com/piplabs/story/client/x/dkg/types/types.pb.go:540.37,540.74 1 0
github.com/piplabs/story/client/x/dkg/types/types.pb.go:541.38,541.39 0 0
github.com/piplabs/story/client/x/dkg/types/types.pb.go:542.48,544.2 1 0
github.com/piplabs/story/client/x/dkg/types/types.pb.go:545.51,547.2 1 0
github.com/piplabs/story/client/x/dkg/types/types.pb.go:548.79,549.19 1 0
github.com/piplabs/story/client/x/dkg/types/types.pb.go:549.19,551.3 1 0
github.com/piplabs/story/client/x/dkg/types/types.pb.go:551.8,554.17 3 0
github.com/piplabs/story/client/x/dkg/types/types.pb.go:554.17,556.4 1 0
github.com/piplabs/story/client/x/dkg/types/types.pb.go:557.3,557.20 1 0
github.com/piplabs/story/client/x/dkg/types/types.pb.go:560.50,562.2 1 0
github.com/piplabs/story/client/x/dkg/types/types.pb.go:563.36,565.2 1 0
github.com/piplabs/story/client/x/dkg/types/types.pb.go:566.42,568.2 1 0
github.com/piplabs/story/client/x/dkg/types/types.pb.go:572.45,573.14 1 0
github.com/piplabs/story/client/x/dkg/types/types.pb.go:573.14,575.3 1 0
github.com/piplabs/story/client/x/dkg/types/types.pb.go:576.2,576.10 1 0
github.com/piplabs/story/client/x/dkg/types/types.pb.go:579.43,580.14 1 0
github.com/piplabs/story/client/x/dkg/types/types.pb.go:580.14,582.3 1 0
github.com/piplabs/story/client/x/dkg/types/types.pb.go:583.2,583.12 1 0
github.com/piplabs/story/client/x/dkg/types/types.pb.go:596.42,596.67 1 0
github.com/piplabs/story/client/x/dkg/types/types.pb.go:597.42,597.79 1 0
github.com/piplabs/story/client/x/dkg/types/types.pb.go:598.43,598.44 0 0
github.com/piplabs/story/client/x/dkg/types/types.pb.go:599.53,601.2 1 0
github.com/piplabs/story/client/x/dkg/types/types.pb.go:602.56,604.2 1 0
github.com/piplabs/story/client/x/dkg/types/types.pb.go:605.84,606.19 1 0
github.com/piplabs/story/client/x/dkg/types/types.pb.go:606.19,608.3 1 0
github.com/piplabs/story/client/x/dkg/types/types.pb.go:608.8,611.17 3 0
github.com/piplabs/story/client/x/dkg/types/types.pb.go:611.17,613.4 1 0
github.com/piplabs/story/client/x/dkg/types/types.pb.go:614.3,614.20 1 0
github.com/piplabs/story/client/x/dkg/types/types.pb.go:617.55,619.2 1 0
github.com/piplabs/story/client/x/dkg/types/types.pb.go:620.41,622.2 1 0
github.com/piplabs/story/client/x/dkg/types/types.pb.go:623.47,625.2 1 0
github.com/piplabs/story/client/x/dkg/types/types.pb.go:629.44,630.14 1 0
github.com/piplabs/story/client/x/dkg/types/types.pb.go:630.14,632.3 1 0
github.com/piplabs/story/client/x/dkg/types/types.pb.go:633.2,633.10 1 0
github.com/piplabs/story/client/x/dkg/types/types.pb.go:636.49,637.14 1 0
github.com/piplabs/story/client/x/dkg/types/types.pb.go:637.14,639.3 1 0
github.com/piplabs/story/client/x/dkg/types/types.pb.go:640.2,640.12 1 0
github.com/piplabs/story/client/x/dkg/types/types.pb.go:643.44,644.14 1 0
github.com/piplabs/story/client/x/dkg/types/types.pb.go:644.14,646.3 1 0
github.com/piplabs/story/client/x/dkg/types/types.pb.go:647.2,647.12 1 0
github.com/piplabs/story/client/x/dkg/types/types.pb.go:650.54,651.14 1 0
github.com/piplabs/story/client/x/dkg/types/types.pb.go:651.14,653.3 1 0
github.com/piplabs/story/client/x/dkg/types/types.pb.go:654.2,654.12 1 0
github.com/piplabs/story/client/x/dkg/types/types.pb.go:657.45,658.14 1 0
github.com/piplabs/story/client/x/dkg/types/types.pb.go:658.14,660.3 1 0
github.com/piplabs/story/client/x/dkg/types/types.pb.go:661.2,661.10 1 0
github.com/piplabs/story/client/x/dkg/types/types.pb.go:675.58,675.99 1 0
github.com/piplabs/story/client/x/dkg/types/types.pb.go:676.58,676.95 1 0
github.com/piplabs/story/client/x/dkg/types/types.pb.go:677.59,677.60 0 0
github.com/piplabs/story/client/x/dkg/types/types.pb.go:678.69,680.2 1 0
github.com/piplabs/story/client/x/dkg/types/types.pb.go:681.72,683.2 1 0
github.com/piplabs/story/client/x/dkg/types/types.pb.go:684.100,685.19 1 0
github.com/piplabs/story/client/x/dkg/types/types.pb.go:685.19,687.3 1 0
github.com/piplabs/story/client/x/dkg/types/types.pb.go:687.8,690.17 3 0
github.com/piplabs/story/client/x/dkg/types/types.pb.go:690.17,692.4 1 0
github.com/piplabs/story/client/x/dkg/types/types.pb.go:693.3,693.20 1 0
github.com/piplabs/story/client/x/dkg/types/types.pb.go:696.71,698.2 1 0
github.com/piplabs/story/client/x/dkg/types/types.pb.go:699.57,701.2 1 0
github.com/piplabs/story/client/x/dkg/types/types.pb.go:702.63,704.2 1 0
github.com/piplabs/story/client/x/dkg/types/types.pb.go:708.64,709.14 1 0
github.com/piplabs/story/client/x/dkg/types/types.pb.go:709.14,711.3 1 0
github.com/piplabs/story/client/x/dkg/types/types.pb.go:712.2,712.11 1 0
github.com/piplabs/story/client/x/dkg/types/types.pb.go:715.60,716.14 1 0
github.com/piplabs/story/client/x/dkg/types/types.pb.go:716.14,718.3 1 0
github.com/piplabs/story/client/x/dkg/types/types.pb.go:719.2,719.10 1 0
github.com/piplabs/story/client/x/dkg/types/types.pb.go:722.58,723.14 1 0
github.com/piplabs/story/client/x/dkg/types/types.pb.go:723.14,725.3 1 0
github.com/piplabs/story/client/x/dkg/types/types.pb.go:726.2,726.10 1 0
github.com/piplabs/story/client/x/dkg/types/types.pb.go:729.71,730.14 1 0
github.com/piplabs/story/client/x/dkg/types/types.pb.go:730.14,732.3 1 0
github.com/piplabs/story/client/x/dkg/types/types.pb.go:733.2,733.12 1 0
github.com/piplabs/story/client/x/dkg/types/types.pb.go:736.70,737.14 1 0
github.com/piplabs/story/client/x/dkg/types/types.pb.go:737.14,739.3 1 0
github.com/piplabs/story/client/x/dkg/types/types.pb.go:740.2,740.12 1 0
github.com/piplabs/story/client/x/dkg/types/types.pb.go:743.63,744.14 1 0
github.com/piplabs/story/client/x/dkg/types/types.pb.go:744.14,746.3 1 0
github.com/piplabs/story/client/x/dkg/types/types.pb.go:747.2,747.12 1 0
github.com/piplabs/story/client/x/dkg/types/types.pb.go:750.60,751.14 1 0
github.com/piplabs/story/client/x/dkg/types/types.pb.go:751.14,753.3 1 0
github.com/piplabs/story/client/x/dkg/types/types.pb.go:754.2,754.12 1 0
github.com/piplabs/story/client/x/dkg/types/types.pb.go:757.65,758.14 1 0
github.com/piplabs/story/client/x/dkg/types/types.pb.go:758.14,760.3 1 0
github.com/piplabs/story/client/x/dkg/types/types.pb.go:761.2,761.12 1 0
github.com/piplabs/story/client/x/dkg/types/types.pb.go:772.58,774.2 1 0
github.com/piplabs/story/client/x/dkg/types/types.pb.go:775.66,775.103 1 0
github.com/piplabs/story/client/x/dkg/types/types.pb.go:776.67,776.68 0 0
github.com/piplabs/story/client/x/dkg/types/types.pb.go:777.77,779.2 1 0
github.com/piplabs/story/client/x/dkg/types/types.pb.go:780.80,782.2 1 0
github.com/piplabs/story/client/x/dkg/types/types.pb.go:783.108,784.19 1 0
github.com/piplabs/story/client/x/dkg/types/types.pb.go:784.19,786.3 1 0
github.com/piplabs/story/client/x/dkg/types/types.pb.go:786.8,789.17 3 0
github.com/piplabs/story/client/x/dkg/types/types.pb.go:789.17,791.4 1 0
github.com/piplabs/story/client/x/dkg/types/types.pb.go:792.3,792.20 1 0
github.com/piplabs/story/client/x/dkg/types/types.pb.go:795.79,797.2 1 0
github.com/piplabs/story/client/x/dkg/types/types.pb.go:798.65,800.2 1 0
github.com/piplabs/story/client/x/dkg/types/types.pb.go:801.71,803.2 1 0
github.com/piplabs/story/client/x/dkg/types/types.pb.go:807.68,808.14 1 0
github.com/piplabs/story/client/x/dkg/types/types.pb.go:808.14,810.3 1 0
github.com/piplabs/story/client/x/dkg/types/types.pb.go:811.2,811.10 1 0
github.com/piplabs/story/client/x/dkg/types/types.pb.go:814.100,815.14 1 0
github.com/piplabs/story/client/x/dkg/types/types.pb.go:815.14,817.3 1 0
github.com/piplabs/story/client/x/dkg/types/types.pb.go:818.2,818.12 1 0
github.com/piplabs/story/client/x/dkg/types/types.pb.go:821.73,822.14 1 0
github.com/piplabs/story/client/x/dkg/types/types.pb.go:822.14,824.3 1 0
github.com/piplabs/story/client/x/dkg/types/types.pb.go:825.2,825.12 1 0
github.com/piplabs/story/client/x/dkg/types/types.pb.go:828.72,829.14 1 0
github.com/piplabs/story/client/x/dkg/types/types.pb.go:829.14,831.3 1 0
github.com/piplabs/story/client/x/dkg/types/types.pb.go:832.2,832.10 1 0
github.com/piplabs/story/client/x/dkg/types/types.pb.go:835.73,836.14 1 0
github.com/piplabs/story/client/x/dkg/types/types.pb.go:836.14,838.3 1 0
github.com/piplabs/story/client/x/dkg/types/types.pb.go:839.2,839.14 1 0
github.com/piplabs/story/client/x/dkg/types/types.pb.go:847.36,847.55 1 0
github.com/piplabs/story/client/x/dkg/types/types.pb.go:848.36,848.73 1 0
github.com/piplabs/story/client/x/dkg/types/types.pb.go:849.37,849.38 0 0
github.com/piplabs/story/client/x/dkg/types/types.pb.go:850.47,852.2 1 0
github.com/piplabs/story/client/x/dkg/types/types.pb.go:853.50,855.2 1 0
github.com/piplabs/story/client/x/dkg/types/types.pb.go:856.78,857.19 1 0
github.com/piplabs/story/client/x/dkg/types/types.pb.go:857.19,859.3 1 0
github.com/piplabs/story/client/x/dkg/types/types.pb.go:859.8,862.17 3 0
github.com/piplabs/story/client/x/dkg/types/types.pb.go:862.17,864.4 1 0
github.com/piplabs/story/client/x/dkg/types/types.pb.go:865.3,865.20 1 0
github.com/piplabs/story/client/x/dkg/types/types.pb.go:868.49,870.2 1 0
github.com/piplabs/story/client/x/dkg/types/types.pb.go:871.35,873.2 1 0
github.com/piplabs/story/client/x/dkg/types/types.pb.go:874.41,876.2 1 0
github.com/piplabs/story/client/x/dkg/types/types.pb.go:880.38,881.14 1 0
github.com/piplabs/story/client/x/dkg/types/types.pb.go:881.14,883.3 1 0
github.com/piplabs/story/client/x/dkg/types/types.pb.go:884.2,884.10 1 0
github.com/piplabs/story/client/x/dkg/types/types.pb.go:887.50,888.14 1 0
github.com/piplabs/story/client/x/dkg/types/types.pb.go:888.14,890.3 1 0
github.com/piplabs/story/client/x/dkg/types/types.pb.go:891.2,891.12 1 0
github.com/piplabs/story/client/x/dkg/types/types.pb.go:901.39,901.61 1 0
github.com/piplabs/story/client/x/dkg/types/types.pb.go:902.39,902.76 1 0
github.com/piplabs/story/client/x/dkg/types/types.pb.go:903.40,903.41 0 0
github.com/piplabs/story/client/x/dkg/types/types.pb.go:904.50,906.2 1 0
github.com/piplabs/story/client/x/dkg/types/types.pb.go:907.53,909.2 1 0
github.com/piplabs/story/client/x/dkg/types/types.pb.go:910.81,911.19 1 0
github.com/piplabs/story/client/x/dkg/types/types.pb.go:911.19,913.3 1 0
github.com/piplabs/story/client/x/dkg/types/types.pb.go:913.8,916.17 3 0
github.com/piplabs/story/client/x/dkg/types/types.pb.go:916.17,918.4 1 0
github.com/piplabs/story/client/x/dkg/types/types.pb.go:919.3,919.20 1 0
github.com/piplabs/story/client/x/dkg/types/types.pb.go:922.52,924.2 1 0
github.com/piplabs/story/client/x/dkg/types/types.pb.go:925.38,927.2 1 0
github.com/piplabs/story/client/x/dkg/types/types.pb.go:928.44,930.2 1 0
github.com/piplabs/story/client/x/dkg/types/types.pb.go:934.45,935.14 1 0
github.com/piplabs/story/client/x/dkg/types/types.pb.go:935.14,937.3 1 0
github.com/piplabs/story/client/x/dkg/types/types.pb.go:938.2,938.12 1 0
github.com/piplabs/story/client/x/dkg/types/types.pb.go:941.41,942.14 1 0
github.com/piplabs/story/client/x/dkg/types/types.pb.go:942.14,944.3 1 0
github.com/piplabs/story/client/x/dkg/types/types.pb.go:945.2,945.10 1 0
github.com/piplabs/story/client/x/dkg/types/types.pb.go:948.40,949.14 1 0
github.com/piplabs/story/client/x/dkg/types/types.pb.go:949.14,951.3 1 0
github.com/piplabs/story/client/x/dkg/types/types.pb.go:952.2,952.14 1 0
github.com/piplabs/story/client/x/dkg/types/types.pb.go:955.45,956.14 1 0
github.com/piplabs/story/client/x/dkg/types/types.pb.go:956.14,958.3 1 0
github.com/piplabs/story/client/x/dkg/types/types.pb.go:959.2,959.12 1 0
github.com/piplabs/story/client/x/dkg/types/types.pb.go:966.34,966.51 1 0
github.com/piplabs/story/client/x/dkg/types/types.pb.go:967.34,967.71 1 0
github.com/piplabs/story/client/x/dkg/types/types.pb.go:968.35,968.36 0 0
github.com/piplabs/story/client/x/dkg/types/types.pb.go:969.45,971.2 1 0
github.com/piplabs/story/client/x/dkg/types/types.pb.go:972.48,974.2 1 0
github.com/piplabs/story/client/x/dkg/types/types.pb.go:975.76,976.19 1 0
github.com/piplabs/story/client/x/dkg/types/types.pb.go:976.19,978.3 1 0
github.com/piplabs/story/client/x/dkg/types/types.pb.go:978.8,981.17 3 0
github.com/piplabs/story/client/x/dkg/types/types.pb.go:981.17,983.4 1 0
github.com/piplabs/story/client/x/dkg/types/types.pb.go:984.3,984.20 1 0
github.com/piplabs/story/client/x/dkg/types/types.pb.go:987.47,989.2 1 0
github.com/piplabs/story/client/x/dkg/types/types.pb.go:990.33,992.2 1 0
github.com/piplabs/story/client/x/dkg/types/types.pb.go:993.39,995.2 1 0
github.com/piplabs/story/client/x/dkg/types/types.pb.go:999.35,1000.14 1 0
github.com/piplabs/story/client/x/dkg/types/types.pb.go:1000.14,1002.3 1 0
github.com/piplabs/story/client/x/dkg/types/types.pb.go:1003.2,1003.12 1 0
github.com/piplabs/story/client/x/dkg/types/types.pb.go:1010.33,1010.49 1 0
github.com/piplabs/story/client/x/dkg/types/types.pb.go:1011.33,1011.70 1 0
github.com/piplabs/story/client/x/dkg/types/types.pb.go:1012.34,1012.35 0 0
github.com/piplabs/story/client/x/dkg/types/types.pb.go:1013.44,1015.2 1 0
github.com/piplabs/story/client/x/dkg/types/types.pb.go:1016.47,1018.2 1 0
github.com/piplabs/story/client/x/dkg/types/types.pb.go:1019.75,1020.19 1 0
github.com/piplabs/story/client/x/dkg/types/types.pb.go:1020.19,1022.3 1 0
github.com/piplabs/story/client/x/dkg/types/types.pb.go:1022.8,1025.17 3 0
github.com/piplabs/story/client/x/dkg/types/types.pb.go:1025.17,1027.4 1 0
github.com/piplabs/story/client/x/dkg/types/types.pb.go:1028.3,1028.20 1 0
github.com/piplabs/story/client/x/dkg/types/types.pb.go:1031.46,1033.2 1 0
github.com/piplabs/story/client/x/dkg/types/types.pb.go:1034.32,1036.2 1 0
github.com/piplabs/story/client/x/dkg/types/types.pb.go:1037.38,1039.2 1 0
github.com/piplabs/story/client/x/dkg/types/types.pb.go:1043.34,1044.14 1 0
github.com/piplabs/story/client/x/dkg/types/types.pb.go:1044.14,1046.3 1 0
github.com/piplabs/story/client/x/dkg/types/types.pb.go:1047.2,1047.12 1 0
github.com/piplabs/story/client/x/dkg/types/types.pb.go:1050.13,1066.2 15 1
github.com/piplabs/story/client/x/dkg/types/types.pb.go:1068.13,1068.102 1 1
github.com/piplabs/story/client/x/dkg/types/types.pb.go:1184.57,1188.16 4 0
github.com/piplabs/story/client/x/dkg/types/types.pb.go:1188.16,1190.3 1 0
github.com/piplabs/story/client/x/dkg/types/types.pb.go:1191.2,1191.22 1 0
github.com/piplabs/story/client/x/dkg/types/types.pb.go:1194.58,1197.2 2 0
github.com/piplabs/story/client/x/dkg/types/types.pb.go:1199.69,1204.17 5 0
github.com/piplabs/story/client/x/dkg/types/types.pb.go:1204.17,1206.18 2 0
github.com/piplabs/story/client/x/dkg/types/types.pb.go:1206.18,1208.4 1 0
github.com/piplabs/story/client/x/dkg/types/types.pb.go:1208.9,1210.4 1 0
github.com/piplabs/story/client/x/dkg/types/types.pb.go:1211.3,1212.17 2 0
github.com/piplabs/story/client/x/dkg/types/types.pb.go:1214.2,1214.29 1 0
github.com/piplabs/story/client/x/dkg/types/types.pb.go:1214.29,1215.61 1 0
github.com/piplabs/story/client/x/dkg/types/types.pb.go:1215.61,1221.4 5 0
github.com/piplabs/story/client/x/dkg/types/types.pb.go:1223.2,1223.32 1 0
github.com/piplabs/story/client/x/dkg/types/types.pb.go:1223.32,1229.3 5 0
github.com/piplabs/story/client/x/dkg/types/types.pb.go:1230.2,1230.19 1 0
github.com/piplabs/story/client/x/dkg/types/types.pb.go:1230.19,1232.20 2 0
github.com/piplabs/story/client/x/dkg/types/types.pb.go:1232.20,1234.4 1 0
github.com/piplabs/story/client/x/dkg/types/types.pb.go:1234.9,1236.4 1 0
github.com/piplabs/story/client/x/dkg/types/types.pb.go:1237.3,1238.17 2 0
github.com/piplabs/story/client/x/dkg/types/types.pb.go:1240.2,1240.18 1 0
github.com/piplabs/story/client/x/dkg/types/types.pb.go:1240.18,1244.3 3 0
github.com/piplabs/story/client/x/dkg/types/types.pb.go:1245.2,1245.22 1 0
github.com/piplabs/story/client/x/dkg/types/types.pb.go:1245.22,1249.3 3 0
github.com/piplabs/story/client/x/dkg/types/types.pb.go:1250.2,1250.18 1 0
github.com/piplabs/story/client/x/dkg/types/types.pb.go:1250.18,1254.3 3 0
github.com/piplabs/story/client/x/dkg/types/types.pb.go:1255.2,1255.29 1 0
github.com/piplabs/story/client/x/dkg/types/types.pb.go:1255.29,1256.61 1 0
github.com/piplabs/story/client/x/dkg/types/types.pb.go:1256.61,1262.4 5 0
github.com/piplabs/story/client/x/dkg/types/types.pb.go:1264.2,1264.31 1 0
github.com/piplabs/story/client/x/dkg/types/types.pb.go:1264.31,1270.3 5 0
github.com/piplabs/story/client/x/dkg/types/types.pb.go:1271.2,1271.29 1 0
github.com/piplabs/story/client/x/dkg/types/types.pb.go:1271.29,1275.3 3 0
github.com/piplabs/story/client/x/dkg/types/types.pb.go:1276.2,1276.18 1 0
github.com/piplabs/story/client/x/dkg/types/types.pb.go:1276.18,1280.3 3 0
github.com/piplabs/story/client/x/dkg/types/types.pb.go:1281.2,1281.27 1 0
github.com/piplabs/story/client/x/dkg/types/types.pb.go:1284.62,1288.16 4 0
github.com/piplabs/story/client/x/dkg/types/types.pb.go:1288.16,1290.3 1 0
github.com/piplabs/story/client/x/dkg/types/types.pb.go:1291.2,1291.22 1 0
github.com/piplabs/story/client/x/dkg/types/types.pb.go:1294.63,1297.2 2 0
github.com/piplabs/story/client/x/dkg/types/types.pb.go:1299.74,1304.28 5 0
github.com/piplabs/story/client/x/dkg/types/types.pb.go:1304.28,1310.3 5 0
github.com/piplabs/story/client/x/dkg/types/types.pb.go:1311.2,1311.31 1 0
github.com/piplabs/story/client/x/dkg/types/types.pb.go:1311.31,1317.3 5 0
github.com/piplabs/story/client/x/dkg/types/types.pb.go:1318.2,1318.19 1 0
github.com/piplabs/story/client/x/dkg/types/types.pb.go:1318.19,1322.3 3 0
github.com/piplabs/story/client/x/dkg/types/types.pb.go:1323.2,1323.30 1 0
github.com/piplabs/story/client/x/dkg/types/types.pb.go:1323.30,1329.3 5 0
github.com/piplabs/story/client/x/dkg/types/types.pb.go:1330.2,1330.28 1 0
github.com/piplabs/story/client/x/dkg/types/types.pb.go:1330.28,1336.3 5 0
github.com/piplabs/story/client/x/dkg/types/types.pb.go:1337.2,1337.27 1 0
github.com/piplabs/story/client/x/dkg/types/types.pb.go:1337.27,1343.3 5 0
github.com/piplabs/story/client/x/dkg/types/types.pb.go:1344.2,1344.26 1 0
github.com/piplabs/story/client/x/dkg/types/types.pb.go:1344.26,1350.3 5 0
github.com/piplabs/story/client/x/dkg/types/types.pb.go:1351.2,1351.18 1 0
github.com/piplabs/story/client/x/dkg/types/types.pb.go:1351.18,1355.3 3 0
github.com/piplabs/story/client/x/dkg/types/types.pb.go:1356.2,1356.30 1 0
github.com/piplabs/story/client/x/dkg/types/types.pb.go:1356.30,1362.3 5 0
github.com/piplabs/story/client/x/dkg/types/types.pb.go:1363.2,1363.18 1 0
github.com/piplabs/story/client/x/dkg/types/types.pb.go:1363.18,1367.3 3 0
github.com/piplabs/story/client/x/dkg/types/types.pb.go:1368.2,1368.27 1 0
github.com/piplabs/story/client/x/dkg/types/types.pb.go:1371.64,1375.16 4 0
github.com/piplabs/story/client/x/dkg/types/types.pb.go:1375.16,1377.3 1 0
github.com/piplabs/story/client/x/dkg/types/types.pb.go:1378.2,1378.22 1 0
github.com/piplabs/story/client/x/dkg/types/types.pb.go:1381.65,1384.2 2 0
github.com/piplabs/story/client/x/dkg/types/types.pb.go:1386.76,1391.19 5 0
github.com/piplabs/story/client/x/dkg/types/types.pb.go:1391.19,1393.20 2 0
github.com/piplabs/story/client/x/dkg/types/types.pb.go:1393.20,1395.4 1 0
github.com/piplabs/story/client/x/dkg/types/types.pb.go:1395.9,1397.4 1 0
github.com/piplabs/story/client/x/dkg/types/types.pb.go:1398.3,1399.17 2 0
github.com/piplabs/story/client/x/dkg/types/types.pb.go:1401.2,1401.29 1 0
github.com/piplabs/story/client/x/dkg/types/types.pb.go:1401.29,1405.3 3 0
github.com/piplabs/story/client/x/dkg/types/types.pb.go:1406.2,1406.31 1 0
github.com/piplabs/story/client/x/dkg/types/types.pb.go:1406.31,1412.3 5 0
github.com/piplabs/story/client/x/dkg/types/types.pb.go:1413.2,1413.27 1 0
github.com/piplabs/story/client/x/dkg/types/types.pb.go:1416.60,1420.16 4 0
github.com/piplabs/story/client/x/dkg/types/types.pb.go:1420.16,1422.3 1 0
github.com/piplabs/story/client/x/dkg/types/types.pb.go:1423.2,1423.22 1 0
github.com/piplabs/story/client/x/dkg/types/types.pb.go:1426.61,1429.2 2 0
github.com/piplabs/story/client/x/dkg/types/types.pb.go:1431.72,1436.23 5 0
github.com/piplabs/story/client/x/dkg/types/types.pb.go:1436.23,1442.3 5 0
github.com/piplabs/story/client/x/dkg/types/types.pb.go:1443.2,1443.22 1 0
github.com/piplabs/story/client/x/dkg/types/types.pb.go:1443.22,1449.3 5 0
github.com/piplabs/story/client/x/dkg/types/types.pb.go:1450.2,1450.26 1 0
github.com/piplabs/story/client/x/dkg/types/types.pb.go:1450.26,1456.3 5 0
github.com/piplabs/story/client/x/dkg/types/types.pb.go:1457.2,1457.22 1 0
github.com/piplabs/story/client/x/dkg/types/types.pb.go:1457.22,1463.3 5 0
github.com/piplabs/story/client/x/dkg/types/types.pb.go:1464.2,1464.27 1 0
github.com/piplabs/story/client/x/dkg/types/types.pb.go:1467.51,1471.16 4 0
github.com/piplabs/story/client/x/dkg/types/types.pb.go:1471.16,1473.3 1 0
github.com/piplabs/story/client/x/dkg/types/types.pb.go:1474.2,1474.22 1 0
github.com/piplabs/story/client/x/dkg/types/types.pb.go:1477.52,1480.2 2 0
github.com/piplabs/story/client/x/dkg/types/types.pb.go:1482.63,1487.26 5 0
github.com/piplabs/story/client/x/dkg/types/types.pb.go:1487.26,1493.3 5 0
github.com/piplabs/story/client/x/dkg/types/types.pb.go:1494.2,1496.17 2 0
github.com/piplabs/story/client/x/dkg/types/types.pb.go:1496.17,1498.4 1 0
github.com/piplabs/story/client/x/dkg/types/types.pb.go:1499.3,1500.47 2 0
github.com/piplabs/story/client/x/dkg/types/types.pb.go:1502.2,1504.27 3 0
github.com/piplabs/story/client/x/dkg/types/types.pb.go:1504.27,1508.3 3 0
github.com/piplabs/story/client/x/dkg/types/types.pb.go:1509.2,1509.18 1 0
github.com/piplabs/story/client/x/dkg/types/types.pb.go:1509.18,1513.3 3 0
github.com/piplabs/story/client/x/dkg/types/types.pb.go:1514.2,1514.27 1 0
github.com/piplabs/story/client/x/dkg/types/types.pb.go:1517.56,1521.16 4 0
github.com/piplabs/story/client/x/dkg/types/types.pb.go:1521.16,1523.3 1 0
github.com/piplabs/story/client/x/dkg/types/types.pb.go:1524.2,1524.22 1 0
github.com/piplabs/story/client/x/dkg/types/types.pb.go:1527.57,1530.2 2 0
github.com/piplabs/story/client/x/dkg/types/types.pb.go:1532.68,1537.26 5 0
github.com/piplabs/story/client/x/dkg/types/types.pb.go:1537.26,1543.3 5 0
github.com/piplabs/story/client/x/dkg/types/types.pb.go:1544.2,1544.24 1 0
github.com/piplabs/story/client/x/dkg/types/types.pb.go:1544.24,1548.3 3 0
github.com/piplabs/story/client/x/dkg/types/types.pb.go:1549.2,1549.27 1 0
github.com/piplabs/story/client/x/dkg/types/types.pb.go:1552.61,1556.16 4 0
github.com/piplabs/story/client/x/dkg/types/types.pb.go:1556.16,1558.3 1 0
github.com/piplabs/story/client/x/dkg/types/types.pb.go:1559.2,1559.22 1 0
github.com/piplabs/story/client/x/dkg/types/types.pb.go:1562.62,1565.2 2 0
github.com/piplabs/story/client/x/dkg/types/types.pb.go:1567.73,1572.19 5 0
github.com/piplabs/story/client/x/dkg/types/types.pb.go:1572.19,1576.3 3 0
github.com/piplabs/story/client/x/dkg/types/types.pb.go:1577.2,1577.32 1 0
github.com/piplabs/story/client/x/dkg/types/types.pb.go:1577.32,1583.3 5 0
github.com/piplabs/story/client/x/dkg/types/types.pb.go:1584.2,1584.22 1 0
github.com/piplabs/story/client/x/dkg/types/types.pb.go:1584.22,1590.3 5 0
github.com/piplabs/story/client/x/dkg/types/types.pb.go:1591.2,1591.27 1 0
github.com/piplabs/story/client/x/dkg/types/types.pb.go:1591.27,1597.3 5 0
github.com/piplabs/story/client/x/dkg/types/types.pb.go:1598.2,1598.18 1 0
github.com/piplabs/story/client/x/dkg/types/types.pb.go:1598.18,1602.3 3 0
github.com/piplabs/story/client/x/dkg/types/types.pb.go:1603.2,1603.27 1 0
github.com/piplabs/story/client/x/dkg/types/types.pb.go:1606.77,1610.16 4 0
github.com/piplabs/story/client/x/dkg/types/types.pb.go:1610.16,1612.3 1 0
github.com/piplabs/story/client/x/dkg/types/types.pb.go:1613.2,1613.22 1 0
github.com/piplabs/story/client/x/dkg/types/types.pb.go:1616.78,1619.2 2 0
github.com/piplabs/story/client/x/dkg/types/types.pb.go:1621.89,1626.27 5 0
github.com/piplabs/story/client/x/dkg/types/types.pb.go:1626.27,1632.3 5 0
github.com/piplabs/story/client/x/dkg/types/types.pb.go:1633.2,1633.22 1 0
github.com/piplabs/story/client/x/dkg/types/types.pb.go:1633.22,1639.3 5 0
github.com/piplabs/story/client/x/dkg/types/types.pb.go:1640.2,1640.25 1 0
github.com/piplabs/story/client/x/dkg/types/types.pb.go:1640.25,1646.3 5 0
github.com/piplabs/story/client/x/dkg/types/types.pb.go:1647.2,1647.32 1 0
github.com/piplabs/story/client/x/dkg/types/types.pb.go:1647.32,1653.3 5 0
github.com/piplabs/story/client/x/dkg/types/types.pb.go:1654.2,1654.33 1 0
github.com/piplabs/story/client/x/dkg/types/types.pb.go:1654.33,1660.3 5 0
github.com/piplabs/story/client/x/dkg/types/types.pb.go:1661.2,1661.16 1 0
github.com/piplabs/story/client/x/dkg/types/types.pb.go:1661.16,1665.3 3 0
github.com/piplabs/story/client/x/dkg/types/types.pb.go:1666.2,1666.18 1 0
github.com/piplabs/story/client/x/dkg/types/types.pb.go:1666.18,1670.3 3 0
github.com/piplabs/story/client/x/dkg/types/types.pb.go:1671.2,1671.26 1 0
github.com/piplabs/story/client/x/dkg/types/types.pb.go:1671.26,1677.3 5 0
github.com/piplabs/story/client/x/dkg/types/types.pb.go:1678.2,1678.27 1 0
github.com/piplabs/story/client/x/dkg/types/types.pb.go:1681.85,1685.16 4 0
github.com/piplabs/story/client/x/dkg/types/types.pb.go:1685.16,1687.3 1 0
github.com/piplabs/story/client/x/dkg/types/types.pb.go:1688.2,1688.22 1 0
github.com/piplabs/story/client/x/dkg/types/types.pb.go:1691.86,1694.2 2 0
github.com/piplabs/story/client/x/dkg/types/types.pb.go:1696.97,1701.20 5 0
github.com/piplabs/story/client/x/dkg/types/types.pb.go:1701.20,1703.21 2 0
github.com/piplabs/story/client/x/dkg/types/types.pb.go:1703.21,1705.4 1 0
github.com/piplabs/story/client/x/dkg/types/types.pb.go:1705.9,1707.4 1 0
github.com/piplabs/story/client/x/dkg/types/types.pb.go:1708.3,1709.17 2 0
github.com/piplabs/story/client/x/dkg/types/types.pb.go:1711.2,1711.22 1 0
github.com/piplabs/story/client/x/dkg/types/types.pb.go:1711.22,1715.3 3 0
github.com/piplabs/story/client/x/dkg/types/types.pb.go:1716.2,1716.27 1 0
github.com/piplabs/story/client/x/dkg/types/types.pb.go:1716.27,1722.3 5 0
github.com/piplabs/story/client/x/dkg/types/types.pb.go:1723.2,1723.28 1 0
github.com/piplabs/story/client/x/dkg/types/types.pb.go:1723.28,1724.60 1 0
github.com/piplabs/story/client/x/dkg/types/types.pb.go:1724.60,1725.4 1 0
github.com/piplabs/story/client/x/dkg/types/types.pb.go:1725.4,1727.19 2 0
github.com/piplabs/story/client/x/dkg/types/types.pb.go:1727.19,1729.6 1 0
github.com/piplabs/story/client/x/dkg/types/types.pb.go:1730.5,1731.49 2 0
github.com/piplabs/story/client/x/dkg/types/types.pb.go:1733.4,1734.18 2 0
github.com/piplabs/story/client/x/dkg/types/types.pb.go:1737.2,1737.18 1 0
github.com/piplabs/story/client/x/dkg/types/types.pb.go:1737.18,1741.3 3 0
github.com/piplabs/story/client/x/dkg/types/types.pb.go:1742.2,1742.27 1 0
github.com/piplabs/story/client/x/dkg/types/types.pb.go:1745.55,1749.16 4 0
github.com/piplabs/story/client/x/dkg/types/types.pb.go:1749.16,1751.3 1 0
github.com/piplabs/story/client/x/dkg/types/types.pb.go:1752.2,1752.22 1 0
github.com/piplabs/story/client/x/dkg/types/types.pb.go:1755.56,1758.2 2 0
github.com/piplabs/story/client/x/dkg/types/types.pb.go:1760.67,1765.26 5 0
github.com/piplabs/story/client/x/dkg/types/types.pb.go:1765.26,1766.3 1 0
github.com/piplabs/story/client/x/dkg/types/types.pb.go:1766.3,1768.18 2 0
github.com/piplabs/story/client/x/dkg/types/types.pb.go:1768.18,1770.5 1 0
github.com/piplabs/story/client/x/dkg/types/types.pb.go:1771.4,1772.48 2 0
github.com/piplabs/story/client/x/dkg/types/types.pb.go:1774.3,1775.17 2 0
github.com/piplabs/story/client/x/dkg/types/types.pb.go:1777.2,1777.18 1 0
github.com/piplabs/story/client/x/dkg/types/types.pb.go:1777.18,1781.3 3 0
github.com/piplabs/story/client/x/dkg/types/types.pb.go:1782.2,1782.27 1 0
github.com/piplabs/story/client/x/dkg/types/types.pb.go:1785.58,1789.16 4 0
github.com/piplabs/story/client/x/dkg/types/types.pb.go:1789.16,1791.3 1 0
github.com/piplabs/story/client/x/dkg/types/types.pb.go:1792.2,1792.22 1 0
github.com/piplabs/story/client/x/dkg/types/types.pb.go:1795.59,1798.2 2 0
github.com/piplabs/story/client/x/dkg/types/types.pb.go:1800.70,1805.26 5 0
github.com/piplabs/story/client/x/dkg/types/types.pb.go:1805.26,1811.3 5 0
github.com/piplabs/story/client/x/dkg/types/types.pb.go:1812.2,1812.14 1 0
github.com/piplabs/story/client/x/dkg/types/types.pb.go:1812.14,1814.15 2 0
github.com/piplabs/story/client/x/dkg/types/types.pb.go:1814.15,1816.4 1 0
github.com/piplabs/story/client/x/dkg/types/types.pb.go:1816.9,1818.4 1 0
github.com/piplabs/story/client/x/dkg/types/types.pb.go:1819.3,1820.17 2 0
github.com/piplabs/story/client/x/dkg/types/types.pb.go:1822.2,1822.18 1 0
github.com/piplabs/story/client/x/dkg/types/types.pb.go:1822.18,1826.3 3 0
github.com/piplabs/story/client/x/dkg/types/types.pb.go:1827.2,1827.26 1 0
github.com/piplabs/story/client/x/dkg/types/types.pb.go:1827.26,1833.3 5 0
github.com/piplabs/story/client/x/dkg/types/types.pb.go:1834.2,1834.27 1 0
github.com/piplabs/story/client/x/dkg/types/types.pb.go:1837.53,1841.16 4 0
github.com/piplabs/story/client/x/dkg/types/types.pb.go:1841.16,1843.3 1 0
github.com/piplabs/story/client/x/dkg/types/types.pb.go:1844.2,1844.22 1 0
github.com/piplabs/story/client/x/dkg/types/types.pb.go:1847.54,1850.2 2 0
github.com/piplabs/story/client/x/dkg/types/types.pb.go:1852.65,1857.21 5 0
github.com/piplabs/story/client/x/dkg/types/types.pb.go:1857.21,1863.3 5 0
github.com/piplabs/story/client/x/dkg/types/types.pb.go:1864.2,1864.27 1 0
github.com/piplabs/story/client/x/dkg/types/types.pb.go:1867.52,1871.16 4 0
github.com/piplabs/story/client/x/dkg/types/types.pb.go:1871.16,1873.3 1 0
github.com/piplabs/story/client/x/dkg/types/types.pb.go:1874.2,1874.22 1 0
github.com/piplabs/story/client/x/dkg/types/types.pb.go:1877.53,1880.2 2 0
github.com/piplabs/story/client/x/dkg/types/types.pb.go:1882.64,1887.21 5 0
github.com/piplabs/story/client/x/dkg/types/types.pb.go:1887.21,1893.3 5 0
github.com/piplabs/story/client/x/dkg/types/types.pb.go:1894.2,1894.27 1 0
github.com/piplabs/story/client/x/dkg/types/types.pb.go:1897.63,1900.16 3 0
github.com/piplabs/story/client/x/dkg/types/types.pb.go:1900.16,1904.3 3 0
github.com/piplabs/story/client/x/dkg/types/types.pb.go:1905.2,1906.13 2 0
github.com/piplabs/story/client/x/dkg/types/types.pb.go:1908.37,1909.14 1 0
github.com/piplabs/story/client/x/dkg/types/types.pb.go:1909.14,1911.3 1 0
github.com/piplabs/story/client/x/dkg/types/types.pb.go:1912.2,1914.18 3 0
github.com/piplabs/story/client/x/dkg/types/types.pb.go:1914.18,1916.3 1 0
github.com/piplabs/story/client/x/dkg/types/types.pb.go:1917.2,1917.29 1 0
github.com/piplabs/story/client/x/dkg/types/types.pb.go:1917.29,1919.3 1 0
github.com/piplabs/story/client/x/dkg/types/types.pb.go:1920.2,1921.11 2 0
github.com/piplabs/story/client/x/dkg/types/types.pb.go:1921.11,1923.3 1 0
github.com/piplabs/story/client/x/dkg/types/types.pb.go:1924.2,1924.29 1 0
github.com/piplabs/story/client/x/dkg/types/types.pb.go:1924.29,1925.36 1 0
github.com/piplabs/story/client/x/dkg/types/types.pb.go:1925.36,1928.4 2 0
github.com/piplabs/story/client/x/dkg/types/types.pb.go:1930.2,1930.18 1 0
github.com/piplabs/story/client/x/dkg/types/types.pb.go:1930.18,1932.3 1 0
github.com/piplabs/story/client/x/dkg/types/types.pb.go:1933.2,1933.22 1 0
github.com/piplabs/story/client/x/dkg/types/types.pb.go:1933.22,1935.3 1 0
github.com/piplabs/story/client/x/dkg/types/types.pb.go:1936.2,1936.18 1 0
github.com/piplabs/story/client/x/dkg/types/types.pb.go:1936.18,1938.3 1 0
github.com/piplabs/story/client/x/dkg/types/types.pb.go:1939.2,1939.19 1 0
github.com/piplabs/story/client/x/dkg/types/types.pb.go:1939.19,1941.3 1 0
github.com/piplabs/story/client/x/dkg/types/types.pb.go:1942.2,1943.11 2 0
github.com/piplabs/story/client/x/dkg/types/types.pb.go:1943.11,1945.3 1 0
github.com/piplabs/story/client/x/dkg/types/types.pb.go:1946.2,1946.29 1 0
github.com/piplabs/story/client/x/dkg/types/types.pb.go:1946.29,1947.36 1 0
github.com/piplabs/story/client/x/dkg/types/types.pb.go:1947.36,1950.4 2 0
github.com/piplabs/story/client/x/dkg/types/types.pb.go:1952.2,1952.17 1 0
github.com/piplabs/story/client/x/dkg/types/types.pb.go:1952.17,1954.3 1 0
github.com/piplabs/story/client/x/dkg/types/types.pb.go:1955.2,1955.10 1 0
github.com/piplabs/story/client/x/dkg/types/types.pb.go:1958.42,1959.14 1 0
github.com/piplabs/story/client/x/dkg/types/types.pb.go:1959.14,1961.3 1 0
github.com/piplabs/story/client/x/dkg/types/types.pb.go:1962.2,1964.18 3 0
github.com/piplabs/story/client/x/dkg/types/types.pb.go:1964.18,1966.3 1 0
github.com/piplabs/story/client/x/dkg/types/types.pb.go:1967.2,1968.11 2 0
github.com/piplabs/story/client/x/dkg/types/types.pb.go:1968.11,1970.3 1 0
github.com/piplabs/story/client/x/dkg/types/types.pb.go:1971.2,1971.18 1 0
github.com/piplabs/story/client/x/dkg/types/types.pb.go:1971.18,1973.3 1 0
github.com/piplabs/story/client/x/dkg/types/types.pb.go:1974.2,1975.11 2 0
github.com/piplabs/story/client/x/dkg/types/types.pb.go:1975.11,1977.3 1 0
github.com/piplabs/story/client/x/dkg/types/types.pb.go:1978.2,1979.11 2 0
github.com/piplabs/story/client/x/dkg/types/types.pb.go:1979.11,1981.3 1 0
github.com/piplabs/story/client/x/dkg/types/types.pb.go:1982.2,1983.11 2 0
github.com/piplabs/story/client/x/dkg/types/types.pb.go:1983.11,1985.3 1 0
github.com/piplabs/story/client/x/dkg/types/types.pb.go:1986.2,1987.11 2 0
github.com/piplabs/story/client/x/dkg/types/types.pb.go:1987.11,1989.3 1 0
github.com/piplabs/story/client/x/dkg/types/types.pb.go:1990.2,1990.19 1 0
github.com/piplabs/story/client/x/dkg/types/types.pb.go:1990.19,1992.3 1 0
github.com/piplabs/story/client/x/dkg/types/types.pb.go:1993.2,1994.11 2 0
github.com/piplabs/story/client/x/dkg/types/types.pb.go:1994.11,1996.3 1 0
github.com/piplabs/story/client/x/dkg/types/types.pb.go:1997.2,1998.11 2 0
github.com/piplabs/story/client/x/dkg/types/types.pb.go:1998.11,2000.3 1 0
github.com/piplabs/story/client/x/dkg/types/types.pb.go:2001.2,2001.10 1 0
github.com/piplabs/story/client/x/dkg/types/types.pb.go:2004.44,2005.14 1 0
github.com/piplabs/story/client/x/dkg/types/types.pb.go:2005.14,2007.3 1 0
github.com/piplabs/story/client/x/dkg/types/types.pb.go:2008.2,2011.11 4 0
github.com/piplabs/story/client/x/dkg/types/types.pb.go:2011.11,2013.3 1 0
github.com/piplabs/story/client/x/dkg/types/types.pb.go:2014.2,2014.29 1 0
github.com/piplabs/story/client/x/dkg/types/types.pb.go:2014.29,2016.3 1 0
github.com/piplabs/story/client/x/dkg/types/types.pb.go:2017.2,2017.19 1 0
github.com/piplabs/story/client/x/dkg/types/types.pb.go:2017.19,2019.3 1 0
github.com/piplabs/story/client/x/dkg/types/types.pb.go:2020.2,2020.10 1 0
github.com/piplabs/story/client/x/dkg/types/types.pb.go:2023.40,2024.14 1 0
github.com/piplabs/story/client/x/dkg/types/types.pb.go:2024.14,2026.3 1 0
github.com/piplabs/story/client/x/dkg/types/types.pb.go:2027.2,2030.11 4 0
github.com/piplabs/story/client/x/dkg/types/types.pb.go:2030.11,2032.3 1 0
github.com/piplabs/story/client/x/dkg/types/types.pb.go:2033.2,2034.11 2 0
github.com/piplabs/story/client/x/dkg/types/types.pb.go:2034.11,2036.3 1 0
github.com/piplabs/story/client/x/dkg/types/types.pb.go:2037.2,2038.11 2 0
github.com/piplabs/story/client/x/dkg/types/types.pb.go:2038.11,2040.3 1 0
github.com/piplabs/story/client/x/dkg/types/types.pb.go:2041.2,2042.11 2 0
github.com/piplabs/story/client/x/dkg/types/types.pb.go:2042.11,2044.3 1 0
github.com/piplabs/story/client/x/dkg/types/types.pb.go:2045.2,2045.10 1 0
github.com/piplabs/story/client/x/dkg/types/types.pb.go:2048.31,2049.14 1 0
github.com/piplabs/story/client/x/dkg/types/types.pb.go:2049.14,2051.3 1 0
github.com/piplabs/story/client/x/dkg/types/types.pb.go:2052.2,2054.18 3 0
github.com/piplabs/story/client/x/dkg/types/types.pb.go:2054.18,2056.3 1 0
github.com/piplabs/story/client/x/dkg/types/types.pb.go:2057.2,2057.27 1 0
github.com/piplabs/story/client/x/dkg/types/types.pb.go:2057.27,2059.3 1 0
github.com/piplabs/story/client/x/dkg/types/types.pb.go:2060.2,2063.11 4 0
github.com/piplabs/story/client/x/dkg/types/types.pb.go:2063.11,2065.3 1 0
github.com/piplabs/story/client/x/dkg/types/types.pb.go:2066.2,2066.10 1 0
github.com/piplabs/story/client/x/dkg/types/types.pb.go:2069.36,2070.14 1 0
github.com/piplabs/story/client/x/dkg/types/types.pb.go:2070.14,2072.3 1 0
github.com/piplabs/story/client/x/dkg/types/types.pb.go:2073.2,2075.24 3 0
github.com/piplabs/story/client/x/dkg/types/types.pb.go:2075.24,2077.3 1 0
github.com/piplabs/story/client/x/dkg/types/types.pb.go:2078.2,2079.11 2 0
github.com/piplabs/story/client/x/dkg/types/types.pb.go:2079.11,2081.3 1 0
github.com/piplabs/story/client/x/dkg/types/types.pb.go:2082.2,2082.10 1 0
github.com/piplabs/story/client/x/dkg/types/types.pb.go:2085.41,2086.14 1 0
github.com/piplabs/story/client/x/dkg/types/types.pb.go:2086.14,2088.3 1 0
github.com/piplabs/story/client/x/dkg/types/types.pb.go:2089.2,2091.18 3 0
github.com/piplabs/story/client/x/dkg/types/types.pb.go:2091.18,2093.3 1 0
github.com/piplabs/story/client/x/dkg/types/types.pb.go:2094.2,2095.11 2 0
github.com/piplabs/story/client/x/dkg/types/types.pb.go:2095.11,2097.3 1 0
github.com/piplabs/story/client/x/dkg/types/types.pb.go:2098.2,2099.11 2 0
github.com/piplabs/story/client/x/dkg/types/types.pb.go:2099.11,2101.3 1 0
github.com/piplabs/story/client/x/dkg/types/types.pb.go:2102.2,2103.11 2 0
github.com/piplabs/story/client/x/dkg/types/types.pb.go:2103.11,2105.3 1 0
github.com/piplabs/story/client/x/dkg/types/types.pb.go:2106.2,2106.19 1 0
github.com/piplabs/story/client/x/dkg/types/types.pb.go:2106.19,2108.3 1 0
github.com/piplabs/story/client/x/dkg/types/types.pb.go:2109.2,2109.10 1 0
github.com/piplabs/story/client/x/dkg/types/types.pb.go:2112.57,2113.14 1 0
github.com/piplabs/story/client/x/dkg/types/types.pb.go:2113.14,2115.3 1 0
github.com/piplabs/story/client/x/dkg/types/types.pb.go:2116.2,2119.11 4 0
github.com/piplabs/story/client/x/dkg/types/types.pb.go:2119.11,2121.3 1 0
github.com/piplabs/story/client/x/dkg/types/types.pb.go:2122.2,2122.18 1 0
github.com/piplabs/story/client/x/dkg/types/types.pb.go:2122.18,2124.3 1 0
github.com/piplabs/story/client/x/dkg/types/types.pb.go:2125.2,2125.16 1 0
github.com/piplabs/story/client/x/dkg/types/types.pb.go:2125.16,2127.3 1 0
github.com/piplabs/story/client/x/dkg/types/types.pb.go:2128.2,2129.11 2 0
github.com/piplabs/story/client/x/dkg/types/types.pb.go:2129.11,2131.3 1 0
github.com/piplabs/story/client/x/dkg/types/types.pb.go:2132.2,2133.11 2 0
github.com/piplabs/story/client/x/dkg/types/types.pb.go:2133.11,2135.3 1 0
github.com/piplabs/story/client/x/dkg/types/types.pb.go:2136.2,2137.11 2 0
github.com/piplabs/story/client/x/dkg/types/types.pb.go:2137.11,2139.3 1 0
github.com/piplabs/story/client/x/dkg/types/types.pb.go:2140.2,2141.11 2 0
github.com/piplabs/story/client/x/dkg/types/types.pb.go:2141.11,2143.3 1 0
github.com/piplabs/story/client/x/dkg/types/types.pb.go:2144.2,2145.11 2 0
github.com/piplabs/story/client/x/dkg/types/types.pb.go:2145.11,2147.3 1 0
github.com/piplabs/story/client/x/dkg/types/types.pb.go:2148.2,2148.10 1 0
github.com/piplabs/story/client/x/dkg/types/types.pb.go:2151.65,2152.14 1 0
github.com/piplabs/story/client/x/dkg/types/types.pb.go:2152.14,2154.3 1 0
github.com/piplabs/story/client/x/dkg/types/types.pb.go:2155.2,2157.18 3 0
github.com/piplabs/story/client/x/dkg/types/types.pb.go:2157.18,2159.3 1 0
github.com/piplabs/story/client/x/dkg/types/types.pb.go:2160.2,2160.28 1 0
github.com/piplabs/story/client/x/dkg/types/types.pb.go:2160.28,2161.35 1 0
github.com/piplabs/story/client/x/dkg/types/types.pb.go:2161.35,2164.4 2 0
github.com/piplabs/story/client/x/dkg/types/types.pb.go:2166.2,2167.11 2 0
github.com/piplabs/story/client/x/dkg/types/types.pb.go:2167.11,2169.3 1 0
github.com/piplabs/story/client/x/dkg/types/types.pb.go:2170.2,2170.22 1 0
github.com/piplabs/story/client/x/dkg/types/types.pb.go:2170.22,2172.3 1 0
github.com/piplabs/story/client/x/dkg/types/types.pb.go:2173.2,2173.20 1 0
github.com/piplabs/story/client/x/dkg/types/types.pb.go:2173.20,2175.3 1 0
github.com/piplabs/story/client/x/dkg/types/types.pb.go:2176.2,2176.10 1 0
github.com/piplabs/story/client/x/dkg/types/types.pb.go:2179.35,2180.14 1 0
github.com/piplabs/story/client/x/dkg/types/types.pb.go:2180.14,2182.3 1 0
github.com/piplabs/story/client/x/dkg/types/types.pb.go:2183.2,2185.18 3 0
github.com/piplabs/story/client/x/dkg/types/types.pb.go:2185.18,2187.3 1 0
github.com/piplabs/story/client/x/dkg/types/types.pb.go:2188.2,2188.26 1 0
github.com/piplabs/story/client/x/dkg/types/types.pb.go:2188.26,2191.3 2 0
github.com/piplabs/story/client/x/dkg/types/types.pb.go:2192.2,2192.10 1 0
github.com/piplabs/story/client/x/dkg/types/types.pb.go:2195.38,2196.14 1 0
github.com/piplabs/story/client/x/dkg/types/types.pb.go:2196.14,2198.3 1 0
github.com/piplabs/story/client/x/dkg/types/types.pb.go:2199.2,2202.11 4 0
github.com/piplabs/story/client/x/dkg/types/types.pb.go:2202.11,2204.3 1 0
github.com/piplabs/story/client/x/dkg/types/types.pb.go:2205.2,2205.18 1 0
github.com/piplabs/story/client/x/dkg/types/types.pb.go:2205.18,2207.3 1 0
github.com/piplabs/story/client/x/dkg/types/types.pb.go:2208.2,2208.14 1 0
github.com/piplabs/story/client/x/dkg/types/types.pb.go:2208.14,2210.3 1 0
github.com/piplabs/story/client/x/dkg/types/types.pb.go:2211.2,2212.11 2 0
github.com/piplabs/story/client/x/dkg/types/types.pb.go:2212.11,2214.3 1 0
github.com/piplabs/story/client/x/dkg/types/types.pb.go:2215.2,2215.10 1 0
github.com/piplabs/story/client/x/dkg/types/types.pb.go:2218.33,2219.14 1 0
github.com/piplabs/story/client/x/dkg/types/types.pb.go:2219.14,2221.3 1 0
github.com/piplabs/story/client/x/dkg/types/types.pb.go:2222.2,2225.11 4 0
github.com/piplabs/story/client/x/dkg/types/types.pb.go:2225.11,2227.3 1 0
github.com/piplabs/story/client/x/dkg/types/types.pb.go:2228.2,2228.10 1 0
github.com/piplabs/story/client/x/dkg/types/types.pb.go:2231.32,2232.14 1 0
github.com/piplabs/story/client/x/dkg/types/types.pb.go:2232.14,2234.3 1 0
github.com/piplabs/story/client/x/dkg/types/types.pb.go:2235.2,2238.11 4 0
github.com/piplabs/story/client/x/dkg/types/types.pb.go:2238.11,2240.3 1 0
github.com/piplabs/story/client/x/dkg/types/types.pb.go:2241.2,2241.10 1 0
github.com/piplabs/story/client/x/dkg/types/types.pb.go:2244.33,2246.2 1 0
github.com/piplabs/story/client/x/dkg/types/types.pb.go:2247.33,2249.2 1 0
github.com/piplabs/story/client/x/dkg/types/types.pb.go:2250.51,2253.16 3 0
github.com/piplabs/story/client/x/dkg/types/types.pb.go:2253.16,2256.38 3 0
github.com/piplabs/story/client/x/dkg/types/types.pb.go:2256.38,2257.19 1 0
github.com/piplabs/story/client/x/dkg/types/types.pb.go:2257.19,2259.5 1 0
github.com/piplabs/story/client/x/dkg/types/types.pb.go:2260.4,2260.18 1 0
github.com/piplabs/story/client/x/dkg/types/types.pb.go:2260.18,2262.5 1 0
github.com/piplabs/story/client/x/dkg/types/types.pb.go:2263.4,2266.16 4 0
github.com/piplabs/story/client/x/dkg/types/types.pb.go:2266.16,2267.10 1 0
github.com/piplabs/story/client/x/dkg/types/types.pb.go:2270.3,2272.20 3 0
github.com/piplabs/story/client/x/dkg/types/types.pb.go:2272.20,2274.4 1 0
github.com/piplabs/story/client/x/dkg/types/types.pb.go:2275.3,2275.20 1 0
github.com/piplabs/story/client/x/dkg/types/types.pb.go:2275.20,2277.4 1 0
github.com/piplabs/story/client/x/dkg/types/types.pb.go:2278.3,2278.19 1 0
github.com/piplabs/story/client/x/dkg/types/types.pb.go:2279.10,2280.21 1 0
github.com/piplabs/story/client/x/dkg/types/types.pb.go:2280.21,2282.5 1 0
github.com/piplabs/story/client/x/dkg/types/types.pb.go:2283.4,2284.39 2 0
github.com/piplabs/story/client/x/dkg/types/types.pb.go:2284.39,2285.20 1 0
github.com/piplabs/story/client/x/dkg/types/types.pb.go:2285.20,2287.6 1 0
github.com/piplabs/story/client/x/dkg/types/types.pb.go:2288.5,2288.19 1 0
github.com/piplabs/story/client/x/dkg/types/types.pb.go:2288.19,2290.6 1 0
github.com/piplabs/story/client/x/dkg/types/types.pb.go:2291.5,2294.17 4 0
github.com/piplabs/story/client/x/dkg/types/types.pb.go:2294.17,2295.11 1 0
github.com/piplabs/story/client/x/dkg/types/types.pb.go:2298.10,2299.21 1 0
github.com/piplabs/story/client/x/dkg/types/types.pb.go:2299.21,2301.5 1 0
github.com/piplabs/story/client/x/dkg/types/types.pb.go:2302.4,2303.39 2 0
github.com/piplabs/story/client/x/dkg/types/types.pb.go:2303.39,2304.20 1 0
github.com/piplabs/story/client/x/dkg/types/types.pb.go:2304.20,2306.6 1 0
github.com/piplabs/story/client/x/dkg/types/types.pb.go:2307.5,2307.19 1 0
github.com/piplabs/story/client/x/dkg/types/types.pb.go:2307.19,2309.6 1 0
github.com/piplabs/story/client/x/dkg/types/types.pb.go:2310.5,2313.17 4 0
github.com/piplabs/story/client/x/dkg/types/types.pb.go:2313.17,2314.11 1 0
github.com/piplabs/story/client/x/dkg/types/types.pb.go:2317.10,2318.21 1 0
github.com/piplabs/story/client/x/dkg/types/types.pb.go:2318.21,2320.5 1 0
github.com/piplabs/story/client/x/dkg/types/types.pb.go:2321.4,2322.39 2 0
github.com/piplabs/story/client/x/dkg/types/types.pb.go:2322.39,2323.20 1 0
github.com/piplabs/story/client/x/dkg/types/types.pb.go:2323.20,2325.6 1 0
github.com/piplabs/story/client/x/dkg/types/types.pb.go:2326.5,2326.19 1 0
github.com/piplabs/story/client/x/dkg/types/types.pb.go:2326.19,2328.6 1 0
github.com/piplabs/story/client/x/dkg/types/types.pb.go:2329.5,2332.17 4 0
github.com/piplabs/story/client/x/dkg/types/types.pb.go:2332.17,2333.11 1 0
github.com/piplabs/story/client/x/dkg/types/types.pb.go:2336.4,2336.19 1 0
github.com/piplabs/story/client/x/dkg/types/types.pb.go:2336.19,2338.5 1 0
github.com/piplabs/story/client/x/dkg/types/types.pb.go:2339.4,2340.21 2 0
github.com/piplabs/story/client/x/dkg/types/types.pb.go:2340.21,2342.5 1 0
github.com/piplabs/story/client/x/dkg/types/types.pb.go:2343.4,2343.21 1 0
github.com/piplabs/story/client/x/dkg/types/types.pb.go:2343.21,2345.5 1 0
github.com/piplabs/story/client/x/dkg/types/types.pb.go:2346.4,2347.31 2 0
github.com/piplabs/story/client/x/dkg/types/types.pb.go:2347.31,2349.5 1 0
github.com/piplabs/story/client/x/dkg/types/types.pb.go:2350.4,2350.21 1 0
github.com/piplabs/story/client/x/dkg/types/types.pb.go:2351.10,2352.21 1 0
github.com/piplabs/story/client/x/dkg/types/types.pb.go:2352.21,2354.5 1 0
github.com/piplabs/story/client/x/dkg/types/types.pb.go:2355.4,2356.39 2 0
github.com/piplabs/story/client/x/dkg/types/types.pb.go:2356.39,2357.20 1 0
github.com/piplabs/story/client/x/dkg/types/types.pb.go:2357.20,2359.6 1 0
github.com/piplabs/story/client/x/dkg/types/types.pb.go:2360.5,2360.19 1 0
github.com/piplabs/story/client/x/dkg/types/types.pb.go:2360.19,2362.6 1 0
github.com/piplabs/story/client/x/dkg/types/types.pb.go:2363.5,2366.17 4 0
github.com/piplabs/story/client/x/dkg/types/types.pb.go:2366.17,2367.11 1 0
github.com/piplabs/story/client/x/dkg/types/types.pb.go:2370.4,2371.24 2 0
github.com/piplabs/story/client/x/dkg/types/types.pb.go:2371.24,2373.5 1 0
github.com/piplabs/story/client/x/dkg/types/types.pb.go:2374.4,2375.21 2 0
github.com/piplabs/story/client/x/dkg/types/types.pb.go:2375.21,2377.5 1 0
github.com/piplabs/story/client/x/dkg/types/types.pb.go:2378.4,2378.21 1 0
github.com/piplabs/story/client/x/dkg/types/types.pb.go:2378.21,2380.5 1 0
github.com/piplabs/story/client/x/dkg/types/types.pb.go:2381.4,2382.21 2 0
github.com/piplabs/story/client/x/dkg/types/types.pb.go:2383.10,2384.21 1 0
github.com/piplabs/story/client/x/dkg/types/types.pb.go:2384.21,2386.5 1 0
github.com/piplabs/story/client/x/dkg/types/types.pb.go:2387.4,2388.39 2 0
github.com/piplabs/story/client/x/dkg/types/types.pb.go:2388.39,2389.20 1 0
github.com/piplabs/story/client/x/dkg/types/types.pb.go:2389.20,2391.6 1 0
github.com/piplabs/story/client/x/dkg/types/types.pb.go:2392.5,2392.19 1 0
github.com/piplabs/story/client/x/dkg/types/types.pb.go:2392.19,2394.6 1 0
github.com/piplabs/story/client/x/dkg/types/types.pb.go:2395.5,2398.17 4 0
github.com/piplabs/story/client/x/dkg/types/types.pb.go:2398.17,2399.11 1 0
github.com/piplabs/story/client/x/dkg/types/types.pb.go:2402.10,2403.21 1 0
github.com/piplabs/story/client/x/dkg/types/types.pb.go:2403.21,2405.5 1 0
github.com/piplabs/story/client/x/dkg/types/types.pb.go:2406.4,2407.39 2 0
github.com/piplabs/story/client/x/dkg/types/types.pb.go:2407.39,2408.20 1 0
github.com/piplabs/story/client/x/dkg/types/types.pb.go:2408.20,2410.6 1 0
github.com/piplabs/story/client/x/dkg/types/types.pb.go:2411.5,2411.19 1 0
github.com/piplabs/story/client/x/dkg/types/types.pb.go:2411.19,2413.6 1 0
github.com/piplabs/story/client/x/dkg/types/types.pb.go:2414.5,2417.17 4 0
github.com/piplabs/story/client/x/dkg/types/types.pb.go:2417.17,2418.11 1 0
github.com/piplabs/story/client/x/dkg/types/types.pb.go:2421.10,2422.21 1 0
github.com/piplabs/story/client/x/dkg/types/types.pb.go:2422.21,2424.5 1 0
github.com/piplabs/story/client/x/dkg/types/types.pb.go:2425.4,2426.39 2 0
github.com/piplabs/story/client/x/dkg/types/types.pb.go:2426.39,2427.20 1 0
github.com/piplabs/story/client/x/dkg/types/types.pb.go:2427.20,2429.6 1 0
github.com/piplabs/story/client/x/dkg/types/types.pb.go:2430.5,2430.19 1 0
github.com/piplabs/story/client/x/dkg/types/types.pb.go:2430.19,2432.6 1 0
github.com/piplabs/story/client/x/dkg/types/types.pb.go:2433.5,2436.17 4 0
github.com/piplabs/story/client/x/dkg/types/types.pb.go:2436.17,2437.11 1 0
github.com/piplabs/story/client/x/dkg/types/types.pb.go:2440.10,2441.21 1 0
github.com/piplabs/story/client/x/dkg/types/types.pb.go:2441.21,2443.5 1 0
github.com/piplabs/story/client/x/dkg/types/types.pb.go:2444.4,2445.39 2 0
github.com/piplabs/story/client/x/dkg/types/types.pb.go:2445.39,2446.20 1 0
github.com/piplabs/story/client/x/dkg/types/types.pb.go:2446.20,2448.6 1 0
github.com/piplabs/story/client/x/dkg/types/types.pb.go:2449.5,2449.19 1 0
github.com/piplabs/story/client/x/dkg/types/types.pb.go:2449.19,2451.6 1 0
github.com/piplabs/story/client/x/dkg/types/types.pb.go:2452.5,2455.17 4 0
github.com/piplabs/story/client/x/dkg/types/types.pb.go:2455.17,2456.11 1 0
github.com/piplabs/story/client/x/dkg/types/types.pb.go:2459.4,2459.32 1 0
github.com/piplabs/story/client/x/dkg/types/types.pb.go:2460.10,2461.21 1 0
github.com/piplabs/story/client/x/dkg/types/types.pb.go:2461.21,2463.5 1 0
github.com/piplabs/story/client/x/dkg/types/types.pb.go:2464.4,2465.39 2 0
github.com/piplabs/story/client/x/dkg/types/types.pb.go:2465.39,2466.20 1 0
github.com/piplabs/story/client/x/dkg/types/types.pb.go:2466.20,2468.6 1 0
github.com/piplabs/story/client/x/dkg/types/types.pb.go:2469.5,2469.19 1 0
github.com/piplabs/story/client/x/dkg/types/types.pb.go:2469.19,2471.6 1 0
github.com/piplabs/story/client/x/dkg/types/types.pb.go:2472.5,2475.17 4 0
github.com/piplabs/story/client/x/dkg/types/types.pb.go:2475.17,2476.11 1 0
github.com/piplabs/story/client/x/dkg/types/types.pb.go:2479.4,2479.19 1 0
github.com/piplabs/story/client/x/dkg/types/types.pb.go:2479.19,2481.5 1 0
github.com/piplabs/story/client/x/dkg/types/types.pb.go:2482.4,2483.21 2 0
github.com/piplabs/story/client/x/dkg/types/types.pb.go:2483.21,2485.5 1 0
github.com/piplabs/story/client/x/dkg/types/types.pb.go:2486.4,2486.21 1 0
github.com/piplabs/story/client/x/dkg/types/types.pb.go:2486.21,2488.5 1 0
github.com/piplabs/story/client/x/dkg/types/types.pb.go:2489.4,2490.32 2 0
github.com/piplabs/story/client/x/dkg/types/types.pb.go:2490.32,2492.5 1 0
github.com/piplabs/story/client/x/dkg/types/types.pb.go:2493.4,2493.21 1 0
github.com/piplabs/story/client/x/dkg/types/types.pb.go:2494.11,2495.21 1 0
github.com/piplabs/story/client/x/dkg/types/types.pb.go:2495.21,2497.5 1 0
github.com/piplabs/story/client/x/dkg/types/types.pb.go:2498.4,2499.39 2 0
github.com/piplabs/story/client/x/dkg/types/types.pb.go:2499.39,2500.20 1 0
github.com/piplabs/story/client/x/dkg/types/types.pb.go:2500.20,2502.6 1 0
github.com/piplabs/story/client/x/dkg/types/types.pb.go:2503.5,2503.19 1 0
github.com/piplabs/story/client/x/dkg/types/types.pb.go:2503.19,2505.6 1 0
github.com/piplabs/story/client/x/dkg/types/types.pb.go:2506.5,2509.17 4 0
github.com/piplabs/story/client/x/dkg/types/types.pb.go:2509.17,2510.11 1 0
github.com/piplabs/story/client/x/dkg/types/types.pb.go:2513.4,2513.19 1 0
github.com/piplabs/story/client/x/dkg/types/types.pb.go:2513.19,2515.5 1 0
github.com/piplabs/story/client/x/dkg/types/types.pb.go:2516.4,2517.21 2 0
github.com/piplabs/story/client/x/dkg/types/types.pb.go:2517.21,2519.5 1 0
github.com/piplabs/story/client/x/dkg/types/types.pb.go:2520.4,2520.21 1 0
github.com/piplabs/story/client/x/dkg/types/types.pb.go:2520.21,2522.5 1 0
github.com/piplabs/story/client/x/dkg/types/types.pb.go:2523.4,2525.21 3 0
github.com/piplabs/story/client/x/dkg/types/types.pb.go:2526.11,2527.21 1 0
github.com/piplabs/story/client/x/dkg/types/types.pb.go:2527.21,2529.5 1 0
github.com/piplabs/story/client/x/dkg/types/types.pb.go:2530.4,2531.39 2 0
github.com/piplabs/story/client/x/dkg/types/types.pb.go:2531.39,2532.20 1 0
github.com/piplabs/story/client/x/dkg/types/types.pb.go:2532.20,2534.6 1 0
github.com/piplabs/story/client/x/dkg/types/types.pb.go:2535.5,2535.19 1 0
github.com/piplabs/story/client/x/dkg/types/types.pb.go:2535.19,2537.6 1 0
github.com/piplabs/story/client/x/dkg/types/types.pb.go:2538.5,2541.17 4 0
github.com/piplabs/story/client/x/dkg/types/types.pb.go:2541.17,2542.11 1 0
github.com/piplabs/story/client/x/dkg/types/types.pb.go:2545.4,2545.30 1 0
github.com/piplabs/story/client/x/dkg/types/types.pb.go:2546.11,2549.18 3 0
github.com/piplabs/story/client/x/dkg/types/types.pb.go:2549.18,2551.5 1 0
github.com/piplabs/story/client/x/dkg/types/types.pb.go:2552.4,2552.42 1 0
github.com/piplabs/story/client/x/dkg/types/types.pb.go:2552.42,2554.5 1 0
github.com/piplabs/story/client/x/dkg/types/types.pb.go:2555.4,2555.28 1 0
github.com/piplabs/story/client/x/dkg/types/types.pb.go:2555.28,2557.5 1 0
github.com/piplabs/story/client/x/dkg/types/types.pb.go:2558.4,2558.19 1 0
github.com/piplabs/story/client/x/dkg/types/types.pb.go:2562.2,2562.15 1 0
github.com/piplabs/story/client/x/dkg/types/types.pb.go:2562.15,2564.3 1 0
github.com/piplabs/story/client/x/dkg/types/types.pb.go:2565.2,2565.12 1 0
github.com/piplabs/story/client/x/dkg/types/types.pb.go:2567.56,2570.16 3 0
github.com/piplabs/story/client/x/dkg/types/types.pb.go:2570.16,2573.38 3 0
github.com/piplabs/story/client/x/dkg/types/types.pb.go:2573.38,2574.19 1 0
github.com/piplabs/story/client/x/dkg/types/types.pb.go:2574.19,2576.5 1 0
github.com/piplabs/story/client/x/dkg/types/types.pb.go:2577.4,2577.18 1 0
github.com/piplabs/story/client/x/dkg/types/types.pb.go:2577.18,2579.5 1 0
github.com/piplabs/story/client/x/dkg/types/types.pb.go:2580.4,2583.16 4 0
github.com/piplabs/story/client/x/dkg/types/types.pb.go:2583.16,2584.10 1 0
github.com/piplabs/story/client/x/dkg/types/types.pb.go:2587.3,2589.20 3 0
github.com/piplabs/story/client/x/dkg/types/types.pb.go:2589.20,2591.4 1 0
github.com/piplabs/story/client/x/dkg/types/types.pb.go:2592.3,2592.20 1 0
github.com/piplabs/story/client/x/dkg/types/types.pb.go:2592.20,2594.4 1 0
github.com/piplabs/story/client/x/dkg/types/types.pb.go:2595.3,2595.19 1 0
github.com/piplabs/story/client/x/dkg/types/types.pb.go:2596.10,2597.21 1 0
github.com/piplabs/story/client/x/dkg/types/types.pb.go:2597.21,2599.5 1 0
github.com/piplabs/story/client/x/dkg/types/types.pb.go:2600.4,2601.39 2 0
github.com/piplabs/story/client/x/dkg/types/types.pb.go:2601.39,2602.20 1 0
github.com/piplabs/story/client/x/dkg/types/types.pb.go:2602.20,2604.6 1 0
github.com/piplabs/story/client/x/dkg/types/types.pb.go:2605.5,2605.19 1 0
github.com/piplabs/story/client/x/dkg/types/types.pb.go:2605.19,2607.6 1 0
github.com/piplabs/story/client/x/dkg/types/types.pb.go:2608.5,2611.17 4 0
github.com/piplabs/story/client/x/dkg/types/types.pb.go:2611.17,2612.11 1 0
github.com/piplabs/story/client/x/dkg/types/types.pb.go:2615.10,2616.21 1 0
github.com/piplabs/story/client/x/dkg/types/types.pb.go:2616.21,2618.5 1 0
github.com/piplabs/story/client/x/dkg/types/types.pb.go:2619.4,2620.39 2 0
github.com/piplabs/story/client/x/dkg/types/types.pb.go:2620.39,2621.20 1 0
github.com/piplabs/story/client/x/dkg/types/types.pb.go:2621.20,2623.6 1 0
github.com/piplabs/story/client/x/dkg/types/types.pb.go:2624.5,2624.19 1 0
github.com/piplabs/story/client/x/dkg/types/types.pb.go:2624.19,2626.6 1 0
github.com/piplabs/story/client/x/dkg/types/types.pb.go:2627.5,2630.17 4 0
github.com/piplabs/story/client/x/dkg/types/types.pb.go:2630.17,2631.11 1 0
github.com/piplabs/story/client/x/dkg/types/types.pb.go:2634.4,2635.24 2 0
github.com/piplabs/story/client/x/dkg/types/types.pb.go:2635.24,2637.5 1 0
github.com/piplabs/story/client/x/dkg/types/types.pb.go:2638.4,2639.21 2 0
github.com/piplabs/story/client/x/dkg/types/types.pb.go:2639.21,2641.5 1 0
github.com/piplabs/story/client/x/dkg/types/types.pb.go:2642.4,2642.21 1 0
github.com/piplabs/story/client/x/dkg/types/types.pb.go:2642.21,2644.5 1 0
github.com/piplabs/story/client/x/dkg/types/types.pb.go:2645.4,2646.21 2 0
github.com/piplabs/story/client/x/dkg/types/types.pb.go:2647.10,2648.21 1 0
github.com/piplabs/story/client/x/dkg/types/types.pb.go:2648.21,2650.5 1 0
github.com/piplabs/story/client/x/dkg/types/types.pb.go:2651.4,2652.39 2 0
github.com/piplabs/story/client/x/dkg/types/types.pb.go:2652.39,2653.20 1 0
github.com/piplabs/story/client/x/dkg/types/types.pb.go:2653.20,2655.6 1 0
github.com/piplabs/story/client/x/dkg/types/types.pb.go:2656.5,2656.19 1 0
github.com/piplabs/story/client/x/dkg/types/types.pb.go:2656.19,2658.6 1 0
github.com/piplabs/story/client/x/dkg/types/types.pb.go:2659.5,2662.17 4 0
github.com/piplabs/story/client/x/dkg/types/types.pb.go:2662.17,2663.11 1 0
github.com/piplabs/story/client/x/dkg/types/types.pb.go:2666.10,2667.21 1 0
github.com/piplabs/story/client/x/dkg/types/types.pb.go:2667.21,2669.5 1 0
github.com/piplabs/story/client/x/dkg/types/types.pb.go:2670.4,2671.39 2 0
github.com/piplabs/story/client/x/dkg/types/types.pb.go:2671.39,2672.20 1 0
github.com/piplabs/story/client/x/dkg/types/types.pb.go:2672.20,2674.6 1 0
github.com/piplabs/story/client/x/dkg/types/types.pb.go:2675.5,2675.19 1 0
github.com/piplabs/story/client/x/dkg/types/types.pb.go:2675.19,2677.6 1 0
github.com/piplabs/story/client/x/dkg/types/types.pb.go:2678.5,2681.17 4 0
github.com/piplabs/story/client/x/dkg/types/types.pb.go:2681.17,2682.11 1 0
github.com/piplabs/story/client/x/dkg/types/types.pb.go:2685.4,2685.19 1 0
github.com/piplabs/story/client/x/dkg/types/types.pb.go:2685.19,2687.5 1 0
github.com/piplabs/story/client/x/dkg/types/types.pb.go:2688.4,2689.21 2 0
github.com/piplabs/story/client/x/dkg/types/types.pb.go:2689.21,2691.5 1 0
github.com/piplabs/story/client/x/dkg/types/types.pb.go:2692.4,2692.21 1 0
github.com/piplabs/story/client/x/dkg/types/types.pb.go:2692.21,2694.5 1 0
github.com/piplabs/story/client/x/dkg/types/types.pb.go:2695.4,2696.26 2 0
github.com/piplabs/story/client/x/dkg/types/types.pb.go:2696.26,2698.5 1 0
github.com/piplabs/story/client/x/dkg/types/types.pb.go:2699.4,2699.21 1 0
github.com/piplabs/story/client/x/dkg/types/types.pb.go:2700.10,2701.21 1 0
github.com/piplabs/story/client/x/dkg/types/types.pb.go:2701.21,2703.5 1 0
github.com/piplabs/story/client/x/dkg/types/types.pb.go:2704.4,2705.39 2 0
github.com/piplabs/story/client/x/dkg/types/types.pb.go:2705.39,2706.20 1 0
github.com/piplabs/story/client/x/dkg/types/types.pb.go:2706.20,2708.6 1 0
github.com/piplabs/story/client/x/dkg/types/types.pb.go:2709.5,2709.19 1 0
github.com/piplabs/story/client/x/dkg/types/types.pb.go:2709.19,2711.6 1 0
github.com/piplabs/story/client/x/dkg/types/types.pb.go:2712.5,2715.17 4 0
github.com/piplabs/story/client/x/dkg/types/types.pb.go:2715.17,2716.11 1 0
github.com/piplabs/story/client/x/dkg/types/types.pb.go:2719.4,2719.19 1 0
github.com/piplabs/story/client/x/dkg/types/types.pb.go:2719.19,2721.5 1 0
github.com/piplabs/story/client/x/dkg/types/types.pb.go:2722.4,2723.21 2 0
github.com/piplabs/story/client/x/dkg/types/types.pb.go:2723.21,2725.5 1 0
github.com/piplabs/story/client/x/dkg/types/types.pb.go:2726.4,2726.21 1 0
github.com/piplabs/story/client/x/dkg/types/types.pb.go:2726.21,2728.5 1 0
github.com/piplabs/story/client/x/dkg/types/types.pb.go:2729.4,2730.27 2 0
github.com/piplabs/story/client/x/dkg/types/types.pb.go:2730.27,2732.5 1 0
github.com/piplabs/story/client/x/dkg/types/types.pb.go:2733.4,2733.21 1 0
github.com/piplabs/story/client/x/dkg/types/types.pb.go:2734.10,2735.21 1 0
github.com/piplabs/story/client/x/dkg/types/types.pb.go:2735.21,2737.5 1 0
github.com/piplabs/story/client/x/dkg/types/types.pb.go:2738.4,2739.39 2 0
github.com/piplabs/story/client/x/dkg/types/types.pb.go:2739.39,2740.20 1 0
github.com/piplabs/story/client/x/dkg/types/types.pb.go:2740.20,2742.6 1 0
github.com/piplabs/story/client/x/dkg/types/types.pb.go:2743.5,2743.19 1 0
github.com/piplabs/story/client/x/dkg/types/types.pb.go:2743.19,2745.6 1 0
github.com/piplabs/story/client/x/dkg/types/types.pb.go:2746.5,2749.17 4 0
github.com/piplabs/story/client/x/dkg/types/types.pb.go:2749.17,2750.11 1 0
github.com/piplabs/story/client/x/dkg/types/types.pb.go:2753.4,2753.19 1 0
github.com/piplabs/story/client/x/dkg/types/types.pb.go:2753.19,2755.5 1 0
github.com/piplabs/story/client/x/dkg/types/types.pb.go:2756.4,2757.21 2 0
github.com/piplabs/story/client/x/dkg/types/types.pb.go:2757.21,2759.5 1 0
github.com/piplabs/story/client/x/dkg/types/types.pb.go:2760.4,2760.21 1 0
github.com/piplabs/story/client/x/dkg/types/types.pb.go:2760.21,2762.5 1 0
github.com/piplabs/story/client/x/dkg/types/types.pb.go:2763.4,2764.28 2 0
github.com/piplabs/story/client/x/dkg/types/types.pb.go:2764.28,2766.5 1 0
github.com/piplabs/story/client/x/dkg/types/types.pb.go:2767.4,2767.21 1 0
github.com/piplabs/story/client/x/dkg/types/types.pb.go:2768.10,2769.21 1 0
github.com/piplabs/story/client/x/dkg/types/types.pb.go:2769.21,2771.5 1 0
github.com/piplabs/story/client/x/dkg/types/types.pb.go:2772.4,2773.39 2 0
github.com/piplabs/story/client/x/dkg/types/types.pb.go:2773.39,2774.20 1 0
github.com/piplabs/story/client/x/dkg/types/types.pb.go:2774.20,2776.6 1 0
github.com/piplabs/story/client/x/dkg/types/types.pb.go:2777.5,2777.19 1 0
github.com/piplabs/story/client/x/dkg/types/types.pb.go:2777.19,2779.6 1 0
github.com/piplabs/story/client/x/dkg/types/types.pb.go:2780.5,2783.17 4 0
github.com/piplabs/story/client/x/dkg/types/types.pb.go:2783.17,2784.11 1 0
github.com/piplabs/story/client/x/dkg/types/types.pb.go:2787.4,2787.19 1 0
github.com/piplabs/story/client/x/dkg/types/types.pb.go:2787.19,2789.5 1 0
github.com/piplabs/story/client/x/dkg/types/types.pb.go:2790.4,2791.21 2 0
github.com/piplabs/story/client/x/dkg/types/types.pb.go:2791.21,2793.5 1 0
github.com/piplabs/story/client/x/dkg/types/types.pb.go:2794.4,2794.21 1 0
github.com/piplabs/story/client/x/dkg/types/types.pb.go:2794.21,2796.5 1 0
github.com/piplabs/story/client/x/dkg/types/types.pb.go:2797.4,2798.30 2 0
github.com/piplabs/story/client/x/dkg/types/types.pb.go:2798.30,2800.5 1 0
github.com/piplabs/story/client/x/dkg/types/types.pb.go:2801.4,2801.21 1 0
github.com/piplabs/story/client/x/dkg/types/types.pb.go:2802.10,2803.21 1 0
github.com/piplabs/story/client/x/dkg/types/types.pb.go:2803.21,2805.5 1 0
github.com/piplabs/story/client/x/dkg/types/types.pb.go:2806.4,2807.39 2 0
github.com/piplabs/story/client/x/dkg/types/types.pb.go:2807.39,2808.20 1 0
github.com/piplabs/story/client/x/dkg/types/types.pb.go:2808.20,2810.6 1 0
github.com/piplabs/story/client/x/dkg/types/types.pb.go:2811.5,2811.19 1 0
github.com/piplabs/story/client/x/dkg/types/types.pb.go:2811.19,2813.6 1 0
github.com/piplabs/story/client/x/dkg/types/types.pb.go:2814.5,2817.17 4 0
github.com/piplabs/story/client/x/dkg/types/types.pb.go:2817.17,2818.11 1 0
github.com/piplabs/story/client/x/dkg/types/types.pb.go:2821.10,2822.21 1 0
github.com/piplabs/story/client/x/dkg/types/types.pb.go:2822.21,2824.5 1 0
github.com/piplabs/story/client/x/dkg/types/types.pb.go:2825.4,2826.39 2 0
github.com/piplabs/story/client/x/dkg/types/types.pb.go:2826.39,2827.20 1 0
github.com/piplabs/story/client/x/dkg/types/types.pb.go:2827.20,2829.6 1 0
github.com/piplabs/story/client/x/dkg/types/types.pb.go:2830.5,2830.19 1 0
github.com/piplabs/story/client/x/dkg/types/types.pb.go:2830.19,2832.6 1 0
github.com/piplabs/story/client/x/dkg/types/types.pb.go:2833.5,2836.17 4 0
github.com/piplabs/story/client/x/dkg/types/types.pb.go:2836.17,2837.11 1 0
github.com/piplabs/story/client/x/dkg/types/types.pb.go:2840.4,2840.19 1 0
github.com/piplabs/story/client/x/dkg/types/types.pb.go:2840.19,2842.5 1 0
github.com/piplabs/story/client/x/dkg/types/types.pb.go:2843.4,2844.21 2 0
github.com/piplabs/story/client/x/dkg/types/types.pb.go:2844.21,2846.5 1 0
github.com/piplabs/story/client/x/dkg/types/types.pb.go:2847.4,2847.21 1 0
github.com/piplabs/story/client/x/dkg/types/types.pb.go:2847.21,2849.5 1 0
github.com/piplabs/story/client/x/dkg/types/types.pb.go:2850.4,2851.31 2 0
github.com/piplabs/story/client/x/dkg/types/types.pb.go:2851.31,2853.5 1 0
github.com/piplabs/story/client/x/dkg/types/types.pb.go:2854.4,2854.21 1 0
github.com/piplabs/story/client/x/dkg/types/types.pb.go:2855.11,2856.21 1 0
github.com/piplabs/story/client/x/dkg/types/types.pb.go:2856.21,2858.5 1 0
github.com/piplabs/story/client/x/dkg/types/types.pb.go:2859.4,2860.39 2 0
github.com/piplabs/story/client/x/dkg/types/types.pb.go:2860.39,2861.20 1 0
github.com/piplabs/story/client/x/dkg/types/types.pb.go:2861.20,2863.6 1 0
github.com/piplabs/story/client/x/dkg/types/types.pb.go:2864.5,2864.19 1 0
github.com/piplabs/story/client/x/dkg/types/types.pb.go:2864.19,2866.6 1 0
github.com/piplabs/story/client/x/dkg/types/types.pb.go:2867.5,2870.17 4 0
github.com/piplabs/story/client/x/dkg/types/types.pb.go:2870.17,2871.11 1 0
github.com/piplabs/story/client/x/dkg/types/types.pb.go:2874.4,2874.19 1 0
github.com/piplabs/story/client/x/dkg/types/types.pb.go:2874.19,2876.5 1 0
github.com/piplabs/story/client/x/dkg/types/types.pb.go:2877.4,2878.21 2 0
github.com/piplabs/story/client/x/dkg/types/types.pb.go:2878.21,2880.5 1 0
github.com/piplabs/story/client/x/dkg/types/types.pb.go:2881.4,2881.21 1 0
github.com/piplabs/story/client/x/dkg/types/types.pb.go:2881.21,2883.5 1 0
github.com/piplabs/story/client/x/dkg/types/types.pb.go:2884.4,2885.28 2 0
github.com/piplabs/story/client/x/dkg/types/types.pb.go:2885.28,2887.5 1 0
github.com/piplabs/story/client/x/dkg/types/types.pb.go:2888.4,2888.21 1 0
github.com/piplabs/story/client/x/dkg/types/types.pb.go:2889.11,2892.18 3 0
github.com/piplabs/story/client/x/dkg/types/types.pb.go:2892.18,2894.5 1 0
github.com/piplabs/story/client/x/dkg/types/types.pb.go:2895.4,2895.42 1 0
github.com/piplabs/story/client/x/dkg/types/types.pb.go:2895.42,2897.5 1 0
github.com/piplabs/story/client/x/dkg/types/types.pb.go:2898.4,2898.28 1 0
github.com/piplabs/story/client/x/dkg/types/types.pb.go:2898.28,2900.5 1 0
github.com/piplabs/story/client/x/dkg/types/types.pb.go:2901.4,2901.19 1 0
github.com/piplabs/story/client/x/dkg/types/types.pb.go:2905.2,2905.15 1 0
github.com/piplabs/story/client/x/dkg/types/types.pb.go:2905.15,2907.3 1 0
github.com/piplabs/story/client/x/dkg/types/types.pb.go:2908.2,2908.12 1 0
github.com/piplabs/story/client/x/dkg/types/types.pb.go:2910.58,2913.16 3 0
github.com/piplabs/story/client/x/dkg/types/types.pb.go:2913.16,2916.38 3 0
github.com/piplabs/story/client/x/dkg/types/types.pb.go:2916.38,2917.19 1 0
github.com/piplabs/story/client/x/dkg/types/types.pb.go:2917.19,2919.5 1 0
github.com/piplabs/story/client/x/dkg/types/types.pb.go:2920.4,2920.18 1 0
github.com/piplabs/story/client/x/dkg/types/types.pb.go:2920.18,2922.5 1 0
github.com/piplabs/story/client/x/dkg/types/types.pb.go:2923.4,2926.16 4 0
github.com/piplabs/story/client/x/dkg/types/types.pb.go:2926.16,2927.10 1 0
github.com/piplabs/story/client/x/dkg/types/types.pb.go:2930.3,2932.20 3 0
github.com/piplabs/story/client/x/dkg/types/types.pb.go:2932.20,2934.4 1 0
github.com/piplabs/story/client/x/dkg/types/types.pb.go:2935.3,2935.20 1 0
github.com/piplabs/story/client/x/dkg/types/types.pb.go:2935.20,2937.4 1 0
github.com/piplabs/story/client/x/dkg/types/types.pb.go:2938.3,2938.19 1 0
github.com/piplabs/story/client/x/dkg/types/types.pb.go:2939.10,2940.21 1 0
github.com/piplabs/story/client/x/dkg/types/types.pb.go:2940.21,2942.5 1 0
github.com/piplabs/story/client/x/dkg/types/types.pb.go:2943.4,2944.39 2 0
github.com/piplabs/story/client/x/dkg/types/types.pb.go:2944.39,2945.20 1 0
github.com/piplabs/story/client/x/dkg/types/types.pb.go:2945.20,2947.6 1 0
github.com/piplabs/story/client/x/dkg/types/types.pb.go:2948.5,2948.19 1 0
github.com/piplabs/story/client/x/dkg/types/types.pb.go:2948.19,2950.6 1 0
github.com/piplabs/story/client/x/dkg/types/types.pb.go:2951.5,2954.17 4 0
github.com/piplabs/story/client/x/dkg/types/types.pb.go:2954.17,2955.11 1 0
github.com/piplabs/story/client/x/dkg/types/types.pb.go:2958.4,2959.24 2 0
github.com/piplabs/story/client/x/dkg/types/types.pb.go:2959.24,2961.5 1 0
github.com/piplabs/story/client/x/dkg/types/types.pb.go:2962.4,2963.21 2 0
github.com/piplabs/story/client/x/dkg/types/types.pb.go:2963.21,2965.5 1 0
github.com/piplabs/story/client/x/dkg/types/types.pb.go:2966.4,2966.21 1 0
github.com/piplabs/story/client/x/dkg/types/types.pb.go:2966.21,2968.5 1 0
github.com/piplabs/story/client/x/dkg/types/types.pb.go:2969.4,2970.21 2 0
github.com/piplabs/story/client/x/dkg/types/types.pb.go:2971.10,2972.21 1 0
github.com/piplabs/story/client/x/dkg/types/types.pb.go:2972.21,2974.5 1 0
github.com/piplabs/story/client/x/dkg/types/types.pb.go:2975.4,2976.39 2 0
github.com/piplabs/story/client/x/dkg/types/types.pb.go:2976.39,2977.20 1 0
github.com/piplabs/story/client/x/dkg/types/types.pb.go:2977.20,2979.6 1 0
github.com/piplabs/story/client/x/dkg/types/types.pb.go:2980.5,2980.19 1 0
github.com/piplabs/story/client/x/dkg/types/types.pb.go:2980.19,2982.6 1 0
github.com/piplabs/story/client/x/dkg/types/types.pb.go:2983.5,2986.17 4 0
github.com/piplabs/story/client/x/dkg/types/types.pb.go:2986.17,2987.11 1 0
github.com/piplabs/story/client/x/dkg/types/types.pb.go:2990.10,2991.21 1 0
github.com/piplabs/story/client/x/dkg/types/types.pb.go:2991.21,2993.5 1 0
github.com/piplabs/story/client/x/dkg/types/types.pb.go:2994.4,2995.39 2 0
github.com/piplabs/story/client/x/dkg/types/types.pb.go:2995.39,2996.20 1 0
github.com/piplabs/story/client/x/dkg/types/types.pb.go:2996.20,2998.6 1 0
github.com/piplabs/story/client/x/dkg/types/types.pb.go:2999.5,2999.19 1 0
github.com/piplabs/story/client/x/dkg/types/types.pb.go:2999.19,3001.6 1 0
github.com/piplabs/story/client/x/dkg/types/types.pb.go:3002.5,3005.17 4 0
github.com/piplabs/story/client/x/dkg/types/types.pb.go:3005.17,3006.11 1 0
github.com/piplabs/story/client/x/dkg/types/types.pb.go:3009.4,3009.32 1 0
github.com/piplabs/story/client/x/dkg/types/types.pb.go:3010.11,3013.18 3 0
github.com/piplabs/story/client/x/dkg/types/types.pb.go:3013.18,3015.5 1 0
github.com/piplabs/story/client/x/dkg/types/types.pb.go:3016.4,3016.42 1 0
github.com/piplabs/story/client/x/dkg/types/types.pb.go:3016.42,3018.5 1 0
github.com/piplabs/story/client/x/dkg/types/types.pb.go:3019.4,3019.28 1 0
github.com/piplabs/story/client/x/dkg/types/types.pb.go:3019.28,3021.5 1 0
github.com/piplabs/story/client/x/dkg/types/types.pb.go:3022.4,3022.19 1 0
github.com/piplabs/story/client/x/dkg/types/types.pb.go:3026.2,3026.15 1 0
github.com/piplabs/story/client/x/dkg/types/types.pb.go:3026.15,3028.3 1 0
github.com/piplabs/story/client/x/dkg/types/types.pb.go:3029.2,3029.12 1 0
github.com/piplabs/story/client/x/dkg/types/types.pb.go:3031.54,3034.16 3 0
github.com/piplabs/story/client/x/dkg/types/types.pb.go:3034.16,3037.38 3 0
github.com/piplabs/story/client/x/dkg/types/types.pb.go:3037.38,3038.19 1 0
github.com/piplabs/story/client/x/dkg/types/types.pb.go:3038.19,3040.5 1 0
github.com/piplabs/story/client/x/dkg/types/types.pb.go:3041.4,3041.18 1 0
github.com/piplabs/story/client/x/dkg/types/types.pb.go:3041.18,3043.5 1 0
github.com/piplabs/story/client/x/dkg/types/types.pb.go:3044.4,3047.16 4 0
github.com/piplabs/story/client/x/dkg/types/types.pb.go:3047.16,3048.10 1 0
github.com/piplabs/story/client/x/dkg/types/types.pb.go:3051.3,3053.20 3 0
github.com/piplabs/story/client/x/dkg/types/types.pb.go:3053.20,3055.4 1 0
github.com/piplabs/story/client/x/dkg/types/types.pb.go:3056.3,3056.20 1 0
github.com/piplabs/story/client/x/dkg/types/types.pb.go:3056.20,3058.4 1 0
github.com/piplabs/story/client/x/dkg/types/types.pb.go:3059.3,3059.19 1 0
github.com/piplabs/story/client/x/dkg/types/types.pb.go:3060.10,3061.21 1 0
github.com/piplabs/story/client/x/dkg/types/types.pb.go:3061.21,3063.5 1 0
github.com/piplabs/story/client/x/dkg/types/types.pb.go:3064.4,3065.39 2 0
github.com/piplabs/story/client/x/dkg/types/types.pb.go:3065.39,3066.20 1 0
github.com/piplabs/story/client/x/dkg/types/types.pb.go:3066.20,3068.6 1 0
github.com/piplabs/story/client/x/dkg/types/types.pb.go:3069.5,3069.19 1 0
github.com/piplabs/story/client/x/dkg/types/types.pb.go:3069.19,3071.6 1 0
github.com/piplabs/story/client/x/dkg/types/types.pb.go:3072.5,3075.17 4 0
github.com/piplabs/story/client/x/dkg/types/types.pb.go:3075.17,3076.11 1 0
github.com/piplabs/story/client/x/dkg/types/types.pb.go:3079.4,3079.19 1 0
github.com/piplabs/story/client/x/dkg/types/types.pb.go:3079.19,3081.5 1 0
github.com/piplabs/story/client/x/dkg/types/types.pb.go:3082.4,3083.21 2 0
github.com/piplabs/story/client/x/dkg/types/types.pb.go:3083.21,3085.5 1 0
github.com/piplabs/story/client/x/dkg/types/types.pb.go:3086.4,3086.21 1 0
github.com/piplabs/story/client/x/dkg/types/types.pb.go:3086.21,3088.5 1 0
github.com/piplabs/story/client/x/dkg/types/types.pb.go:3089.4,3090.22 2 0
github.com/piplabs/story/client/x/dkg/types/types.pb.go:3090.22,3092.5 1 0
github.com/piplabs/story/client/x/dkg/types/types.pb.go:3093.4,3093.21 1 0
github.com/piplabs/story/client/x/dkg/types/types.pb.go:3094.10,3095.21 1 0
github.com/piplabs/story/client/x/dkg/types/types.pb.go:3095.21,3097.5 1 0
github.com/piplabs/story/client/x/dkg/types/types.pb.go:3098.4,3099.39 2 0
github.com/piplabs/story/client/x/dkg/types/types.pb.go:3099.39,3100.20 1 0
github.com/piplabs/story/client/x/dkg/types/types.pb.go:3100.20,3102.6 1 0
github.com/piplabs/story/client/x/dkg/types/types.pb.go:3103.5,3103.19 1 0
github.com/piplabs/story/client/x/dkg/types/types.pb.go:3103.19,3105.6 1 0
github.com/piplabs/story/client/x/dkg/types/types.pb.go:3106.5,3109.17 4 0
github.com/piplabs/story/client/x/dkg/types/types.pb.go:3109.17,3110.11 1 0
github.com/piplabs/story/client/x/dkg/types/types.pb.go:3113.4,3113.19 1 0
github.com/piplabs/story/client/x/dkg/types/types.pb.go:3113.19,3115.5 1 0
github.com/piplabs/story/client/x/dkg/types/types.pb.go:3116.4,3117.21 2 0
github.com/piplabs/story/client/x/dkg/types/types.pb.go:3117.21,3119.5 1 0
github.com/piplabs/story/client/x/dkg/types/types.pb.go:3120.4,3120.21 1 0
github.com/piplabs/story/client/x/dkg/types/types.pb.go:3120.21,3122.5 1 0
github.com/piplabs/story/client/x/dkg/types/types.pb.go:3123.4,3124.26 2 0
github.com/piplabs/story/client/x/dkg/types/types.pb.go:3124.26,3126.5 1 0
github.com/piplabs/story/client/x/dkg/types/types.pb.go:3127.4,3127.21 1 0
github.com/piplabs/story/client/x/dkg/types/types.pb.go:3128.10,3129.21 1 0
github.com/piplabs/story/client/x/dkg/types/types.pb.go:3129.21,3131.5 1 0
github.com/piplabs/story/client/x/dkg/types/types.pb.go:3132.4,3133.39 2 0
github.com/piplabs/story/client/x/dkg/types/types.pb.go:3133.39,3134.20 1 0
github.com/piplabs/story/client/x/dkg/types/types.pb.go:3134.20,3136.6 1 0
github.com/piplabs/story/client/x/dkg/types/types.pb.go:3137.5,3137.19 1 0
github.com/piplabs/story/client/x/dkg/types/types.pb.go:3137.19,3139.6 1 0
github.com/piplabs/story/client/x/dkg/types/types.pb.go:3140.5,3143.17 4 0
github.com/piplabs/story/client/x/dkg/types/types.pb.go:3143.17,3144.11 1 0
github.com/piplabs/story/client/x/dkg/types/types.pb.go:3147.4,3147.19 1 0
github.com/piplabs/story/client/x/dkg/types/types.pb.go:3147.19,3149.5 1 0
github.com/piplabs/story/client/x/dkg/types/types.pb.go:3150.4,3151.21 2 0
github.com/piplabs/story/client/x/dkg/types/types.pb.go:3151.21,3153.5 1 0
github.com/piplabs/story/client/x/dkg/types/types.pb.go:3154.4,3154.21 1 0
github.com/piplabs/story/client/x/dkg/types/types.pb.go:3154.21,3156.5 1 0
github.com/piplabs/story/client/x/dkg/types/types.pb.go:3157.4,3158.22 2 0
github.com/piplabs/story/client/x/dkg/types/types.pb.go:3158.22,3160.5 1 0
github.com/piplabs/story/client/x/dkg/types/types.pb.go:3161.4,3161.21 1 0
github.com/piplabs/story/client/x/dkg/types/types.pb.go:3162.10,3163.21 1 0
github.com/piplabs/story/client/x/dkg/types/types.pb.go:3163.21,3165.5 1 0
github.com/piplabs/story/client/x/dkg/types/types.pb.go:3166.4,3167.39 2 0
github.com/piplabs/story/client/x/dkg/types/types.pb.go:3167.39,3168.20 1 0
github.com/piplabs/story/client/x/dkg/types/types.pb.go:3168.20,3170.6 1 0
github.com/piplabs/story/client/x/dkg/types/types.pb.go:3171.5,3171.19 1 0
github.com/piplabs/story/client/x/dkg/types/types.pb.go:3171.19,3173.6 1 0
github.com/piplabs/story/client/x/dkg/types/types.pb.go:3174.5,3177.17 4 0
github.com/piplabs/story/client/x/dkg/types/types.pb.go:3177.17,3178.11 1 0
github.com/piplabs/story/client/x/dkg/types/types.pb.go:3181.4,3181.19 1 0
github.com/piplabs/story/client/x/dkg/types/types.pb.go:3181.19,3183.5 1 0
github.com/piplabs/story/client/x/dkg/types/types.pb.go:3184.4,3185.21 2 0
github.com/piplabs/story/client/x/dkg/types/types.pb.go:3185.21,3187.5 1 0
github.com/piplabs/story/client/x/dkg/types/types.pb.go:3188.4,3188.21 1 0
github.com/piplabs/story/client/x/dkg/types/types.pb.go:3188.21,3190.5 1 0
github.com/piplabs/story/client/x/dkg/types/types.pb.go:3191.4,3192.23 2 0
github.com/piplabs/story/client/x/dkg/types/types.pb.go:3192.23,3194.5 1 0
github.com/piplabs/story/client/x/dkg/types/types.pb.go:3195.4,3195.21 1 0
github.com/piplabs/story/client/x/dkg/types/types.pb.go:3196.11,3199.18 3 0
github.com/piplabs/story/client/x/dkg/types/types.pb.go:3199.18,3201.5 1 0
github.com/piplabs/story/client/x/dkg/types/types.pb.go:3202.4,3202.42 1 0
github.com/piplabs/story/client/x/dkg/types/types.pb.go:3202.42,3204.5 1 0
github.com/piplabs/story/client/x/dkg/types/types.pb.go:3205.4,3205.28 1 0
github.com/piplabs/story/client/x/dkg/types/types.pb.go:3205.28,3207.5 1 0
github.com/piplabs/story/client/x/dkg/types/types.pb.go:3208.4,3208.19 1 0
github.com/piplabs/story/client/x/dkg/types/types.pb.go:3212.2,3212.15 1 0
github.com/piplabs/story/client/x/dkg/types/types.pb.go:3212.15,3214.3 1 0
github.com/piplabs/story/client/x/dkg/types/types.pb.go:3215.2,3215.12 1 0
github.com/piplabs/story/client/x/dkg/types/types.pb.go:3217.45,3220.16 3 0
github.com/piplabs/story/client/x/dkg/types/types.pb.go:3220.16,3223.38 3 0
github.com/piplabs/story/client/x/dkg/types/types.pb.go:3223.38,3224.19 1 0
github.com/piplabs/story/client/x/dkg/types/types.pb.go:3224.19,3226.5 1 0
github.com/piplabs/story/client/x/dkg/types/types.pb.go:3227.4,3227.18 1 0
github.com/piplabs/story/client/x/dkg/types/types.pb.go:3227.18,3229.5 1 0
github.com/piplabs/story/client/x/dkg/types/types.pb.go:3230.4,3233.16 4 0
github.com/piplabs/story/client/x/dkg/types/types.pb.go:3233.16,3234.10 1 0
github.com/piplabs/story/client/x/dkg/types/types.pb.go:3237.3,3239.20 3 0
github.com/piplabs/story/client/x/dkg/types/types.pb.go:3239.20,3241.4 1 0
github.com/piplabs/story/client/x/dkg/types/types.pb.go:3242.3,3242.20 1 0
github.com/piplabs/story/client/x/dkg/types/types.pb.go:3242.20,3244.4 1 0
github.com/piplabs/story/client/x/dkg/types/types.pb.go:3245.3,3245.19 1 0
github.com/piplabs/story/client/x/dkg/types/types.pb.go:3246.10,3247.21 1 0
github.com/piplabs/story/client/x/dkg/types/types.pb.go:3247.21,3249.5 1 0
github.com/piplabs/story/client/x/dkg/types/types.pb.go:3250.4,3251.39 2 0
github.com/piplabs/story/client/x/dkg/types/types.pb.go:3251.39,3252.20 1 0
github.com/piplabs/story/client/x/dkg/types/types.pb.go:3252.20,3254.6 1 0
github.com/piplabs/story/client/x/dkg/types/types.pb.go:3255.5,3255.19 1 0
github.com/piplabs/story/client/x/dkg/types/types.pb.go:3255.19,3257.6 1 0
github.com/piplabs/story/client/x/dkg/types/types.pb.go:3258.5,3261.17 4 0
github.com/piplabs/story/client/x/dkg/types/types.pb.go:3261.17,3262.11 1 0
github.com/piplabs/story/client/x/dkg/types/types.pb.go:3265.10,3266.21 1 0
github.com/piplabs/story/client/x/dkg/types/types.pb.go:3266.21,3268.5 1 0
github.com/piplabs/story/client/x/dkg/types/types.pb.go:3269.4,3270.39 2 0
github.com/piplabs/story/client/x/dkg/types/types.pb.go:3270.39,3271.20 1 0
github.com/piplabs/story/client/x/dkg/types/types.pb.go:3271.20,3273.6 1 0
github.com/piplabs/story/client/x/dkg/types/types.pb.go:3274.5,3274.19 1 0
github.com/piplabs/story/client/x/dkg/types/types.pb.go:3274.19,3276.6 1 0
github.com/piplabs/story/client/x/dkg/types/types.pb.go:3277.5,3280.17 4 0
github.com/piplabs/story/client/x/dkg/types/types.pb.go:3280.17,3281.11 1 0
github.com/piplabs/story/client/x/dkg/types/types.pb.go:3284.10,3285.21 1 0
github.com/piplabs/story/client/x/dkg/types/types.pb.go:3285.21,3287.5 1 0
github.com/piplabs/story/client/x/dkg/types/types.pb.go:3288.4,3289.39 2 0
github.com/piplabs/story/client/x/dkg/types/types.pb.go:3289.39,3290.20 1 0
github.com/piplabs/story/client/x/dkg/types/types.pb.go:3290.20,3292.6 1 0
github.com/piplabs/story/client/x/dkg/types/types.pb.go:3293.5,3293.19 1 0
github.com/piplabs/story/client/x/dkg/types/types.pb.go:3293.19,3295.6 1 0
github.com/piplabs/story/client/x/dkg/types/types.pb.go:3296.5,3299.17 4 0
github.com/piplabs/story/client/x/dkg/types/types.pb.go:3299.17,3300.11 1 0
github.com/piplabs/story/client/x/dkg/types/types.pb.go:3303.4,3303.18 1 0
github.com/piplabs/story/client/x/dkg/types/types.pb.go:3303.18,3305.5 1 0
github.com/piplabs/story/client/x/dkg/types/types.pb.go:3306.4,3307.21 2 0
github.com/piplabs/story/client/x/dkg/types/types.pb.go:3307.21,3309.5 1 0
github.com/piplabs/story/client/x/dkg/types/types.pb.go:3310.4,3310.21 1 0
github.com/piplabs/story/client/x/dkg/types/types.pb.go:3310.21,3312.5 1 0
github.com/piplabs/story/client/x/dkg/types/types.pb.go:3313.4,3313.66 1 0
github.com/piplabs/story/client/x/dkg/types/types.pb.go:3313.66,3315.5 1 0
github.com/piplabs/story/client/x/dkg/types/types.pb.go:3316.4,3316.21 1 0
github.com/piplabs/story/client/x/dkg/types/types.pb.go:3317.10,3318.21 1 0
github.com/piplabs/story/client/x/dkg/types/types.pb.go:3318.21,3320.5 1 0
github.com/piplabs/story/client/x/dkg/types/types.pb.go:3321.4,3322.39 2 0
github.com/piplabs/story/client/x/dkg/types/types.pb.go:3322.39,3323.20 1 0
github.com/piplabs/story/client/x/dkg/types/types.pb.go:3323.20,3325.6 1 0
github.com/piplabs/story/client/x/dkg/types/types.pb.go:3326.5,3326.19 1 0
github.com/piplabs/story/client/x/dkg/types/types.pb.go:3326.19,3328.6 1 0
github.com/piplabs/story/client/x/dkg/types/types.pb.go:3329.5,3332.17 4 0
github.com/piplabs/story/client/x/dkg/types/types.pb.go:3332.17,3333.11 1 0
github.com/piplabs/story/client/x/dkg/types/types.pb.go:3336.4,3336.19 1 0
github.com/piplabs/story/client/x/dkg/types/types.pb.go:3336.19,3338.5 1 0
github.com/piplabs/story/client/x/dkg/types/types.pb.go:3339.4,3340.21 2 0
github.com/piplabs/story/client/x/dkg/types/types.pb.go:3340.21,3342.5 1 0
github.com/piplabs/story/client/x/dkg/types/types.pb.go:3343.4,3343.21 1 0
github.com/piplabs/story/client/x/dkg/types/types.pb.go:3343.21,3345.5 1 0
github.com/piplabs/story/client/x/dkg/types/types.pb.go:3346.4,3347.26 2 0
github.com/piplabs/story/client/x/dkg/types/types.pb.go:3347.26,3349.5 1 0
github.com/piplabs/story/client/x/dkg/types/types.pb.go:3350.4,3350.21 1 0
github.com/piplabs/story/client/x/dkg/types/types.pb.go:3351.11,3354.18 3 0
github.com/piplabs/story/client/x/dkg/types/types.pb.go:3354.18,3356.5 1 0
github.com/piplabs/story/client/x/dkg/types/types.pb.go:3357.4,3357.42 1 0
github.com/piplabs/story/client/x/dkg/types/types.pb.go:3357.42,3359.5 1 0
github.com/piplabs/story/client/x/dkg/types/types.pb.go:3360.4,3360.28 1 0
github.com/piplabs/story/client/x/dkg/types/types.pb.go:3360.28,3362.5 1 0
github.com/piplabs/story/client/x/dkg/types/types.pb.go:3363.4,3363.19 1 0
github.com/piplabs/story/client/x/dkg/types/types.pb.go:3367.2,3367.15 1 0
github.com/piplabs/story/client/x/dkg/types/types.pb.go:3367.15,3369.3 1 0
github.com/piplabs/story/client/x/dkg/types/types.pb.go:3370.2,3370.12 1 0
github.com/piplabs/story/client/x/dkg/types/types.pb.go:3372.50,3375.16 3 0
github.com/piplabs/story/client/x/dkg/types/types.pb.go:3375.16,3378.38 3 0
github.com/piplabs/story/client/x/dkg/types/types.pb.go:3378.38,3379.19 1 0
github.com/piplabs/story/client/x/dkg/types/types.pb.go:3379.19,3381.5 1 0
github.com/piplabs/story/client/x/dkg/types/types.pb.go:3382.4,3382.18 1 0
github.com/piplabs/story/client/x/dkg/types/types.pb.go:3382.18,3384.5 1 0
github.com/piplabs/story/client/x/dkg/types/types.pb.go:3385.4,3388.16 4 0
github.com/piplabs/story/client/x/dkg/types/types.pb.go:3388.16,3389.10 1 0
github.com/piplabs/story/client/x/dkg/types/types.pb.go:3392.3,3394.20 3 0
github.com/piplabs/story/client/x/dkg/types/types.pb.go:3394.20,3396.4 1 0
github.com/piplabs/story/client/x/dkg/types/types.pb.go:3397.3,3397.20 1 0
github.com/piplabs/story/client/x/dkg/types/types.pb.go:3397.20,3399.4 1 0
github.com/piplabs/story/client/x/dkg/types/types.pb.go:3400.3,3400.19 1 0
github.com/piplabs/story/client/x/dkg/types/types.pb.go:3401.10,3402.21 1 0
github.com/piplabs/story/client/x/dkg/types/types.pb.go:3402.21,3404.5 1 0
github.com/piplabs/story/client/x/dkg/types/types.pb.go:3405.4,3406.39 2 0
github.com/piplabs/story/client/x/dkg/types/types.pb.go:3406.39,3407.20 1 0
github.com/piplabs/story/client/x/dkg/types/types.pb.go:3407.20,3409.6 1 0
github.com/piplabs/story/client/x/dkg/types/types.pb.go:3410.5,3410.19 1 0
github.com/piplabs/story/client/x/dkg/types/types.pb.go:3410.19,3412.6 1 0
github.com/piplabs/story/client/x/dkg/types/types.pb.go:3413.5,3416.17 4 0
github.com/piplabs/story/client/x/dkg/types/types.pb.go:3416.17,3417.11 1 0
github.com/piplabs/story/client/x/dkg/types/types.pb.go:3420.10,3421.21 1 0
github.com/piplabs/story/client/x/dkg/types/types.pb.go:3421.21,3423.5 1 0
github.com/piplabs/story/client/x/dkg/types/types.pb.go:3424.4,3425.39 2 0
github.com/piplabs/story/client/x/dkg/types/types.pb.go:3425.39,3426.20 1 0
github.com/piplabs/story/client/x/dkg/types/types.pb.go:3426.20,3428.6 1 0
github.com/piplabs/story/client/x/dkg/types/types.pb.go:3429.5,3429.19 1 0
github.com/piplabs/story/client/x/dkg/types/types.pb.go:3429.19,3431.6 1 0
github.com/piplabs/story/client/x/dkg/types/types.pb.go:3432.5,3435.17 4 0
github.com/piplabs/story/client/x/dkg/types/types.pb.go:3435.17,3436.11 1 0
github.com/piplabs/story/client/x/dkg/types/types.pb.go:3439.4,3439.19 1 0
github.com/piplabs/story/client/x/dkg/types/types.pb.go:3439.19,3441.5 1 0
github.com/piplabs/story/client/x/dkg/types/types.pb.go:3442.4,3443.21 2 0
github.com/piplabs/story/client/x/dkg/types/types.pb.go:3443.21,3445.5 1 0
github.com/piplabs/story/client/x/dkg/types/types.pb.go:3446.4,3446.21 1 0
github.com/piplabs/story/client/x/dkg/types/types.pb.go:3446.21,3448.5 1 0
github.com/piplabs/story/client/x/dkg/types/types.pb.go:3449.4,3450.26 2 0
github.com/piplabs/story/client/x/dkg/types/types.pb.go:3450.26,3452.5 1 0
github.com/piplabs/story/client/x/dkg/types/types.pb.go:3453.4,3453.21 1 0
github.com/piplabs/story/client/x/dkg/types/types.pb.go:3454.11,3457.18 3 0
github.com/piplabs/story/client/x/dkg/types/types.pb.go:3457.18,3459.5 1 0
github.com/piplabs/story/client/x/dkg/types/types.pb.go:3460.4,3460.42 1 0
github.com/piplabs/story/client/x/dkg/types/types.pb.go:3460.42,3462.5 1 0
github.com/piplabs/story/client/x/dkg/types/types.pb.go:3463.4,3463.28 1 0
github.com/piplabs/story/client/x/dkg/types/types.pb.go:3463.28,3465.5 1 0
github.com/piplabs/story/client/x/dkg/types/types.pb.go:3466.4,3466.19 1 0
github.com/piplabs/story/client/x/dkg/types/types.pb.go:3470.2,3470.15 1 0
github.com/piplabs/story/client/x/dkg/types/types.pb.go:3470.15,3472.3 1 0
github.com/piplabs/story/client/x/dkg/types/types.pb.go:3473.2,3473.12 1 0
github.com/piplabs/story/client/x/dkg/types/types.pb.go:3475.55,3478.16 3 0
github.com/piplabs/story/client/x/dkg/types/types.pb.go:3478.16,3481.38 3 0
github.com/piplabs/story/client/x/dkg/types/types.pb.go:3481.38,3482.19 1 0
github.com/piplabs/story/client/x/dkg/types/types.pb.go:3482.19,3484.5 1 0
github.com/piplabs/story/client/x/dkg/types/types.pb.go:3485.4,3485.18 1 0
github.com/piplabs/story/client/x/dkg/types/types.pb.go:3485.18,3487.5 1 0
github.com/piplabs/story/client/x/dkg/types/types.pb.go:3488.4,3491.16 4 0
github.com/piplabs/story/client/x/dkg/types/types.pb.go:3491.16,3492.10 1 0
github.com/piplabs/story/client/x/dkg/types/types.pb.go:3495.3,3497.20 3 0
github.com/piplabs/story/client/x/dkg/types/types.pb.go:3497.20,3499.4 1 0
github.com/piplabs/story/client/x/dkg/types/types.pb.go:3500.3,3500.20 1 0
github.com/piplabs/story/client/x/dkg/types/types.pb.go:3500.20,3502.4 1 0
github.com/piplabs/story/client/x/dkg/types/types.pb.go:3503.3,3503.19 1 0
github.com/piplabs/story/client/x/dkg/types/types.pb.go:3504.10,3505.21 1 0
github.com/piplabs/story/client/x/dkg/types/types.pb.go:3505.21,3507.5 1 0
github.com/piplabs/story/client/x/dkg/types/types.pb.go:3508.4,3509.39 2 0
github.com/piplabs/story/client/x/dkg/types/types.pb.go:3509.39,3510.20 1 0
github.com/piplabs/story/client/x/dkg/types/types.pb.go:3510.20,3512.6 1 0
github.com/piplabs/story/client/x/dkg/types/types.pb.go:3513.5,3513.19 1 0
github.com/piplabs/story/client/x/dkg/types/types.pb.go:3513.19,3515.6 1 0
github.com/piplabs/story/client/x/dkg/types/types.pb.go:3516.5,3519.17 4 0
github.com/piplabs/story/client/x/dkg/types/types.pb.go:3519.17,3520.11 1 0
github.com/piplabs/story/client/x/dkg/types/types.pb.go:3523.10,3524.21 1 0
github.com/piplabs/story/client/x/dkg/types/types.pb.go:3524.21,3526.5 1 0
github.com/piplabs/story/client/x/dkg/types/types.pb.go:3527.4,3528.39 2 0
github.com/piplabs/story/client/x/dkg/types/types.pb.go:3528.39,3529.20 1 0
github.com/piplabs/story/client/x/dkg/types/types.pb.go:3529.20,3531.6 1 0
github.com/piplabs/story/client/x/dkg/types/types.pb.go:3532.5,3532.19 1 0
github.com/piplabs/story/client/x/dkg/types/types.pb.go:3532.19,3534.6 1 0
github.com/piplabs/story/client/x/dkg/types/types.pb.go:3535.5,3538.17 4 0
github.com/piplabs/story/client/x/dkg/types/types.pb.go:3538.17,3539.11 1 0
github.com/piplabs/story/client/x/dkg/types/types.pb.go:3542.4,3542.19 1 0
github.com/piplabs/story/client/x/dkg/types/types.pb.go:3542.19,3544.5 1 0
github.com/piplabs/story/client/x/dkg/types/types.pb.go:3545.4,3546.21 2 0
github.com/piplabs/story/client/x/dkg/types/types.pb.go:3546.21,3548.5 1 0
github.com/piplabs/story/client/x/dkg/types/types.pb.go:3549.4,3549.21 1 0
github.com/piplabs/story/client/x/dkg/types/types.pb.go:3549.21,3551.5 1 0
github.com/piplabs/story/client/x/dkg/types/types.pb.go:3552.4,3553.27 2 0
github.com/piplabs/story/client/x/dkg/types/types.pb.go:3553.27,3555.5 1 0
github.com/piplabs/story/client/x/dkg/types/types.pb.go:3556.4,3556.21 1 0
github.com/piplabs/story/client/x/dkg/types/types.pb.go:3557.10,3558.21 1 0
github.com/piplabs/story/client/x/dkg/types/types.pb.go:3558.21,3560.5 1 0
github.com/piplabs/story/client/x/dkg/types/types.pb.go:3561.4,3562.39 2 0
github.com/piplabs/story/client/x/dkg/types/types.pb.go:3562.39,3563.20 1 0
github.com/piplabs/story/client/x/dkg/types/types.pb.go:3563.20,3565.6 1 0
github.com/piplabs/story/client/x/dkg/types/types.pb.go:3566.5,3566.19 1 0
github.com/piplabs/story/client/x/dkg/types/types.pb.go:3566.19,3568.6 1 0
github.com/piplabs/story/client/x/dkg/types/types.pb.go:3569.5,3572.17 4 0
github.com/piplabs/story/client/x/dkg/types/types.pb.go:3572.17,3573.11 1 0
github.com/piplabs/story/client/x/dkg/types/types.pb.go:3576.4,3576.19 1 0
github.com/piplabs/story/client/x/dkg/types/types.pb.go:3576.19,3578.5 1 0
github.com/piplabs/story/client/x/dkg/types/types.pb.go:3579.4,3580.21 2 0
github.com/piplabs/story/client/x/dkg/types/types.pb.go:3580.21,3582.5 1 0
github.com/piplabs/story/client/x/dkg/types/types.pb.go:3583.4,3583.21 1 0
github.com/piplabs/story/client/x/dkg/types/types.pb.go:3583.21,3585.5 1 0
github.com/piplabs/story/client/x/dkg/types/types.pb.go:3586.4,3587.22 2 0
github.com/piplabs/story/client/x/dkg/types/types.pb.go:3587.22,3589.5 1 0
github.com/piplabs/story/client/x/dkg/types/types.pb.go:3590.4,3590.21 1 0
github.com/piplabs/story/client/x/dkg/types/types.pb.go:3591.10,3592.21 1 0
github.com/piplabs/story/client/x/dkg/types/types.pb.go:3592.21,3594.5 1 0
github.com/piplabs/story/client/x/dkg/types/types.pb.go:3595.4,3596.39 2 0
github.com/piplabs/story/client/x/dkg/types/types.pb.go:3596.39,3597.20 1 0
github.com/piplabs/story/client/x/dkg/types/types.pb.go:3597.20,3599.6 1 0
github.com/piplabs/story/client/x/dkg/types/types.pb.go:3600.5,3600.19 1 0
github.com/piplabs/story/client/x/dkg/types/types.pb.go:3600.19,3602.6 1 0
github.com/piplabs/story/client/x/dkg/types/types.pb.go:3603.5,3606.17 4 0
github.com/piplabs/story/client/x/dkg/types/types.pb.go:3606.17,3607.11 1 0
github.com/piplabs/story/client/x/dkg/types/types.pb.go:3610.4,3610.19 1 0
github.com/piplabs/story/client/x/dkg/types/types.pb.go:3610.19,3612.5 1 0
github.com/piplabs/story/client/x/dkg/types/types.pb.go:3613.4,3614.21 2 0
github.com/piplabs/story/client/x/dkg/types/types.pb.go:3614.21,3616.5 1 0
github.com/piplabs/story/client/x/dkg/types/types.pb.go:3617.4,3617.21 1 0
github.com/piplabs/story/client/x/dkg/types/types.pb.go:3617.21,3619.5 1 0
github.com/piplabs/story/client/x/dkg/types/types.pb.go:3620.4,3621.32 2 0
github.com/piplabs/story/client/x/dkg/types/types.pb.go:3621.32,3623.5 1 0
github.com/piplabs/story/client/x/dkg/types/types.pb.go:3624.4,3624.21 1 0
github.com/piplabs/story/client/x/dkg/types/types.pb.go:3625.10,3626.21 1 0
github.com/piplabs/story/client/x/dkg/types/types.pb.go:3626.21,3628.5 1 0
github.com/piplabs/story/client/x/dkg/types/types.pb.go:3629.4,3630.39 2 0
github.com/piplabs/story/client/x/dkg/types/types.pb.go:3630.39,3631.20 1 0
github.com/piplabs/story/client/x/dkg/types/types.pb.go:3631.20,3633.6 1 0
github.com/piplabs/story/client/x/dkg/types/types.pb.go:3634.5,3634.19 1 0
github.com/piplabs/story/client/x/dkg/types/types.pb.go:3634.19,3636.6 1 0
github.com/piplabs/story/client/x/dkg/types/types.pb.go:3637.5,3640.17 4 0
github.com/piplabs/story/client/x/dkg/types/types.pb.go:3640.17,3641.11 1 0
github.com/piplabs/story/client/x/dkg/types/types.pb.go:3644.11,3647.18 3 0
github.com/piplabs/story/client/x/dkg/types/types.pb.go:3647.18,3649.5 1 0
github.com/piplabs/story/client/x/dkg/types/types.pb.go:3650.4,3650.42 1 0
github.com/piplabs/story/client/x/dkg/types/types.pb.go:3650.42,3652.5 1 0
github.com/piplabs/story/client/x/dkg/types/types.pb.go:3653.4,3653.28 1 0
github.com/piplabs/story/client/x/dkg/types/types.pb.go:3653.28,3655.5 1 0
github.com/piplabs/story/client/x/dkg/types/types.pb.go:3656.4,3656.19 1 0
github.com/piplabs/story/client/x/dkg/types/types.pb.go:3660.2,3660.15 1 0
github.com/piplabs/story/client/x/dkg/types/types.pb.go:3660.15,3662.3 1 0
github.com/piplabs/story/client/x/dkg/types/types.pb.go:3663.2,3663.12 1 0
github.com/piplabs/story/client/x/dkg/types/types.pb.go:3665.71,3668.16 3 0
github.com/piplabs/story/client/x/dkg/types/types.pb.go:3668.16,3671.38 3 0
github.com/piplabs/story/client/x/dkg/types/types.pb.go:3671.38,3672.19 1 0
github.com/piplabs/story/client/x/dkg/types/types.pb.go:3672.19,3674.5 1 0
github.com/piplabs/story/client/x/dkg/types/types.pb.go:3675.4,3675.18 1 0
github.com/piplabs/story/client/x/dkg/types/types.pb.go:3675.18,3677.5 1 0
github.com/piplabs/story/client/x/dkg/types/types.pb.go:3678.4,3681.16 4 0
github.com/piplabs/story/client/x/dkg/types/types.pb.go:3681.16,3682.10 1 0
github.com/piplabs/story/client/x/dkg/types/types.pb.go:3685.3,3687.20 3 0
github.com/piplabs/story/client/x/dkg/types/types.pb.go:3687.20,3689.4 1 0
github.com/piplabs/story/client/x/dkg/types/types.pb.go:3690.3,3690.20 1 0
github.com/piplabs/story/client/x/dkg/types/types.pb.go:3690.20,3692.4 1 0
github.com/piplabs/story/client/x/dkg/types/types.pb.go:3693.3,3693.19 1 0
github.com/piplabs/story/client/x/dkg/types/types.pb.go:3694.10,3695.21 1 0
github.com/piplabs/story/client/x/dkg/types/types.pb.go:3695.21,3697.5 1 0
github.com/piplabs/story/client/x/dkg/types/types.pb.go:3698.4,3699.39 2 0
github.com/piplabs/story/client/x/dkg/types/types.pb.go:3699.39,3700.20 1 0
github.com/piplabs/story/client/x/dkg/types/types.pb.go:3700.20,3702.6 1 0
github.com/piplabs/story/client/x/dkg/types/types.pb.go:3703.5,3703.19 1 0
github.com/piplabs/story/client/x/dkg/types/types.pb.go:3703.19,3705.6 1 0
github.com/piplabs/story/client/x/dkg/types/types.pb.go:3706.5,3709.17 4 0
github.com/piplabs/story/client/x/dkg/types/types.pb.go:3709.17,3710.11 1 0
github.com/piplabs/story/client/x/dkg/types/types.pb.go:3713.4,3714.24 2 0
github.com/piplabs/story/client/x/dkg/types/types.pb.go:3714.24,3716.5 1 0
github.com/piplabs/story/client/x/dkg/types/types.pb.go:3717.4,3718.21 2 0
github.com/piplabs/story/client/x/dkg/types/types.pb.go:3718.21,3720.5 1 0
github.com/piplabs/story/client/x/dkg/types/types.pb.go:3721.4,3721.21 1 0
github.com/piplabs/story/client/x/dkg/types/types.pb.go:3721.21,3723.5 1 0
github.com/piplabs/story/client/x/dkg/types/types.pb.go:3724.4,3725.21 2 0
github.com/piplabs/story/client/x/dkg/types/types.pb.go:3726.10,3727.21 1 0
github.com/piplabs/story/client/x/dkg/types/types.pb.go:3727.21,3729.5 1 0
github.com/piplabs/story/client/x/dkg/types/types.pb.go:3730.4,3731.39 2 0
github.com/piplabs/story/client/x/dkg/types/types.pb.go:3731.39,3732.20 1 0
github.com/piplabs/story/client/x/dkg/types/types.pb.go:3732.20,3734.6 1 0
github.com/piplabs/story/client/x/dkg/types/types.pb.go:3735.5,3735.19 1 0
github.com/piplabs/story/client/x/dkg/types/types.pb.go:3735.19,3737.6 1 0
github.com/piplabs/story/client/x/dkg/types/types.pb.go:3738.5,3741.17 4 0
github.com/piplabs/story/client/x/dkg/types/types.pb.go:3741.17,3742.11 1 0
github.com/piplabs/story/client/x/dkg/types/types.pb.go:3745.10,3746.21 1 0
github.com/piplabs/story/client/x/dkg/types/types.pb.go:3746.21,3748.5 1 0
github.com/piplabs/story/client/x/dkg/types/types.pb.go:3749.4,3750.39 2 0
github.com/piplabs/story/client/x/dkg/types/types.pb.go:3750.39,3751.20 1 0
github.com/piplabs/story/client/x/dkg/types/types.pb.go:3751.20,3753.6 1 0
github.com/piplabs/story/client/x/dkg/types/types.pb.go:3754.5,3754.19 1 0
github.com/piplabs/story/client/x/dkg/types/types.pb.go:3754.19,3756.6 1 0
github.com/piplabs/story/client/x/dkg/types/types.pb.go:3757.5,3760.17 4 0
github.com/piplabs/story/client/x/dkg/types/types.pb.go:3760.17,3761.11 1 0
github.com/piplabs/story/client/x/dkg/types/types.pb.go:3764.10,3765.21 1 0
github.com/piplabs/story/client/x/dkg/types/types.pb.go:3765.21,3767.5 1 0
github.com/piplabs/story/client/x/dkg/types/types.pb.go:3768.4,3769.39 2 0
github.com/piplabs/story/client/x/dkg/types/types.pb.go:3769.39,3770.20 1 0
github.com/piplabs/story/client/x/dkg/types/types.pb.go:3770.20,3772.6 1 0
github.com/piplabs/story/client/x/dkg/types/types.pb.go:3773.5,3773.19 1 0
github.com/piplabs/story/client/x/dkg/types/types.pb.go:3773.19,3775.6 1 0
github.com/piplabs/story/client/x/dkg/types/types.pb.go:3776.5,3779.17 4 0
github.com/piplabs/story/client/x/dkg/types/types.pb.go:3779.17,3780.11 1 0
github.com/piplabs/story/client/x/dkg/types/types.pb.go:3783.4,3783.19 1 0
github.com/piplabs/story/client/x/dkg/types/types.pb.go:3783.19,3785.5 1 0
github.com/piplabs/story/client/x/dkg/types/types.pb.go:3786.4,3787.21 2 0
github.com/piplabs/story/client/x/dkg/types/types.pb.go:3787.21,3789.5 1 0
github.com/piplabs/story/client/x/dkg/types/types.pb.go:3790.4,3790.21 1 0
github.com/piplabs/story/client/x/dkg/types/types.pb.go:3790.21,3792.5 1 0
github.com/piplabs/story/client/x/dkg/types/types.pb.go:3793.4,3794.33 2 0
github.com/piplabs/story/client/x/dkg/types/types.pb.go:3794.33,3796.5 1 0
github.com/piplabs/story/client/x/dkg/types/types.pb.go:3797.4,3797.21 1 0
github.com/piplabs/story/client/x/dkg/types/types.pb.go:3798.10,3799.21 1 0
github.com/piplabs/story/client/x/dkg/types/types.pb.go:3799.21,3801.5 1 0
github.com/piplabs/story/client/x/dkg/types/types.pb.go:3802.4,3803.39 2 0
github.com/piplabs/story/client/x/dkg/types/types.pb.go:3803.39,3804.20 1 0
github.com/piplabs/story/client/x/dkg/types/types.pb.go:3804.20,3806.6 1 0
github.com/piplabs/story/client/x/dkg/types/types.pb.go:3807.5,3807.19 1 0
github.com/piplabs/story/client/x/dkg/types/types.pb.go:3807.19,3809.6 1 0
github.com/piplabs/story/client/x/dkg/types/types.pb.go:3810.5,3813.17 4 0
github.com/piplabs/story/client/x/dkg/types/types.pb.go:3813.17,3814.11 1 0
github.com/piplabs/story/client/x/dkg/types/types.pb.go:3817.4,3817.19 1 0
github.com/piplabs/story/client/x/dkg/types/types.pb.go:3817.19,3819.5 1 0
github.com/piplabs/story/client/x/dkg/types/types.pb.go:3820.4,3821.21 2 0
github.com/piplabs/story/client/x/dkg/types/types.pb.go:3821.21,3823.5 1 0
github.com/piplabs/story/client/x/dkg/types/types.pb.go:3824.4,3824.21 1 0
github.com/piplabs/story/client/x/dkg/types/types.pb.go:3824.21,3826.5 1 0
github.com/piplabs/story/client/x/dkg/types/types.pb.go:3827.4,3828.32 2 0
github.com/piplabs/story/client/x/dkg/types/types.pb.go:3828.32,3830.5 1 0
github.com/piplabs/story/client/x/dkg/types/types.pb.go:3831.4,3831.21 1 0
github.com/piplabs/story/client/x/dkg/types/types.pb.go:3832.10,3833.21 1 0
github.com/piplabs/story/client/x/dkg/types/types.pb.go:3833.21,3835.5 1 0
github.com/piplabs/story/client/x/dkg/types/types.pb.go:3836.4,3837.39 2 0
github.com/piplabs/story/client/x/dkg/types/types.pb.go:3837.39,3838.20 1 0
github.com/piplabs/story/client/x/dkg/types/types.pb.go:3838.20,3840.6 1 0
github.com/piplabs/story/client/x/dkg/types/types.pb.go:3841.5,3841.19 1 0
github.com/piplabs/story/client/x/dkg/types/types.pb.go:3841.19,3843.6 1 0
github.com/piplabs/story/client/x/dkg/types/types.pb.go:3844.5,3847.17 4 0
github.com/piplabs/story/client/x/dkg/types/types.pb.go:3847.17,3848.11 1 0
github.com/piplabs/story/client/x/dkg/types/types.pb.go:3851.4,3851.19 1 0
github.com/piplabs/story/client/x/dkg/types/types.pb.go:3851.19,3853.5 1 0
github.com/piplabs/story/client/x/dkg/types/types.pb.go:3854.4,3855.21 2 0
github.com/piplabs/story/client/x/dkg/types/types.pb.go:3855.21,3857.5 1 0
github.com/piplabs/story/client/x/dkg/types/types.pb.go:3858.4,3858.21 1 0
github.com/piplabs/story/client/x/dkg/types/types.pb.go:3858.21,3860.5 1 0
github.com/piplabs/story/client/x/dkg/types/types.pb.go:3861.4,3862.25 2 0
github.com/piplabs/story/client/x/dkg/types/types.pb.go:3862.25,3864.5 1 0
github.com/piplabs/story/client/x/dkg/types/types.pb.go:3865.4,3865.21 1 0
github.com/piplabs/story/client/x/dkg/types/types.pb.go:3866.10,3867.21 1 0
github.com/piplabs/story/client/x/dkg/types/types.pb.go:3867.21,3869.5 1 0
github.com/piplabs/story/client/x/dkg/types/types.pb.go:3870.4,3871.39 2 0
github.com/piplabs/story/client/x/dkg/types/types.pb.go:3871.39,3872.20 1 0
github.com/piplabs/story/client/x/dkg/types/types.pb.go:3872.20,3874.6 1 0
github.com/piplabs/story/client/x/dkg/types/types.pb.go:3875.5,3875.19 1 0
github.com/piplabs/story/client/x/dkg/types/types.pb.go:3875.19,3877.6 1 0
github.com/piplabs/story/client/x/dkg/types/types.pb.go:3878.5,3881.17 4 0
github.com/piplabs/story/client/x/dkg/types/types.pb.go:3881.17,3882.11 1 0
github.com/piplabs/story/client/x/dkg/types/types.pb.go:3885.4,3885.19 1 0
github.com/piplabs/story/client/x/dkg/types/types.pb.go:3885.19,3887.5 1 0
github.com/piplabs/story/client/x/dkg/types/types.pb.go:3888.4,3889.21 2 0
github.com/piplabs/story/client/x/dkg/types/types.pb.go:3889.21,3891.5 1 0
github.com/piplabs/story/client/x/dkg/types/types.pb.go:3892.4,3892.21 1 0
github.com/piplabs/story/client/x/dkg/types/types.pb.go:3892.21,3894.5 1 0
github.com/piplabs/story/client/x/dkg/types/types.pb.go:3895.4,3896.22 2 0
github.com/piplabs/story/client/x/dkg/types/types.pb.go:3896.22,3898.5 1 0
github.com/piplabs/story/client/x/dkg/types/types.pb.go:3899.4,3899.21 1 0
github.com/piplabs/story/client/x/dkg/types/types.pb.go:3900.10,3901.21 1 0
github.com/piplabs/story/client/x/dkg/types/types.pb.go:3901.21,3903.5 1 0
github.com/piplabs/story/client/x/dkg/types/types.pb.go:3904.4,3905.39 2 0
github.com/piplabs/story/client/x/dkg/types/types.pb.go:3905.39,3906.20 1 0
github.com/piplabs/story/client/x/dkg/types/types.pb.go:3906.20,3908.6 1 0
github.com/piplabs/story/client/x/dkg/types/types.pb.go:3909.5,3909.19 1 0
github.com/piplabs/story/client/x/dkg/types/types.pb.go:3909.19,3911.6 1 0
github.com/piplabs/story/client/x/dkg/types/types.pb.go:3912.5,3915.17 4 0
github.com/piplabs/story/client/x/dkg/types/types.pb.go:3915.17,3916.11 1 0
github.com/piplabs/story/client/x/dkg/types/types.pb.go:3919.4,3919.19 1 0
github.com/piplabs/story/client/x/dkg/types/types.pb.go:3919.19,3921.5 1 0
github.com/piplabs/story/client/x/dkg/types/types.pb.go:3922.4,3923.21 2 0
github.com/piplabs/story/client/x/dkg/types/types.pb.go:3923.21,3925.5 1 0
github.com/piplabs/story/client/x/dkg/types/types.pb.go:3926.4,3926.21 1 0
github.com/piplabs/story/client/x/dkg/types/types.pb.go:3926.21,3928.5 1 0
github.com/piplabs/story/client/x/dkg/types/types.pb.go:3929.4,3930.27 2 0
github.com/piplabs/story/client/x/dkg/types/types.pb.go:3930.27,3932.5 1 0
github.com/piplabs/story/client/x/dkg/types/types.pb.go:3933.4,3933.21 1 0
github.com/piplabs/story/client/x/dkg/types/types.pb.go:3934.11,3937.18 3 0
github.com/piplabs/story/client/x/dkg/types/types.pb.go:3937.18,3939.5 1 0
github.com/piplabs/story/client/x/dkg/types/types.pb.go:3940.4,3940.42 1 0
github.com/piplabs/story/client/x/dkg/types/types.pb.go:3940.42,3942.5 1 0
github.com/piplabs/story/client/x/dkg/types/types.pb.go:3943.4,3943.28 1 0
github.com/piplabs/story/client/x/dkg/types/types.pb.go:3943.28,3945.5 1 0
github.com/piplabs/story/client/x/dkg/types/types.pb.go:3946.4,3946.19 1 0
github.com/piplabs/story/client/x/dkg/types/types.pb.go:3950.2,3950.15 1 0
github.com/piplabs/story/client/x/dkg/types/types.pb.go:3950.15,3952.3 1 0
github.com/piplabs/story/client/x/dkg/types/types.pb.go:3953.2,3953.12 1 0
github.com/piplabs/story/client/x/dkg/types/types.pb.go:3955.79,3958.16 3 0
github.com/piplabs/story/client/x/dkg/types/types.pb.go:3958.16,3961.38 3 0
github.com/piplabs/story/client/x/dkg/types/types.pb.go:3961.38,3962.19 1 0
github.com/piplabs/story/client/x/dkg/types/types.pb.go:3962.19,3964.5 1 0
github.com/piplabs/story/client/x/dkg/types/types.pb.go:3965.4,3965.18 1 0
github.com/piplabs/story/client/x/dkg/types/types.pb.go:3965.18,3967.5 1 0
github.com/piplabs/story/client/x/dkg/types/types.pb.go:3968.4,3971.16 4 0
github.com/piplabs/story/client/x/dkg/types/types.pb.go:3971.16,3972.10 1 0
github.com/piplabs/story/client/x/dkg/types/types.pb.go:3975.3,3977.20 3 0
github.com/piplabs/story/client/x/dkg/types/types.pb.go:3977.20,3979.4 1 0
github.com/piplabs/story/client/x/dkg/types/types.pb.go:3980.3,3980.20 1 0
github.com/piplabs/story/client/x/dkg/types/types.pb.go:3980.20,3982.4 1 0
github.com/piplabs/story/client/x/dkg/types/types.pb.go:3983.3,3983.19 1 0
github.com/piplabs/story/client/x/dkg/types/types.pb.go:3984.10,3985.21 1 0
github.com/piplabs/story/client/x/dkg/types/types.pb.go:3985.21,3987.5 1 0
github.com/piplabs/story/client/x/dkg/types/types.pb.go:3988.4,3989.39 2 0
github.com/piplabs/story/client/x/dkg/types/types.pb.go:3989.39,3990.20 1 0
github.com/piplabs/story/client/x/dkg/types/types.pb.go:3990.20,3992.6 1 0
github.com/piplabs/story/client/x/dkg/types/types.pb.go:3993.5,3993.19 1 0
github.com/piplabs/story/client/x/dkg/types/types.pb.go:3993.19,3995.6 1 0
github.com/piplabs/story/client/x/dkg/types/types.pb.go:3996.5,3999.17 4 0
github.com/piplabs/story/client/x/dkg/types/types.pb.go:3999.17,4000.11 1 0
github.com/piplabs/story/client/x/dkg/types/types.pb.go:4003.10,4004.21 1 0
github.com/piplabs/story/client/x/dkg/types/types.pb.go:4004.21,4006.5 1 0
github.com/piplabs/story/client/x/dkg/types/types.pb.go:4007.4,4008.39 2 0
github.com/piplabs/story/client/x/dkg/types/types.pb.go:4008.39,4009.20 1 0
github.com/piplabs/story/client/x/dkg/types/types.pb.go:4009.20,4011.6 1 0
github.com/piplabs/story/client/x/dkg/types/types.pb.go:4012.5,4012.19 1 0
github.com/piplabs/story/client/x/dkg/types/types.pb.go:4012.19,4014.6 1 0
github.com/piplabs/story/client/x/dkg/types/types.pb.go:4015.5,4018.17 4 0
github.com/piplabs/story/client/x/dkg/types/types.pb.go:4018.17,4019.11 1 0
github.com/piplabs/story/client/x/dkg/types/types.pb.go:4022.4,4022.18 1 0
github.com/piplabs/story/client/x/dkg/types/types.pb.go:4022.18,4024.5 1 0
github.com/piplabs/story/client/x/dkg/types/types.pb.go:4025.4,4026.21 2 0
github.com/piplabs/story/client/x/dkg/types/types.pb.go:4026.21,4028.5 1 0
github.com/piplabs/story/client/x/dkg/types/types.pb.go:4029.4,4029.21 1 0
github.com/piplabs/story/client/x/dkg/types/types.pb.go:4029.21,4031.5 1 0
github.com/piplabs/story/client/x/dkg/types/types.pb.go:4032.4,4033.95 2 0
github.com/piplabs/story/client/x/dkg/types/types.pb.go:4033.95,4035.5 1 0
github.com/piplabs/story/client/x/dkg/types/types.pb.go:4036.4,4036.21 1 0
github.com/piplabs/story/client/x/dkg/types/types.pb.go:4037.10,4038.21 1 0
github.com/piplabs/story/client/x/dkg/types/types.pb.go:4038.21,4040.5 1 0
github.com/piplabs/story/client/x/dkg/types/types.pb.go:4041.4,4042.39 2 0
github.com/piplabs/story/client/x/dkg/types/types.pb.go:4042.39,4043.20 1 0
github.com/piplabs/story/client/x/dkg/types/types.pb.go:4043.20,4045.6 1 0
github.com/piplabs/story/client/x/dkg/types/types.pb.go:4046.5,4046.19 1 0
github.com/piplabs/story/client/x/dkg/types/types.pb.go:4046.19,4048.6 1 0
github.com/piplabs/story/client/x/dkg/types/types.pb.go:4049.5,4052.17 4 0
github.com/piplabs/story/client/x/dkg/types/types.pb.go:4052.17,4053.11 1 0
github.com/piplabs/story/client/x/dkg/types/types.pb.go:4056.4,4056.19 1 0
github.com/piplabs/story/client/x/dkg/types/types.pb.go:4056.19,4058.5 1 0
github.com/piplabs/story/client/x/dkg/types/types.pb.go:4059.4,4060.21 2 0
github.com/piplabs/story/client/x/dkg/types/types.pb.go:4060.21,4062.5 1 0
github.com/piplabs/story/client/x/dkg/types/types.pb.go:4063.4,4063.21 1 0
github.com/piplabs/story/client/x/dkg/types/types.pb.go:4063.21,4065.5 1 0
github.com/piplabs/story/client/x/dkg/types/types.pb.go:4066.4,4067.27 2 0
github.com/piplabs/story/client/x/dkg/types/types.pb.go:4067.27,4069.5 1 0
github.com/piplabs/story/client/x/dkg/types/types.pb.go:4070.4,4070.21 1 0
github.com/piplabs/story/client/x/dkg/types/types.pb.go:4071.10,4072.21 1 0
github.com/piplabs/story/client/x/dkg/types/types.pb.go:4072.21,4074.5 1 0
github.com/piplabs/story/client/x/dkg/types/types.pb.go:4075.4,4076.39 2 0
github.com/piplabs/story/client/x/dkg/types/types.pb.go:4076.39,4077.20 1 0
github.com/piplabs/story/client/x/dkg/types/types.pb.go:4077.20,4079.6 1 0
github.com/piplabs/story/client/x/dkg/types/types.pb.go:4080.5,4080.19 1 0
github.com/piplabs/story/client/x/dkg/types/types.pb.go:4080.19,4082.6 1 0
github.com/piplabs/story/client/x/dkg/types/types.pb.go:4083.5,4086.17 4 0
github.com/piplabs/story/client/x/dkg/types/types.pb.go:4086.17,4087.11 1 0
github.com/piplabs/story/client/x/dkg/types/types.pb.go:4090.10,4091.21 1 0
github.com/piplabs/story/client/x/dkg/types/types.pb.go:4091.21,4093.5 1 0
github.com/piplabs/story/client/x/dkg/types/types.pb.go:4094.4,4095.39 2 0
github.com/piplabs/story/client/x/dkg/types/types.pb.go:4095.39,4096.20 1 0
github.com/piplabs/story/client/x/dkg/types/types.pb.go:4096.20,4098.6 1 0
github.com/piplabs/story/client/x/dkg/types/types.pb.go:4099.5,4099.19 1 0
github.com/piplabs/story/client/x/dkg/types/types.pb.go:4099.19,4101.6 1 0
github.com/piplabs/story/client/x/dkg/types/types.pb.go:4102.5,4105.17 4 0
github.com/piplabs/story/client/x/dkg/types/types.pb.go:4105.17,4106.11 1 0
github.com/piplabs/story/client/x/dkg/types/types.pb.go:4109.4,4109.33 1 0
github.com/piplabs/story/client/x/dkg/types/types.pb.go:4110.11,4113.18 3 0
github.com/piplabs/story/client/x/dkg/types/types.pb.go:4113.18,4115.5 1 0
github.com/piplabs/story/client/x/dkg/types/types.pb.go:4116.4,4116.42 1 0
github.com/piplabs/story/client/x/dkg/types/types.pb.go:4116.42,4118.5 1 0
github.com/piplabs/story/client/x/dkg/types/types.pb.go:4119.4,4119.28 1 0
github.com/piplabs/story/client/x/dkg/types/types.pb.go:4119.28,4121.5 1 0
github.com/piplabs/story/client/x/dkg/types/types.pb.go:4122.4,4122.19 1 0
github.com/piplabs/story/client/x/dkg/types/types.pb.go:4126.2,4126.15 1 0
github.com/piplabs/story/client/x/dkg/types/types.pb.go:4126.15,4128.3 1 0
github.com/piplabs/story/client/x/dkg/types/types.pb.go:4129.2,4129.12 1 0
github.com/piplabs/story/client/x/dkg/types/types.pb.go:4131.49,4134.16 3 0
github.com/piplabs/story/client/x/dkg/types/types.pb.go:4134.16,4137.38 3 0
github.com/piplabs/story/client/x/dkg/types/types.pb.go:4137.38,4138.19 1 0
github.com/piplabs/story/client/x/dkg/types/types.pb.go:4138.19,4140.5 1 0
github.com/piplabs/story/client/x/dkg/types/types.pb.go:4141.4,4141.18 1 0
github.com/piplabs/story/client/x/dkg/types/types.pb.go:4141.18,4143.5 1 0
github.com/piplabs/story/client/x/dkg/types/types.pb.go:4144.4,4147.16 4 0
github.com/piplabs/story/client/x/dkg/types/types.pb.go:4147.16,4148.10 1 0
github.com/piplabs/story/client/x/dkg/types/types.pb.go:4151.3,4153.20 3 0
github.com/piplabs/story/client/x/dkg/types/types.pb.go:4153.20,4155.4 1 0
github.com/piplabs/story/client/x/dkg/types/types.pb.go:4156.3,4156.20 1 0
github.com/piplabs/story/client/x/dkg/types/types.pb.go:4156.20,4158.4 1 0
github.com/piplabs/story/client/x/dkg/types/types.pb.go:4159.3,4159.19 1 0
github.com/piplabs/story/client/x/dkg/types/types.pb.go:4160.10,4161.21 1 0
github.com/piplabs/story/client/x/dkg/types/types.pb.go:4161.21,4163.5 1 0
github.com/piplabs/story/client/x/dkg/types/types.pb.go:4164.4,4165.39 2 0
github.com/piplabs/story/client/x/dkg/types/types.pb.go:4165.39,4166.20 1 0
github.com/piplabs/story/client/x/dkg/types/types.pb.go:4166.20,4168.6 1 0
github.com/piplabs/story/client/x/dkg/types/types.pb.go:4169.5,4169.19 1 0
github.com/piplabs/story/client/x/dkg/types/types.pb.go:4169.19,4171.6 1 0
github.com/piplabs/story/client/x/dkg/types/types.pb.go:4172.5,4175.17 4 0
github.com/piplabs/story/client/x/dkg/types/types.pb.go:4175.17,4176.11 1 0
github.com/piplabs/story/client/x/dkg/types/types.pb.go:4179.10,4180.21 1 0
github.com/piplabs/story/client/x/dkg/types/types.pb.go:4180.21,4182.5 1 0
github.com/piplabs/story/client/x/dkg/types/types.pb.go:4183.4,4184.39 2 0
github.com/piplabs/story/client/x/dkg/types/types.pb.go:4184.39,4185.20 1 0
github.com/piplabs/story/client/x/dkg/types/types.pb.go:4185.20,4187.6 1 0
github.com/piplabs/story/client/x/dkg/types/types.pb.go:4188.5,4188.19 1 0
github.com/piplabs/story/client/x/dkg/types/types.pb.go:4188.19,4190.6 1 0
github.com/piplabs/story/client/x/dkg/types/types.pb.go:4191.5,4194.17 4 0
github.com/piplabs/story/client/x/dkg/types/types.pb.go:4194.17,4195.11 1 0
github.com/piplabs/story/client/x/dkg/types/types.pb.go:4198.4,4198.18 1 0
github.com/piplabs/story/client/x/dkg/types/types.pb.go:4198.18,4200.5 1 0
github.com/piplabs/story/client/x/dkg/types/types.pb.go:4201.4,4202.21 2 0
github.com/piplabs/story/client/x/dkg/types/types.pb.go:4202.21,4204.5 1 0
github.com/piplabs/story/client/x/dkg/types/types.pb.go:4205.4,4205.21 1 0
github.com/piplabs/story/client/x/dkg/types/types.pb.go:4205.21,4207.5 1 0
github.com/piplabs/story/client/x/dkg/types/types.pb.go:4208.4,4208.28 1 0
github.com/piplabs/story/client/x/dkg/types/types.pb.go:4208.28,4210.5 1 0
github.com/piplabs/story/client/x/dkg/types/types.pb.go:4211.4,4211.73 1 0
github.com/piplabs/story/client/x/dkg/types/types.pb.go:4211.73,4213.5 1 0
github.com/piplabs/story/client/x/dkg/types/types.pb.go:4214.4,4214.21 1 0
github.com/piplabs/story/client/x/dkg/types/types.pb.go:4215.11,4218.18 3 0
github.com/piplabs/story/client/x/dkg/types/types.pb.go:4218.18,4220.5 1 0
github.com/piplabs/story/client/x/dkg/types/types.pb.go:4221.4,4221.42 1 0
github.com/piplabs/story/client/x/dkg/types/types.pb.go:4221.42,4223.5 1 0
github.com/piplabs/story/client/x/dkg/types/types.pb.go:4224.4,4224.28 1 0
github.com/piplabs/story/client/x/dkg/types/types.pb.go:4224.28,4226.5 1 0
github.com/piplabs/story/client/x/dkg/types/types.pb.go:4227.4,4227.19 1 0
github.com/piplabs/story/client/x/dkg/types/types.pb.go:4231.2,4231.15 1 0
github.com/piplabs/story/client/x/dkg/types/types.pb.go:4231.15,4233.3 1 0
github.com/piplabs/story/client/x/dkg/types/types.pb.go:4234.2,4234.12 1 0
github.com/piplabs/story/client/x/dkg/types/types.pb.go:4236.52,4239.16 3 0
github.com/piplabs/story/client/x/dkg/types/types.pb.go:4239.16,4242.38 3 0
github.com/piplabs/story/client/x/dkg/types/types.pb.go:4242.38,4243.19 1 0
github.com/piplabs/story/client/x/dkg/types/types.pb.go:4243.19,4245.5 1 0
github.com/piplabs/story/client/x/dkg/types/types.pb.go:4246.4,4246.18 1 0
github.com/piplabs/story/client/x/dkg/types/types.pb.go:4246.18,4248.5 1 0
github.com/piplabs/story/client/x/dkg/types/types.pb.go:4249.4,4252.16 4 0
github.com/piplabs/story/client/x/dkg/types/types.pb.go:4252.16,4253.10 1 0
github.com/piplabs/story/client/x/dkg/types/types.pb.go:4256.3,4258.20 3 0
github.com/piplabs/story/client/x/dkg/types/types.pb.go:4258.20,4260.4 1 0
github.com/piplabs/story/client/x/dkg/types/types.pb.go:4261.3,4261.20 1 0
github.com/piplabs/story/client/x/dkg/types/types.pb.go:4261.20,4263.4 1 0
github.com/piplabs/story/client/x/dkg/types/types.pb.go:4264.3,4264.19 1 0
github.com/piplabs/story/client/x/dkg/types/types.pb.go:4265.10,4266.21 1 0
github.com/piplabs/story/client/x/dkg/types/types.pb.go:4266.21,4268.5 1 0
github.com/piplabs/story/client/x/dkg/types/types.pb.go:4269.4,4270.39 2 0
github.com/piplabs/story/client/x/dkg/types/types.pb.go:4270.39,4271.20 1 0
github.com/piplabs/story/client/x/dkg/types/types.pb.go:4271.20,4273.6 1 0
github.com/piplabs/story/client/x/dkg/types/types.pb.go:4274.5,4274.19 1 0
github.com/piplabs/story/client/x/dkg/types/types.pb.go:4274.19,4276.6 1 0
github.com/piplabs/story/client/x/dkg/types/types.pb.go:4277.5,4280.17 4 0
github.com/piplabs/story/client/x/dkg/types/types.pb.go:4280.17,4281.11 1 0
github.com/piplabs/story/client/x/dkg/types/types.pb.go:4284.4,4284.19 1 0
github.com/piplabs/story/client/x/dkg/types/types.pb.go:4284.19,4286.5 1 0
github.com/piplabs/story/client/x/dkg/types/types.pb.go:4287.4,4288.21 2 0
github.com/piplabs/story/client/x/dkg/types/types.pb.go:4288.21,4290.5 1 0
github.com/piplabs/story/client/x/dkg/types/types.pb.go:4291.4,4291.21 1 0
github.com/piplabs/story/client/x/dkg/types/types.pb.go:4291.21,4293.5 1 0
github.com/piplabs/story/client/x/dkg/types/types.pb.go:4294.4,4295.26 2 0
github.com/piplabs/story/client/x/dkg/types/types.pb.go:4295.26,4297.5 1 0
github.com/piplabs/story/client/x/dkg/types/types.pb.go:4298.4,4298.21 1 0
github.com/piplabs/story/client/x/dkg/types/types.pb.go:4299.10,4300.21 1 0
github.com/piplabs/story/client/x/dkg/types/types.pb.go:4300.21,4302.5 1 0
github.com/piplabs/story/client/x/dkg/types/types.pb.go:4303.4,4304.39 2 0
github.com/piplabs/story/client/x/dkg/types/types.pb.go:4304.39,4305.20 1 0
github.com/piplabs/story/client/x/dkg/types/types.pb.go:4305.20,4307.6 1 0
github.com/piplabs/story/client/x/dkg/types/types.pb.go:4308.5,4308.19 1 0
github.com/piplabs/story/client/x/dkg/types/types.pb.go:4308.19,4310.6 1 0
github.com/piplabs/story/client/x/dkg/types/types.pb.go:4311.5,4314.17 4 0
github.com/piplabs/story/client/x/dkg/types/types.pb.go:4314.17,4315.11 1 0
github.com/piplabs/story/client/x/dkg/types/types.pb.go:4318.10,4319.21 1 0
github.com/piplabs/story/client/x/dkg/types/types.pb.go:4319.21,4321.5 1 0
github.com/piplabs/story/client/x/dkg/types/types.pb.go:4322.4,4323.39 2 0
github.com/piplabs/story/client/x/dkg/types/types.pb.go:4323.39,4324.20 1 0
github.com/piplabs/story/client/x/dkg/types/types.pb.go:4324.20,4326.6 1 0
github.com/piplabs/story/client/x/dkg/types/types.pb.go:4327.5,4327.19 1 0
github.com/piplabs/story/client/x/dkg/types/types.pb.go:4327.19,4329.6 1 0
github.com/piplabs/story/client/x/dkg/types/types.pb.go:4330.5,4333.17 4 0
github.com/piplabs/story/client/x/dkg/types/types.pb.go:4333.17,4334.11 1 0
github.com/piplabs/story/client/x/dkg/types/types.pb.go:4337.4,4337.27 1 0
github.com/piplabs/story/client/x/dkg/types/types.pb.go:4338.10,4339.21 1 0
github.com/piplabs/story/client/x/dkg/types/types.pb.go:4339.21,4341.5 1 0
github.com/piplabs/story/client/x/dkg/types/types.pb.go:4342.4,4343.39 2 0
github.com/piplabs/story/client/x/dkg/types/types.pb.go:4343.39,4344.20 1 0
github.com/piplabs/story/client/x/dkg/types/types.pb.go:4344.20,4346.6 1 0
github.com/piplabs/story/client/x/dkg/types/types.pb.go:4347.5,4347.19 1 0
github.com/piplabs/story/client/x/dkg/types/types.pb.go:4347.19,4349.6 1 0
github.com/piplabs/story/client/x/dkg/types/types.pb.go:4350.5,4353.17 4 0
github.com/piplabs/story/client/x/dkg/types/types.pb.go:4353.17,4354.11 1 0
github.com/piplabs/story/client/x/dkg/types/types.pb.go:4357.4,4357.19 1 0
github.com/piplabs/story/client/x/dkg/types/types.pb.go:4357.19,4359.5 1 0
github.com/piplabs/story/client/x/dkg/types/types.pb.go:4360.4,4361.21 2 0
github.com/piplabs/story/client/x/dkg/types/types.pb.go:4361.21,4363.5 1 0
github.com/piplabs/story/client/x/dkg/types/types.pb.go:4364.4,4364.21 1 0
github.com/piplabs/story/client/x/dkg/types/types.pb.go:4364.21,4366.5 1 0
github.com/piplabs/story/client/x/dkg/types/types.pb.go:4367.4,4368.26 2 0
github.com/piplabs/story/client/x/dkg/types/types.pb.go:4368.26,4370.5 1 0
github.com/piplabs/story/client/x/dkg/types/types.pb.go:4371.4,4371.21 1 0
github.com/piplabs/story/client/x/dkg/types/types.pb.go:4372.11,4375.18 3 0
github.com/piplabs/story/client/x/dkg/types/types.pb.go:4375.18,4377.5 1 0
github.com/piplabs/story/client/x/dkg/types/types.pb.go:4378.4,4378.42 1 0
github.com/piplabs/story/client/x/dkg/types/types.pb.go:4378.42,4380.5 1 0
github.com/piplabs/story/client/x/dkg/types/types.pb.go:4381.4,4381.28 1 0
github.com/piplabs/story/client/x/dkg/types/types.pb.go:4381.28,4383.5 1 0
github.com/piplabs/story/client/x/dkg/types/types.pb.go:4384.4,4384.19 1 0
github.com/piplabs/story/client/x/dkg/types/types.pb.go:4388.2,4388.15 1 0
github.com/piplabs/story/client/x/dkg/types/types.pb.go:4388.15,4390.3 1 0
github.com/piplabs/story/client/x/dkg/types/types.pb.go:4391.2,4391.12 1 0
github.com/piplabs/story/client/x/dkg/types/types.pb.go:4393.47,4396.16 3 0
github.com/piplabs/story/client/x/dkg/types/types.pb.go:4396.16,4399.38 3 0
github.com/piplabs/story/client/x/dkg/types/types.pb.go:4399.38,4400.19 1 0
github.com/piplabs/story/client/x/dkg/types/types.pb.go:4400.19,4402.5 1 0
github.com/piplabs/story/client/x/dkg/types/types.pb.go:4403.4,4403.18 1 0
github.com/piplabs/story/client/x/dkg/types/types.pb.go:4403.18,4405.5 1 0
github.com/piplabs/story/client/x/dkg/types/types.pb.go:4406.4,4409.16 4 0
github.com/piplabs/story/client/x/dkg/types/types.pb.go:4409.16,4410.10 1 0
github.com/piplabs/story/client/x/dkg/types/types.pb.go:4413.3,4415.20 3 0
github.com/piplabs/story/client/x/dkg/types/types.pb.go:4415.20,4417.4 1 0
github.com/piplabs/story/client/x/dkg/types/types.pb.go:4418.3,4418.20 1 0
github.com/piplabs/story/client/x/dkg/types/types.pb.go:4418.20,4420.4 1 0
github.com/piplabs/story/client/x/dkg/types/types.pb.go:4421.3,4421.19 1 0
github.com/piplabs/story/client/x/dkg/types/types.pb.go:4422.10,4423.21 1 0
github.com/piplabs/story/client/x/dkg/types/types.pb.go:4423.21,4425.5 1 0
github.com/piplabs/story/client/x/dkg/types/types.pb.go:4426.4,4427.39 2 0
github.com/piplabs/story/client/x/dkg/types/types.pb.go:4427.39,4428.20 1 0
github.com/piplabs/story/client/x/dkg/types/types.pb.go:4428.20,4430.6 1 0
github.com/piplabs/story/client/x/dkg/types/types.pb.go:4431.5,4431.19 1 0
github.com/piplabs/story/client/x/dkg/types/types.pb.go:4431.19,4433.6 1 0
github.com/piplabs/story/client/x/dkg/types/types.pb.go:4434.5,4437.17 4 0
github.com/piplabs/story/client/x/dkg/types/types.pb.go:4437.17,4438.11 1 0
github.com/piplabs/story/client/x/dkg/types/types.pb.go:4441.4,4441.19 1 0
github.com/piplabs/story/client/x/dkg/types/types.pb.go:4441.19,4443.5 1 0
github.com/piplabs/story/client/x/dkg/types/types.pb.go:4444.4,4445.21 2 0
github.com/piplabs/story/client/x/dkg/types/types.pb.go:4445.21,4447.5 1 0
github.com/piplabs/story/client/x/dkg/types/types.pb.go:4448.4,4448.21 1 0
github.com/piplabs/story/client/x/dkg/types/types.pb.go:4448.21,4450.5 1 0
github.com/piplabs/story/client/x/dkg/types/types.pb.go:4451.4,4452.21 2 0
github.com/piplabs/story/client/x/dkg/types/types.pb.go:4452.21,4454.5 1 0
github.com/piplabs/story/client/x/dkg/types/types.pb.go:4455.4,4455.21 1 0
github.com/piplabs/story/client/x/dkg/types/types.pb.go:4456.11,4459.18 3 0
github.com/piplabs/story/client/x/dkg/types/types.pb.go:4459.18,4461.5 1 0
github.com/piplabs/story/client/x/dkg/types/types.pb.go:4462.4,4462.42 1 0
github.com/piplabs/story/client/x/dkg/types/types.pb.go:4462.42,4464.5 1 0
github.com/piplabs/story/client/x/dkg/types/types.pb.go:4465.4,4465.28 1 0
github.com/piplabs/story/client/x/dkg/types/types.pb.go:4465.28,4467.5 1 0
github.com/piplabs/story/client/x/dkg/types/types.pb.go:4468.4,4468.19 1 0
github.com/piplabs/story/client/x/dkg/types/types.pb.go:4472.2,4472.15 1 0
github.com/piplabs/story/client/x/dkg/types/types.pb.go:4472.15,4474.3 1 0
github.com/piplabs/story/client/x/dkg/types/types.pb.go:4475.2,4475.12 1 0
github.com/piplabs/story/client/x/dkg/types/types.pb.go:4477.46,4480.16 3 0
github.com/piplabs/story/client/x/dkg/types/types.pb.go:4480.16,4483.38 3 0
github.com/piplabs/story/client/x/dkg/types/types.pb.go:4483.38,4484.19 1 0
github.com/piplabs/story/client/x/dkg/types/types.pb.go:4484.19,4486.5 1 0
github.com/piplabs/story/client/x/dkg/types/types.pb.go:4487.4,4487.18 1 0
github.com/piplabs/story/client/x/dkg/types/types.pb.go:4487.18,4489.5 1 0
github.com/piplabs/story/client/x/dkg/types/types.pb.go:4490.4,4493.16 4 0
github.com/piplabs/story/client/x/dkg/types/types.pb.go:4493.16,4494.10 1 0
github.com/piplabs/story/client/x/dkg/types/types.pb.go:4497.3,4499.20 3 0
github.com/piplabs/story/client/x/dkg/types/types.pb.go:4499.20,4501.4 1 0
github.com/piplabs/story/client/x/dkg/types/types.pb.go:4502.3,4502.20 1 0
github.com/piplabs/story/client/x/dkg/types/types.pb.go:4502.20,4504.4 1 0
github.com/piplabs/story/client/x/dkg/types/types.pb.go:4505.3,4505.19 1 0
github.com/piplabs/story/client/x/dkg/types/types.pb.go:4506.10,4507.21 1 0
github.com/piplabs/story/client/x/dkg/types/types.pb.go:4507.21,4509.5 1 0
github.com/piplabs/story/client/x/dkg/types/types.pb.go:4510.4,4511.39 2 0
github.com/piplabs/story/client/x/dkg/types/types.pb.go:4511.39,4512.20 1 0
github.com/piplabs/story/client/x/dkg/types/types.pb.go:4512.20,4514.6 1 0
github.com/piplabs/story/client/x/dkg/types/types.pb.go:4515.5,4515.19 1 0
github.com/piplabs/story/client/x/dkg/types/types.pb.go:4515.19,4517.6 1 0
github.com/piplabs/story/client/x/dkg/types/types.pb.go:4518.5,4521.17 4 0
github.com/piplabs/story/client/x/dkg/types/types.pb.go:4521.17,4522.11 1 0
github.com/piplabs/story/client/x/dkg/types/types.pb.go:4525.4,4525.19 1 0
github.com/piplabs/story/client/x/dkg/types/types.pb.go:4525.19,4527.5 1 0
github.com/piplabs/story/client/x/dkg/types/types.pb.go:4528.4,4529.21 2 0
github.com/piplabs/story/client/x/dkg/types/types.pb.go:4529.21,4531.5 1 0
github.com/piplabs/story/client/x/dkg/types/types.pb.go:4532.4,4532.21 1 0
github.com/piplabs/story/client/x/dkg/types/types.pb.go:4532.21,4534.5 1 0
github.com/piplabs/story/client/x/dkg/types/types.pb.go:4535.4,4536.21 2 0
github.com/piplabs/story/client/x/dkg/types/types.pb.go:4536.21,4538.5 1 0
github.com/piplabs/story/client/x/dkg/types/types.pb.go:4539.4,4539.21 1 0
github.com/piplabs/story/client/x/dkg/types/types.pb.go:4540.11,4543.18 3 0
github.com/piplabs/story/client/x/dkg/types/types.pb.go:4543.18,4545.5 1 0
github.com/piplabs/story/client/x/dkg/types/types.pb.go:4546.4,4546.42 1 0
github.com/piplabs/story/client/x/dkg/types/types.pb.go:4546.42,4548.5 1 0
github.com/piplabs/story/client/x/dkg/types/types.pb.go:4549.4,4549.28 1 0
github.com/piplabs/story/client/x/dkg/types/types.pb.go:4549.28,4551.5 1 0
github.com/piplabs/story/client/x/dkg/types/types.pb.go:4552.4,4552.19 1 0
github.com/piplabs/story/client/x/dkg/types/types.pb.go:4556.2,4556.15 1 0
github.com/piplabs/story/client/x/dkg/types/types.pb.go:4556.15,4558.3 1 0
github.com/piplabs/story/client/x/dkg/types/types.pb.go:4559.2,4559.12 1 0
github.com/piplabs/story/client/x/dkg/types/types.pb.go:4561.48,4565.16 4 0
github.com/piplabs/story/client/x/dkg/types/types.pb.go:4565.16,4567.38 2 0
github.com/piplabs/story/client/x/dkg/types/types.pb.go:4567.38,4568.19 1 0
github.com/piplabs/story/client/x/dkg/types/types.pb.go:4568.19,4570.5 1 0
github.com/piplabs/story/client/x/dkg/types/types.pb.go:4571.4,4571.18 1 0
github.com/piplabs/story/client/x/dkg/types/types.pb.go:4571.18,4573.5 1 0
github.com/piplabs/story/client/x/dkg/types/types.pb.go:4574.4,4577.16 4 0
github.com/piplabs/story/client/x/dkg/types/types.pb.go:4577.16,4578.10 1 0
github.com/piplabs/story/client/x/dkg/types/types.pb.go:4581.3,4582.19 2 0
github.com/piplabs/story/client/x/dkg/types/types.pb.go:4583.10,4584.39 1 0
github.com/piplabs/story/client/x/dkg/types/types.pb.go:4584.39,4585.20 1 0
github.com/piplabs/story/client/x/dkg/types/types.pb.go:4585.20,4587.6 1 0
github.com/piplabs/story/client/x/dkg/types/types.pb.go:4588.5,4588.19 1 0
github.com/piplabs/story/client/x/dkg/types/types.pb.go:4588.19,4590.6 1 0
github.com/piplabs/story/client/x/dkg/types/types.pb.go:4591.5,4592.29 2 0
github.com/piplabs/story/client/x/dkg/types/types.pb.go:4592.29,4593.11 1 0
github.com/piplabs/story/client/x/dkg/types/types.pb.go:4596.10,4597.14 1 0
github.com/piplabs/story/client/x/dkg/types/types.pb.go:4598.10,4600.39 2 0
github.com/piplabs/story/client/x/dkg/types/types.pb.go:4600.39,4601.20 1 0
github.com/piplabs/story/client/x/dkg/types/types.pb.go:4601.20,4603.6 1 0
github.com/piplabs/story/client/x/dkg/types/types.pb.go:4604.5,4604.19 1 0
github.com/piplabs/story/client/x/dkg/types/types.pb.go:4604.19,4606.6 1 0
github.com/piplabs/story/client/x/dkg/types/types.pb.go:4607.5,4610.17 4 0
github.com/piplabs/story/client/x/dkg/types/types.pb.go:4610.17,4611.11 1 0
github.com/piplabs/story/client/x/dkg/types/types.pb.go:4614.4,4614.18 1 0
github.com/piplabs/story/client/x/dkg/types/types.pb.go:4614.18,4616.5 1 0
github.com/piplabs/story/client/x/dkg/types/types.pb.go:4617.4,4617.19 1 0
github.com/piplabs/story/client/x/dkg/types/types.pb.go:4618.10,4619.11 1 0
github.com/piplabs/story/client/x/dkg/types/types.pb.go:4620.10,4621.18 1 0
github.com/piplabs/story/client/x/dkg/types/types.pb.go:4621.18,4623.5 1 0
github.com/piplabs/story/client/x/dkg/types/types.pb.go:4624.4,4624.11 1 0
github.com/piplabs/story/client/x/dkg/types/types.pb.go:4625.10,4626.14 1 0
github.com/piplabs/story/client/x/dkg/types/types.pb.go:4627.11,4628.64 1 0
github.com/piplabs/story/client/x/dkg/types/types.pb.go:4630.3,4630.16 1 0
github.com/piplabs/story/client/x/dkg/types/types.pb.go:4630.16,4632.4 1 0
github.com/piplabs/story/client/x/dkg/types/types.pb.go:4633.3,4633.17 1 0
github.com/piplabs/story/client/x/dkg/types/types.pb.go:4633.17,4635.4 1 0
github.com/piplabs/story/client/x/dkg/types/types.pb.go:4637.2,4637.31 1 0
github.com/piplabs/story/client/x/dkg/types/vote.pb.go:42.32,42.47 1 0
github.com/piplabs/story/client/x/dkg/types/vote.pb.go:43.32,43.69 1 0
github.com/piplabs/story/client/x/dkg/types/vote.pb.go:44.33,44.34 0 0
github.com/piplabs/story/client/x/dkg/types/vote.pb.go:45.43,47.2 1 0
github.com/piplabs/story/client/x/dkg/types/vote.pb.go:48.46,50.2 1 0
github.com/piplabs/story/client/x/dkg/types/vote.pb.go:51.74,52.19 1 0
github.com/piplabs/story/client/x/dkg/types/vote.pb.go:52.19,54.3 1 0
github.com/piplabs/story/client/x/dkg/types/vote.pb.go:54.8,57.17 3 0
github.com/piplabs/story/client/x/dkg/types/vote.pb.go:57.17,59.4 1 0
github.com/piplabs/story/client/x/dkg/types/vote.pb.go:60.3,60.20 1 0
github.com/piplabs/story/client/x/dkg/types/vote.pb.go:63.45,65.2 1 0
github.com/piplabs/story/client/x/dkg/types/vote.pb.go:66.31,68.2 1 0
github.com/piplabs/story/client/x/dkg/types/vote.pb.go:69.37,71.2 1 0
github.com/piplabs/story/client/x/dkg/types/vote.pb.go:75.34,76.14 1 0
github.com/piplabs/story/client/x/dkg/types/vote.pb.go:76.14,78.3 1 0
github.com/piplabs/story/client/x/dkg/types/vote.pb.go:79.2,79.12 1 0
github.com/piplabs/story/client/x/dkg/types/vote.pb.go:82.42,83.14 1 0
github.com/piplabs/story/client/x/dkg/types/vote.pb.go:83.14,85.3 1 0
github.com/piplabs/story/client/x/dkg/types/vote.pb.go:86.2,86.12 1 0
github.com/piplabs/story/client/x/dkg/types/vote.pb.go:89.52,90.14 1 0
github.com/piplabs/story/client/x/dkg/types/vote.pb.go:90.14,92.3 1 0
github.com/piplabs/story/client/x/dkg/types/vote.pb.go:93.2,93.12 1 0
github.com/piplabs/story/client/x/dkg/types/vote.pb.go:104.41,104.65 1 0
github.com/piplabs/story/client/x/dkg/types/vote.pb.go:105.41,105.78 1 0
github.com/piplabs/story/client/x/dkg/types/vote.pb.go:106.42,106.43 0 0
github.com/piplabs/story/client/x/dkg/types/vote.pb.go:107.52,109.2 1 0
github.com/piplabs/story/client/x/dkg/types/vote.pb.go:110.55,112.2 1 0
github.com/piplabs/story/client/x/dkg/types/vote.pb.go:113.83,114.19 1 0
github.com/piplabs/story/client/x/dkg/types/vote.pb.go:114.19,116.3 1 0
github.com/piplabs/story/client/x/dkg/types/vote.pb.go:116.8,119.17 3 0
github.com/piplabs/story/client/x/dkg/types/vote.pb.go:119.17,121.4 1 0
github.com/piplabs/story/client/x/dkg/types/vote.pb.go:122.3,122.20 1 0
github.com/piplabs/story/client/x/dkg/types/vote.pb.go:125.54,127.2 1 0
github.com/piplabs/story/client/x/dkg/types/vote.pb.go:128.40,130.2 1 0
github.com/piplabs/story/client/x/dkg/types/vote.pb.go:131.46,133.2 1 0
github.com/piplabs/story/client/x/dkg/types/vote.pb.go:137.47,138.14 1 0
github.com/piplabs/story/client/x/dkg/types/vote.pb.go:138.14,140.3 1 0
github.com/piplabs/story/client/x/dkg/types/vote.pb.go:141.2,141.11 1 0
github.com/piplabs/story/client/x/dkg/types/vote.pb.go:144.41,145.14 1 0
github.com/piplabs/story/client/x/dkg/types/vote.pb.go:145.14,147.3 1 0
github.com/piplabs/story/client/x/dkg/types/vote.pb.go:148.2,148.12 1 0
github.com/piplabs/story/client/x/dkg/types/vote.pb.go:155.46,155.75 1 0
github.com/piplabs/story/client/x/dkg/types/vote.pb.go:156.46,156.83 1 0
github.com/piplabs/story/client/x/dkg/types/vote.pb.go:157.47,157.48 0 0
github.com/piplabs/story/client/x/dkg/types/vote.pb.go:158.57,160.2 1 0
github.com/piplabs/story/client/x/dkg/types/vote.pb.go:161.60,163.2 1 0
github.com/piplabs/story/client/x/dkg/types/vote.pb.go:164.88,165.19 1 0
github.com/piplabs/story/client/x/dkg/types/vote.pb.go:165.19,167.3 1 0
github.com/piplabs/story/client/x/dkg/types/vote.pb.go:167.8,170.17 3 0
github.com/piplabs/story/client/x/dkg/types/vote.pb.go:170.17,172.4 1 0
github.com/piplabs/story/client/x/dkg/types/vote.pb.go:173.3,173.20 1 0
github.com/piplabs/story/client/x/dkg/types/vote.pb.go:176.59,178.2 1 0
github.com/piplabs/story/client/x/dkg/types/vote.pb.go:179.45,181.2 1 0
github.com/piplabs/story/client/x/dkg/types/vote.pb.go:182.51,184.2 1 0
github.com/piplabs/story/client/x/dkg/types/vote.pb.go:188.13,192.2 3 1
github.com/piplabs/story/client/x/dkg/types/vote.pb.go:194.13,194.101 1 1
github.com/piplabs/story/client/x/dkg/types/vote.pb.go:245.64,247.2 1 0
github.com/piplabs/story/client/x/dkg/types/vote.pb.go:249.130,252.16 3 0
github.com/piplabs/story/client/x/dkg/types/vote.pb.go:252.16,254.3 1 0
github.com/piplabs/story/client/x/dkg/types/vote.pb.go:255.2,255.17 1 0
github.com/piplabs/story/client/x/dkg/types/vote.pb.go:268.117,270.2 1 0
github.com/piplabs/story/client/x/dkg/types/vote.pb.go:272.69,274.2 1 0
github.com/piplabs/story/client/x/dkg/types/vote.pb.go:276.163,278.32 2 0
github.com/piplabs/story/client/x/dkg/types/vote.pb.go:278.32,280.3 1 0
github.com/piplabs/story/client/x/dkg/types/vote.pb.go:281.2,281.24 1 0
github.com/piplabs/story/client/x/dkg/types/vote.pb.go:281.24,283.3 1 0
github.com/piplabs/story/client/x/dkg/types/vote.pb.go:284.2,288.77 2 0
github.com/piplabs/story/client/x/dkg/types/vote.pb.go:288.77,290.3 1 0
github.com/piplabs/story/client/x/dkg/types/vote.pb.go:291.2,291.44 1 0
github.com/piplabs/story/client/x/dkg/types/vote.pb.go:308.51,312.16 4 0
github.com/piplabs/story/client/x/dkg/types/vote.pb.go:312.16,314.3 1 0
github.com/piplabs/story/client/x/dkg/types/vote.pb.go:315.2,315.22 1 0
github.com/piplabs/story/client/x/dkg/types/vote.pb.go:318.52,321.2 2 0
github.com/piplabs/story/client/x/dkg/types/vote.pb.go:323.63,328.31 5 0
github.com/piplabs/story/client/x/dkg/types/vote.pb.go:328.31,329.63 1 0
github.com/piplabs/story/client/x/dkg/types/vote.pb.go:329.63,330.4 1 0
github.com/piplabs/story/client/x/dkg/types/vote.pb.go:330.4,332.19 2 0
github.com/piplabs/story/client/x/dkg/types/vote.pb.go:332.19,334.6 1 0
github.com/piplabs/story/client/x/dkg/types/vote.pb.go:335.5,336.48 2 0
github.com/piplabs/story/client/x/dkg/types/vote.pb.go:338.4,339.18 2 0
github.com/piplabs/story/client/x/dkg/types/vote.pb.go:342.2,342.26 1 0
github.com/piplabs/story/client/x/dkg/types/vote.pb.go:342.26,343.58 1 0
github.com/piplabs/story/client/x/dkg/types/vote.pb.go:343.58,344.4 1 0
github.com/piplabs/story/client/x/dkg/types/vote.pb.go:344.4,346.19 2 0
github.com/piplabs/story/client/x/dkg/types/vote.pb.go:346.19,348.6 1 0
github.com/piplabs/story/client/x/dkg/types/vote.pb.go:349.5,350.48 2 0
github.com/piplabs/story/client/x/dkg/types/vote.pb.go:352.4,353.18 2 0
github.com/piplabs/story/client/x/dkg/types/vote.pb.go:356.2,356.22 1 0
github.com/piplabs/story/client/x/dkg/types/vote.pb.go:356.22,357.54 1 0
github.com/piplabs/story/client/x/dkg/types/vote.pb.go:357.54,358.4 1 0
github.com/piplabs/story/client/x/dkg/types/vote.pb.go:358.4,360.19 2 0
github.com/piplabs/story/client/x/dkg/types/vote.pb.go:360.19,362.6 1 0
github.com/piplabs/story/client/x/dkg/types/vote.pb.go:363.5,364.48 2 0
github.com/piplabs/story/client/x/dkg/types/vote.pb.go:366.4,367.17 2 0
github.com/piplabs/story/client/x/dkg/types/vote.pb.go:370.2,370.27 1 0
github.com/piplabs/story/client/x/dkg/types/vote.pb.go:373.60,377.16 4 0
github.com/piplabs/story/client/x/dkg/types/vote.pb.go:377.16,379.3 1 0
github.com/piplabs/story/client/x/dkg/types/vote.pb.go:380.2,380.22 1 0
github.com/piplabs/story/client/x/dkg/types/vote.pb.go:383.61,386.2 2 0
github.com/piplabs/story/client/x/dkg/types/vote.pb.go:388.72,393.19 5 0
github.com/piplabs/story/client/x/dkg/types/vote.pb.go:393.19,394.3 1 0
github.com/piplabs/story/client/x/dkg/types/vote.pb.go:394.3,396.18 2 0
github.com/piplabs/story/client/x/dkg/types/vote.pb.go:396.18,398.5 1 0
github.com/piplabs/story/client/x/dkg/types/vote.pb.go:399.4,400.47 2 0
github.com/piplabs/story/client/x/dkg/types/vote.pb.go:402.3,403.17 2 0
github.com/piplabs/story/client/x/dkg/types/vote.pb.go:405.2,405.26 1 0
github.com/piplabs/story/client/x/dkg/types/vote.pb.go:405.26,411.3 5 0
github.com/piplabs/story/client/x/dkg/types/vote.pb.go:412.2,412.27 1 0
github.com/piplabs/story/client/x/dkg/types/vote.pb.go:415.65,419.16 4 0
github.com/piplabs/story/client/x/dkg/types/vote.pb.go:419.16,421.3 1 0
github.com/piplabs/story/client/x/dkg/types/vote.pb.go:422.2,422.22 1 0
github.com/piplabs/story/client/x/dkg/types/vote.pb.go:425.66,428.2 2 0
github.com/piplabs/story/client/x/dkg/types/vote.pb.go:430.77,436.2 5 0
github.com/piplabs/story/client/x/dkg/types/vote.pb.go:438.62,441.16 3 0
github.com/piplabs/story/client/x/dkg/types/vote.pb.go:441.16,445.3 3 0
github.com/piplabs/story/client/x/dkg/types/vote.pb.go:446.2,447.13 2 0
github.com/piplabs/story/client/x/dkg/types/vote.pb.go:449.31,450.14 1 0
github.com/piplabs/story/client/x/dkg/types/vote.pb.go:450.14,452.3 1 0
github.com/piplabs/story/client/x/dkg/types/vote.pb.go:453.2,455.22 3 0
github.com/piplabs/story/client/x/dkg/types/vote.pb.go:455.22,456.29 1 0
github.com/piplabs/story/client/x/dkg/types/vote.pb.go:456.29,459.4 2 0
github.com/piplabs/story/client/x/dkg/types/vote.pb.go:461.2,461.26 1 0
github.com/piplabs/story/client/x/dkg/types/vote.pb.go:461.26,462.33 1 0
github.com/piplabs/story/client/x/dkg/types/vote.pb.go:462.33,465.4 2 0
github.com/piplabs/story/client/x/dkg/types/vote.pb.go:467.2,467.31 1 0
github.com/piplabs/story/client/x/dkg/types/vote.pb.go:467.31,468.38 1 0
github.com/piplabs/story/client/x/dkg/types/vote.pb.go:468.38,471.4 2 0
github.com/piplabs/story/client/x/dkg/types/vote.pb.go:473.2,473.10 1 0
github.com/piplabs/story/client/x/dkg/types/vote.pb.go:476.40,477.14 1 0
github.com/piplabs/story/client/x/dkg/types/vote.pb.go:477.14,479.3 1 0
github.com/piplabs/story/client/x/dkg/types/vote.pb.go:480.2,483.11 4 0
github.com/piplabs/story/client/x/dkg/types/vote.pb.go:483.11,485.3 1 0
github.com/piplabs/story/client/x/dkg/types/vote.pb.go:486.2,486.19 1 0
github.com/piplabs/story/client/x/dkg/types/vote.pb.go:486.19,489.3 2 0
github.com/piplabs/story/client/x/dkg/types/vote.pb.go:490.2,490.10 1 0
github.com/piplabs/story/client/x/dkg/types/vote.pb.go:493.45,494.14 1 0
github.com/piplabs/story/client/x/dkg/types/vote.pb.go:494.14,496.3 1 0
github.com/piplabs/story/client/x/dkg/types/vote.pb.go:497.2,499.10 3 0
github.com/piplabs/story/client/x/dkg/types/vote.pb.go:502.32,504.2 1 0
github.com/piplabs/story/client/x/dkg/types/vote.pb.go:505.32,507.2 1 0
github.com/piplabs/story/client/x/dkg/types/vote.pb.go:508.45,511.16 3 0
github.com/piplabs/story/client/x/dkg/types/vote.pb.go:511.16,514.38 3 0
github.com/piplabs/story/client/x/dkg/types/vote.pb.go:514.38,515.19 1 0
github.com/piplabs/story/client/x/dkg/types/vote.pb.go:515.19,517.5 1 0
github.com/piplabs/story/client/x/dkg/types/vote.pb.go:518.4,518.18 1 0
github.com/piplabs/story/client/x/dkg/types/vote.pb.go:518.18,520.5 1 0
github.com/piplabs/story/client/x/dkg/types/vote.pb.go:521.4,524.16 4 0
github.com/piplabs/story/client/x/dkg/types/vote.pb.go:524.16,525.10 1 0
github.com/piplabs/story/client/x/dkg/types/vote.pb.go:528.3,530.20 3 0
github.com/piplabs/story/client/x/dkg/types/vote.pb.go:530.20,532.4 1 0
github.com/piplabs/story/client/x/dkg/types/vote.pb.go:533.3,533.20 1 0
github.com/piplabs/story/client/x/dkg/types/vote.pb.go:533.20,535.4 1 0
github.com/piplabs/story/client/x/dkg/types/vote.pb.go:536.3,536.19 1 0
github.com/piplabs/story/client/x/dkg/types/vote.pb.go:537.10,538.21 1 0
github.com/piplabs/story/client/x/dkg/types/vote.pb.go:538.21,540.5 1 0
github.com/piplabs/story/client/x/dkg/types/vote.pb.go:541.4,542.39 2 0
github.com/piplabs/story/client/x/dkg/types/vote.pb.go:542.39,543.20 1 0
github.com/piplabs/story/client/x/dkg/types/vote.pb.go:543.20,545.6 1 0
github.com/piplabs/story/client/x/dkg/types/vote.pb.go:546.5,546.19 1 0
github.com/piplabs/story/client/x/dkg/types/vote.pb.go:546.19,548.6 1 0
github.com/piplabs/story/client/x/dkg/types/vote.pb.go:549.5,552.17 4 0
github.com/piplabs/story/client/x/dkg/types/vote.pb.go:552.17,553.11 1 0
github.com/piplabs/story/client/x/dkg/types/vote.pb.go:556.4,556.18 1 0
github.com/piplabs/story/client/x/dkg/types/vote.pb.go:556.18,558.5 1 0
github.com/piplabs/story/client/x/dkg/types/vote.pb.go:559.4,560.21 2 0
github.com/piplabs/story/client/x/dkg/types/vote.pb.go:560.21,562.5 1 0
github.com/piplabs/story/client/x/dkg/types/vote.pb.go:563.4,563.21 1 0
github.com/piplabs/story/client/x/dkg/types/vote.pb.go:563.21,565.5 1 0
github.com/piplabs/story/client/x/dkg/types/vote.pb.go:566.4,567.83 2 0
github.com/piplabs/story/client/x/dkg/types/vote.pb.go:567.83,569.5 1 0
github.com/piplabs/story/client/x/dkg/types/vote.pb.go:570.4,570.21 1 0
github.com/piplabs/story/client/x/dkg/types/vote.pb.go:571.10,572.21 1 0
github.com/piplabs/story/client/x/dkg/types/vote.pb.go:572.21,574.5 1 0
github.com/piplabs/story/client/x/dkg/types/vote.pb.go:575.4,576.39 2 0
github.com/piplabs/story/client/x/dkg/types/vote.pb.go:576.39,577.20 1 0
github.com/piplabs/story/client/x/dkg/types/vote.pb.go:577.20,579.6 1 0
github.com/piplabs/story/client/x/dkg/types/vote.pb.go:580.5,580.19 1 0
github.com/piplabs/story/client/x/dkg/types/vote.pb.go:580.19,582.6 1 0
github.com/piplabs/story/client/x/dkg/types/vote.pb.go:583.5,586.17 4 0
github.com/piplabs/story/client/x/dkg/types/vote.pb.go:586.17,587.11 1 0
github.com/piplabs/story/client/x/dkg/types/vote.pb.go:590.4,590.18 1 0
github.com/piplabs/story/client/x/dkg/types/vote.pb.go:590.18,592.5 1 0
github.com/piplabs/story/client/x/dkg/types/vote.pb.go:593.4,594.21 2 0
github.com/piplabs/story/client/x/dkg/types/vote.pb.go:594.21,596.5 1 0
github.com/piplabs/story/client/x/dkg/types/vote.pb.go:597.4,597.21 1 0
github.com/piplabs/story/client/x/dkg/types/vote.pb.go:597.21,599.5 1 0
github.com/piplabs/story/client/x/dkg/types/vote.pb.go:600.4,601.91 2 0
github.com/piplabs/story/client/x/dkg/types/vote.pb.go:601.91,603.5 1 0
github.com/piplabs/story/client/x/dkg/types/vote.pb.go:604.4,604.21 1 0
github.com/piplabs/story/client/x/dkg/types/vote.pb.go:605.10,606.21 1 0
github.com/piplabs/story/client/x/dkg/types/vote.pb.go:606.21,608.5 1 0
github.com/piplabs/story/client/x/dkg/types/vote.pb.go:609.4,610.39 2 0
github.com/piplabs/story/client/x/dkg/types/vote.pb.go:610.39,611.20 1 0
github.com/piplabs/story/client/x/dkg/types/vote.pb.go:611.20,613.6 1 0
github.com/piplabs/story/client/x/dkg/types/vote.pb.go:614.5,614.19 1 0
github.com/piplabs/story/client/x/dkg/types/vote.pb.go:614.19,616.6 1 0
github.com/piplabs/story/client/x/dkg/types/vote.pb.go:617.5,620.17 4 0
github.com/piplabs/story/client/x/dkg/types/vote.pb.go:620.17,621.11 1 0
github.com/piplabs/story/client/x/dkg/types/vote.pb.go:624.4,624.18 1 0
github.com/piplabs/story/client/x/dkg/types/vote.pb.go:624.18,626.5 1 0
github.com/piplabs/story/client/x/dkg/types/vote.pb.go:627.4,628.21 2 0
github.com/piplabs/story/client/x/dkg/types/vote.pb.go:628.21,630.5 1 0
github.com/piplabs/story/client/x/dkg/types/vote.pb.go:631.4,631.21 1 0
github.com/piplabs/story/client/x/dkg/types/vote.pb.go:631.21,633.5 1 0
github.com/piplabs/story/client/x/dkg/types/vote.pb.go:634.4,635.101 2 0
github.com/piplabs/story/client/x/dkg/types/vote.pb.go:635.101,637.5 1 0
github.com/piplabs/story/client/x/dkg/types/vote.pb.go:638.4,638.21 1 0
github.com/piplabs/story/client/x/dkg/types/vote.pb.go:639.11,642.18 3 0
github.com/piplabs/story/client/x/dkg/types/vote.pb.go:642.18,644.5 1 0
github.com/piplabs/story/client/x/dkg/types/vote.pb.go:645.4,645.42 1 0
github.com/piplabs/story/client/x/dkg/types/vote.pb.go:645.42,647.5 1 0
github.com/piplabs/story/client/x/dkg/types/vote.pb.go:648.4,648.28 1 0
github.com/piplabs/story/client/x/dkg/types/vote.pb.go:648.28,650.5 1 0
github.com/piplabs/story/client/x/dkg/types/vote.pb.go:651.4,651.19 1 0
github.com/piplabs/story/client/x/dkg/types/vote.pb.go:655.2,655.15 1 0
github.com/piplabs/story/client/x/dkg/types/vote.pb.go:655.15,657.3 1 0
github.com/piplabs/story/client/x/dkg/types/vote.pb.go:658.2,658.12 1 0
github.com/piplabs/story/client/x/dkg/types/vote.pb.go:660.54,663.16 3 0
github.com/piplabs/story/client/x/dkg/types/vote.pb.go:663.16,666.38 3 0
github.com/piplabs/story/client/x/dkg/types/vote.pb.go:666.38,667.19 1 0
github.com/piplabs/story/client/x/dkg/types/vote.pb.go:667.19,669.5 1 0
github.com/piplabs/story/client/x/dkg/types/vote.pb.go:670.4,670.18 1 0
github.com/piplabs/story/client/x/dkg/types/vote.pb.go:670.18,672.5 1 0
github.com/piplabs/story/client/x/dkg/types/vote.pb.go:673.4,676.16 4 0
github.com/piplabs/story/client/x/dkg/types/vote.pb.go:676.16,677.10 1 0
github.com/piplabs/story/client/x/dkg/types/vote.pb.go:680.3,682.20 3 0
github.com/piplabs/story/client/x/dkg/types/vote.pb.go:682.20,684.4 1 0
github.com/piplabs/story/client/x/dkg/types/vote.pb.go:685.3,685.20 1 0
github.com/piplabs/story/client/x/dkg/types/vote.pb.go:685.20,687.4 1 0
github.com/piplabs/story/client/x/dkg/types/vote.pb.go:688.3,688.19 1 0
github.com/piplabs/story/client/x/dkg/types/vote.pb.go:689.10,690.21 1 0
github.com/piplabs/story/client/x/dkg/types/vote.pb.go:690.21,692.5 1 0
github.com/piplabs/story/client/x/dkg/types/vote.pb.go:693.4,694.39 2 0
github.com/piplabs/story/client/x/dkg/types/vote.pb.go:694.39,695.20 1 0
github.com/piplabs/story/client/x/dkg/types/vote.pb.go:695.20,697.6 1 0
github.com/piplabs/story/client/x/dkg/types/vote.pb.go:698.5,698.19 1 0
github.com/piplabs/story/client/x/dkg/types/vote.pb.go:698.19,700.6 1 0
github.com/piplabs/story/client/x/dkg/types/vote.pb.go:701.5,704.17 4 0
github.com/piplabs/story/client/x/dkg/types/vote.pb.go:704.17,705.11 1 0
github.com/piplabs/story/client/x/dkg/types/vote.pb.go:708.4,709.24 2 0
github.com/piplabs/story/client/x/dkg/types/vote.pb.go:709.24,711.5 1 0
github.com/piplabs/story/client/x/dkg/types/vote.pb.go:712.4,713.21 2 0
github.com/piplabs/story/client/x/dkg/types/vote.pb.go:713.21,715.5 1 0
github.com/piplabs/story/client/x/dkg/types/vote.pb.go:716.4,716.21 1 0
github.com/piplabs/story/client/x/dkg/types/vote.pb.go:716.21,718.5 1 0
github.com/piplabs/story/client/x/dkg/types/vote.pb.go:719.4,720.21 2 0
github.com/piplabs/story/client/x/dkg/types/vote.pb.go:721.10,722.21 1 0
github.com/piplabs/story/client/x/dkg/types/vote.pb.go:722.21,724.5 1 0
github.com/piplabs/story/client/x/dkg/types/vote.pb.go:725.4,726.39 2 0
github.com/piplabs/story/client/x/dkg/types/vote.pb.go:726.39,727.20 1 0
github.com/piplabs/story/client/x/dkg/types/vote.pb.go:727.20,729.6 1 0
github.com/piplabs/story/client/x/dkg/types/vote.pb.go:730.5,730.19 1 0
github.com/piplabs/story/client/x/dkg/types/vote.pb.go:730.19,732.6 1 0
github.com/piplabs/story/client/x/dkg/types/vote.pb.go:733.5,736.17 4 0
github.com/piplabs/story/client/x/dkg/types/vote.pb.go:736.17,737.11 1 0
github.com/piplabs/story/client/x/dkg/types/vote.pb.go:740.4,740.18 1 0
github.com/piplabs/story/client/x/dkg/types/vote.pb.go:740.18,742.5 1 0
github.com/piplabs/story/client/x/dkg/types/vote.pb.go:743.4,744.21 2 0
github.com/piplabs/story/client/x/dkg/types/vote.pb.go:744.21,746.5 1 0
github.com/piplabs/story/client/x/dkg/types/vote.pb.go:747.4,747.21 1 0
github.com/piplabs/story/client/x/dkg/types/vote.pb.go:747.21,749.5 1 0
github.com/piplabs/story/client/x/dkg/types/vote.pb.go:750.4,750.21 1 0
github.com/piplabs/story/client/x/dkg/types/vote.pb.go:750.21,752.5 1 0
github.com/piplabs/story/client/x/dkg/types/vote.pb.go:753.4,753.66 1 0
github.com/piplabs/story/client/x/dkg/types/vote.pb.go:753.66,755.5 1 0
github.com/piplabs/story/client/x/dkg/types/vote.pb.go:756.4,756.21 1 0
github.com/piplabs/story/client/x/dkg/types/vote.pb.go:757.11,760.18 3 0
github.com/piplabs/story/client/x/dkg/types/vote.pb.go:760.18,762.5 1 0
github.com/piplabs/story/client/x/dkg/types/vote.pb.go:763.4,763.42 1 0
github.com/piplabs/story/client/x/dkg/types/vote.pb.go:763.42,765.5 1 0
github.com/piplabs/story/client/x/dkg/types/vote.pb.go:766.4,766.28 1 0
github.com/piplabs/story/client/x/dkg/types/vote.pb.go:766.28,768.5 1 0
github.com/piplabs/story/client/x/dkg/types/vote.pb.go:769.4,769.19 1 0
github.com/piplabs/story/client/x/dkg/types/vote.pb.go:773.2,773.15 1 0
github.com/piplabs/story/client/x/dkg/types/vote.pb.go:773.15,775.3 1 0
github.com/piplabs/story/client/x/dkg/types/vote.pb.go:776.2,776.12 1 0
github.com/piplabs/story/client/x/dkg/types/vote.pb.go:778.59,781.16 3 0
github.com/piplabs/story/client/x/dkg/types/vote.pb.go:781.16,784.38 3 0
github.com/piplabs/story/client/x/dkg/types/vote.pb.go:784.38,785.19 1 0
github.com/piplabs/story/client/x/dkg/types/vote.pb.go:785.19,787.5 1 0
github.com/piplabs/story/client/x/dkg/types/vote.pb.go:788.4,788.18 1 0
github.com/piplabs/story/client/x/dkg/types/vote.pb.go:788.18,790.5 1 0
github.com/piplabs/story/client/x/dkg/types/vote.pb.go:791.4,794.16 4 0
github.com/piplabs/story/client/x/dkg/types/vote.pb.go:794.16,795.10 1 0
github.com/piplabs/story/client/x/dkg/types/vote.pb.go:798.3,800.20 3 0
github.com/piplabs/story/client/x/dkg/types/vote.pb.go:800.20,802.4 1 0
github.com/piplabs/story/client/x/dkg/types/vote.pb.go:803.3,803.20 1 0
github.com/piplabs/story/client/x/dkg/types/vote.pb.go:803.20,805.4 1 0
github.com/piplabs/story/client/x/dkg/types/vote.pb.go:806.3,806.19 1 0
github.com/piplabs/story/client/x/dkg/types/vote.pb.go:807.11,810.18 3 0
github.com/piplabs/story/client/x/dkg/types/vote.pb.go:810.18,812.5 1 0
github.com/piplabs/story/client/x/dkg/types/vote.pb.go:813.4,813.42 1 0
github.com/piplabs/story/client/x/dkg/types/vote.pb.go:813.42,815.5 1 0
github.com/piplabs/story/client/x/dkg/types/vote.pb.go:816.4,816.28 1 0
github.com/piplabs/story/client/x/dkg/types/vote.pb.go:816.28,818.5 1 0
github.com/piplabs/story/client/x/dkg/types/vote.pb.go:819.4,819.19 1 0
github.com/piplabs/story/client/x/dkg/types/vote.pb.go:823.2,823.15 1 0
github.com/piplabs/story/client/x/dkg/types/vote.pb.go:823.15,825.3 1 0
github.com/piplabs/story/client/x/dkg/types/vote.pb.go:826.2,826.12 1 0
github.com/piplabs/story/client/x/dkg/types/vote.pb.go:828.47,832.16 4 0
github.com/piplabs/story/client/x/dkg/types/vote.pb.go:832.16,834.38 2 0
github.com/piplabs/story/client/x/dkg/types/vote.pb.go:834.38,835.19 1 0
github.com/piplabs/story/client/x/dkg/types/vote.pb.go:835.19,837.5 1 0
github.com/piplabs/story/client/x/dkg/types/vote.pb.go:838.4,838.18 1 0
github.com/piplabs/story/client/x/dkg/types/vote.pb.go:838.18,840.5 1 0
github.com/piplabs/story/client/x/dkg/types/vote.pb.go:841.4,844.16 4 0
github.com/piplabs/story/client/x/dkg/types/vote.pb.go:844.16,845.10 1 0
github.com/piplabs/story/client/x/dkg/types/vote.pb.go:848.3,849.19 2 0
github.com/piplabs/story/client/x/dkg/types/vote.pb.go:850.10,851.39 1 0
github.com/piplabs/story/client/x/dkg/types/vote.pb.go:851.39,852.20 1 0
github.com/piplabs/story/client/x/dkg/types/vote.pb.go:852.20,854.6 1 0
github.com/piplabs/story/client/x/dkg/types/vote.pb.go:855.5,855.19 1 0
github.com/piplabs/story/client/x/dkg/types/vote.pb.go:855.19,857.6 1 0
github.com/piplabs/story/client/x/dkg/types/vote.pb.go:858.5,859.29 2 0
github.com/piplabs/story/client/x/dkg/types/vote.pb.go:859.29,860.11 1 0
github.com/piplabs/story/client/x/dkg/types/vote.pb.go:863.10,864.14 1 0
github.com/piplabs/story/client/x/dkg/types/vote.pb.go:865.10,867.39 2 0
github.com/piplabs/story/client/x/dkg/types/vote.pb.go:867.39,868.20 1 0
github.com/piplabs/story/client/x/dkg/types/vote.pb.go:868.20,870.6 1 0
github.com/piplabs/story/client/x/dkg/types/vote.pb.go:871.5,871.19 1 0
github.com/piplabs/story/client/x/dkg/types/vote.pb.go:871.19,873.6 1 0
github.com/piplabs/story/client/x/dkg/types/vote.pb.go:874.5,877.17 4 0
github.com/piplabs/story/client/x/dkg/types/vote.pb.go:877.17,878.11 1 0
github.com/piplabs/story/client/x/dkg/types/vote.pb.go:881.4,881.18 1 0
github.com/piplabs/story/client/x/dkg/types/vote.pb.go:881.18,883.5 1 0
github.com/piplabs/story/client/x/dkg/types/vote.pb.go:884.4,884.19 1 0
github.com/piplabs/story/client/x/dkg/types/vote.pb.go:885.10,886.11 1 0
github.com/piplabs/story/client/x/dkg/types/vote.pb.go:887.10,888.18 1 0
github.com/piplabs/story/client/x/dkg/types/vote.pb.go:888.18,890.5 1 0
github.com/piplabs/story/client/x/dkg/types/vote.pb.go:891.4,891.11 1 0
github.com/piplabs/story/client/x/dkg/types/vote.pb.go:892.10,893.14 1 0
github.com/piplabs/story/client/x/dkg/types/vote.pb.go:894.11,895.64 1 0
github.com/piplabs/story/client/x/dkg/types/vote.pb.go:897.3,897.16 1 0
github.com/piplabs/story/client/x/dkg/types/vote.pb.go:897.16,899.4 1 0
github.com/piplabs/story/client/x/dkg/types/vote.pb.go:900.3,900.17 1 0
github.com/piplabs/story/client/x/dkg/types/vote.pb.go:900.17,902.4 1 0
github.com/piplabs/story/client/x/dkg/types/vote.pb.go:904.2,904.31 1 0
